facility,type,sev,var,bandwidth,bw_share,global_beta,global_p,mean,sd,min,median,max,pct_sig_pos,pct_sig_neg,crit_t
int,ALL,KAB,Intercept,128.0,0.261758691206544,-2.6631240705031304e-16,0.9999999999999949,-2.4489204132091253,4.45604188376736,-10.667699941132836,-0.026501525149741672,0.18935806122724813,0.0,35.173824130879346,2.5456790734651893
int,ALL,KAB,lanes,487.0,0.9959100204498977,-0.1048146845084658,0.036075472925026136,-0.12708006703488353,0.013144388426175423,-0.14355160322315966,-0.11557630087007652,-0.11515372608156534,0.0,0.0,2.1303463747580067
int,ALL,KAB,speed10,72.0,0.147239263803681,-0.12264078450034145,0.015646325508289576,-0.17735089103623772,0.37143684758202616,-1.9908022902955476,-0.15579518294062875,0.2617525880617978,0.0,5.930470347648262,2.9236658806121434
int,ALL,KAB,x_LU_MXDUSE,470.0,0.9611451942740287,0.046053417870373335,0.30462388400374235,0.04007906126386441,0.06884118201355975,-0.029374296810809834,-0.012398518537648767,0.1252114698751711,2.2494887525562373,0.0,2.215665162930365
int,ALL,KAB,x_LU_GASSTNS,44.0,0.08997955010224949,0.2596389063596641,2.6816661601803135e-09,-5.823479235102864,10.950268962694755,-27.910990507721536,0.0864635358289389,1.2807625801798543,6.748466257668712,0.0,3.046210345977429
int,ALL,KAB,x_LU_SUPERMKTS,183.0,0.37423312883435583,0.060576562254277086,0.16618810905031467,0.03757764457364766,0.10407271221543712,-0.07511139657412588,-0.02126320650501764,0.2550574085801498,17.586912065439673,0.0,2.489584819119687
int,ALL,KAB,x_LU_COMMSHOPCNTRS,221.0,0.45194274028629855,0.1472302241603837,0.0014689529531281924,0.18121172393107998,0.10626921475594217,0.027009739641861822,0.22018617030324303,0.2732605637916069,67.07566462167689,0.0,2.3693574232784793
int,ALL,KAB,x_LU_FASTFOOD,487.0,0.9959100204498977,0.11496270945937187,0.008012553037730767,0.10982237934502156,0.026536744119425186,0.07560718052615199,0.1278745400094362,0.14146135216485378,55.623721881390594,0.0,2.248253828324271
int,ALL,KAB,x_LU_RESTOS,272.0,0.556237218813906,-0.13020048193573658,0.0029806466639497667,-0.09975705633861993,0.1027224689005926,-0.19957877122317735,-0.08920075293708105,0.07040606481766809,0.0,44.376278118609406,2.395852668101283
int,ALL,KAB,x_LU_OFFBLDGS,272.0,0.556237218813906,-0.10696610660365381,0.016709630286080482,-0.10228414826409775,0.07176691090532009,-0.2001434035617624,-0.0751182054485833,-0.011462102922108204,0.0,0.0,2.3919534022044475
int,ALL,KAB,x_LU_BANKINS,487.0,0.9959100204498977,0.021219970666855086,0.6288918371184482,0.06595090572387197,0.0380800235963605,0.02854824730193768,0.03620366416401323,0.10889081978895587,0.0,0.0,2.257329315207517
int,ALL,KAB,x_LU_AUTOSALSER,487.0,0.9959100204498977,0.04837386102774185,0.27073104463895564,0.03180673955060069,0.016676823971334905,0.007299998599381161,0.02395393174566003,0.05099969829823654,0.0,0.0,2.2383028752339347
int,ALL,KAB,x_LU_SINGLESTORE,487.0,0.9959100204498977,0.04515352848493168,0.305651883962616,0.040455711016886615,0.028277338204337966,0.004689471528154806,0.06083116780807157,0.07177584311346952,0.0,0.0,2.2332549348277873
int,ALL,KAB,x_LU_INDUSTRIAL,487.0,0.9959100204498977,-0.06143090423552552,0.16852969687533295,-0.06632823857350634,0.015165985525560333,-0.08565743984032484,-0.06039635373866406,-0.046934311735387646,0.0,0.0,2.2569262672833967
int,ALL,TOT,Intercept,44.0,0.08997955010224949,-3.6670967859657314e-17,0.9999999999999993,-0.02148684760515653,0.49234689444219176,-1.2580039898974475,0.0879193023462347,0.7578165122059288,12.474437627811861,16.56441717791411,3.094372530179559
int,ALL,TOT,lanes,487.0,0.9959100204498977,-0.08170235321839944,0.09160035383807072,-0.18919053094571756,0.030935466413869718,-0.2294220855846736,-0.1675977318229308,-0.1524375390013357,0.0,100.0,2.1521648538603917
int,ALL,TOT,speed10,487.0,0.9959100204498977,-0.1326233944166269,0.007047484879242121,-0.02604245589409777,0.008961698499229767,-0.04119061228032817,-0.02226328666056433,-0.016758732117064058,0.0,0.0,2.2176897717109987
int,ALL,TOT,x_LU_MXDUSE,413.0,0.8445807770961146,0.010476240128372174,0.8095175442300173,-0.008332895727480288,0.09487590010259381,-0.09628461235065527,-0.08859615099351412,0.10956985946460072,0.0,0.0,2.2371925016479164
int,ALL,TOT,x_LU_GASSTNS,487.0,0.9959100204498977,0.3305002438197691,1.222963893820862e-14,0.18367071908542545,0.09391337828741983,0.06574435479637213,0.14747178743493478,0.28621168660356217,47.648261758691206,0.0,2.1945329265011906
int,ALL,TOT,x_LU_SUPERMKTS,487.0,0.9959100204498977,0.06917705950837208,0.10297784656365874,0.060122504642278606,0.06568119347158725,-0.0007841937708621099,0.004530799374891718,0.13468870206879596,44.376278118609406,0.0,2.237015092610224
int,ALL,TOT,x_LU_COMMSHOPCNTRS,487.0,0.9959100204498977,0.12738025933987487,0.004480977529795051,0.15790054483424038,0.04533490845076245,0.10700303696164336,0.12997733576708909,0.20945716265939043,67.280163599182,0.0,2.2413122403757284
int,ALL,TOT,x_LU_FASTFOOD,487.0,0.9959100204498977,0.12908994559165818,0.0021561257408429222,0.1258231255371279,0.03844767254615463,0.0773422229784967,0.1540604002962406,0.1678562613771639,55.623721881390594,0.0,2.2485880282962145
int,ALL,TOT,x_LU_RESTOS,272.0,0.556237218813906,-0.11289520978698984,0.007836230243968213,-0.05608517821292974,0.06385748006281637,-0.12626554209427765,-0.06058675367000854,0.05200255303306552,0.0,0.0,2.3967254344252265
int,ALL,TOT,x_LU_OFFBLDGS,487.0,0.9959100204498977,-0.05369818926176037,0.21418956300679368,-0.046274382149074124,0.011825126676046143,-0.06566014086802957,-0.043593739411074396,-0.03426159183126685,0.0,0.0,2.250897787274677
int,ALL,TOT,x_LU_BANKINS,487.0,0.9959100204498977,0.06569302904216039,0.12311675428466899,0.09868396453488093,0.006370257412243765,0.09117127200310826,0.09414421853330059,0.10673818919538819,0.0,0.0,2.2599918410633095
int,ALL,TOT,x_LU_AUTOSALSER,215.0,0.4396728016359918,0.0400077596476172,0.34725787711993505,0.046247527931658136,0.07064000758730352,-0.06696729663551661,0.0710250019977972,0.1697357298925098,0.0,0.0,2.4581440333719744
int,ALL,TOT,x_LU_SINGLESTORE,487.0,0.9959100204498977,0.10166743545809642,0.017604636389326966,0.133014683401774,0.015040402771443463,0.11377600055669675,0.14400876014455716,0.14830111660970502,55.623721881390594,0.0,2.236487604268484
int,ALL,TOT,x_LU_INDUSTRIAL,487.0,0.9959100204498977,-0.1180435441960663,0.006493066749416443,-0.10464737706505402,0.018400004543719505,-0.12532910609569525,-0.1018602041494088,-0.07785662141463427,0.0,47.034764826175866,2.260117812473339
int,ALL,KSI,Intercept,487.0,0.9959100204498977,7.408512331535564e-17,0.9999999999999987,-0.013540608505922824,0.08939436044352439,-0.10216477829610626,-0.08159206035558375,0.08864009803868805,0.0,0.0,2.2186507197949887
int,ALL,KSI,lanes,487.0,0.9959100204498977,-0.07733437319936227,0.13064905696387308,-0.0915655925779843,0.013777172503113137,-0.10888086018328083,-0.07956434795240387,-0.07871534269444891,0.0,0.0,2.1488829830404894
int,ALL,KSI,speed10,55.0,0.11247443762781185,-0.07925221248860294,0.12657709040972284,-0.14781149938552965,0.369755298954595,-1.5771744875206806,-0.17410546006025593,0.729714274048979,2.658486707566462,2.4539877300613497,3.0298964077478487
int,ALL,KSI,x_LU_MXDUSE,487.0,0.9959100204498977,0.008099480298394792,0.8600116614836928,0.035011858470245905,0.03754704065081723,-0.006384048244716725,0.009706108849395146,0.08091179036196389,0.0,0.0,2.210590081406013
int,ALL,KSI,x_LU_GASSTNS,487.0,0.9959100204498977,0.20868726643389512,2.5745568504259723e-06,0.18003665512771222,0.01870084213659939,0.15503546444742128,0.16987759295129035,0.21066991596513115,44.376278118609406,0.0,2.2086496809223233
int,ALL,KSI,x_LU_SUPERMKTS,468.0,0.9570552147239264,0.03334804921315416,0.4564652025251373,0.07926491244716623,0.1273173749202412,-0.04185769967566087,-0.024747191042184046,0.22459025726268497,44.376278118609406,0.0,2.247900752078438
int,ALL,KSI,x_LU_COMMSHOPCNTRS,487.0,0.9959100204498977,0.13425573199220764,0.004585282510851359,0.14349013360103094,0.07012793522171033,0.07342244772951867,0.08852135299891588,0.22436902132362654,44.376278118609406,0.0,2.2451843597918266
int,ALL,KSI,x_LU_FASTFOOD,274.0,0.5603271983640081,0.09670244111948004,0.0292478979049734,0.08692573867641329,0.07487265172820542,0.006218714946902306,0.1165136698076332,0.20935380378964988,47.85276073619632,0.0,2.3197465856139483
int,ALL,KSI,x_LU_RESTOS,487.0,0.9959100204498977,-0.1462543175646597,0.0011388056733119582,-0.13684200367289345,0.037221705446899025,-0.18002466831795857,-0.10379728993252375,-0.10332663902619052,0.0,44.376278118609406,2.247597957906306
int,ALL,KSI,x_LU_OFFBLDGS,487.0,0.9959100204498977,-0.1351471659569534,0.003206457836128414,-0.17152716164599105,0.06530753404204033,-0.2468918366379753,-0.20783302800434506,-0.09732985583039654,0.0,55.623721881390594,2.2523537776003426
int,ALL,KSI,x_LU_BANKINS,487.0,0.9959100204498977,-0.01960168512848556,0.662939609291655,0.01412391591527625,0.07122901589407864,-0.05138925037278251,-0.0485577885633913,0.09543717616554465,0.0,0.0,2.262079092665131
int,ALL,KSI,x_LU_AUTOSALSER,487.0,0.9959100204498977,0.014166413416001873,0.7526998389017001,0.01930438265182387,0.025635933654964905,-0.013110322188779116,0.03036416639611182,0.057429675562318955,0.0,0.0,2.244639267479611
int,ALL,KSI,x_LU_SINGLESTORE,487.0,0.9959100204498977,0.05110477163036563,0.2577261494389293,0.03456087069366047,0.05664354001266505,-0.035717425827609846,0.07631819390564291,0.09632167992987643,0.0,0.0,2.2451936487319277
int,ALL,KSI,x_LU_INDUSTRIAL,487.0,0.9959100204498977,-0.03602746248573414,0.43015581684428317,-0.056561006907860166,0.009304938079725161,-0.06783996125826781,-0.06150620040989958,-0.044120847588718363,0.0,0.0,2.260479115835651
int,PED,KAB,Intercept,274.0,0.5603271983640081,-1.224391036175074e-15,0.9999999999999762,0.019740353281985985,0.08995341839155768,-0.09356570105543753,-0.013310159050095763,0.11633175521690044,0.0,0.0,2.3042062304412045
int,PED,KAB,lanes,487.0,0.9959100204498977,-0.012308028261187738,0.801220610283515,-0.037384274309560275,0.024304849913066896,-0.06705077442315407,-0.024840709846300654,-0.008396642392227878,0.0,0.0,2.1536350487410116
int,PED,KAB,speed10,103.0,0.21063394683026584,-0.2117484474265962,2.317153328710106e-05,-0.2707905029072479,0.17246656821683562,-0.5815220507572347,-0.25935078230498143,0.041477467955025965,0.0,23.721881390593047,2.8078453180370384
int,PED,KAB,x_LU_MXDUSE,487.0,0.9959100204498977,-8.59437476356938e-05,0.9984391670834499,0.012241652095747152,0.03131119261878749,-0.025010180100629633,-0.005438299839614771,0.04747234439482741,0.0,0.0,2.211525338005085
int,PED,KAB,x_LU_GASSTNS,474.0,0.9693251533742331,0.2673219428358807,4.371037646552764e-10,0.20039539468395642,0.07065984674102786,0.13435643165383457,0.14037091962664897,0.2818256620273757,44.376278118609406,0.0,2.2158345970426923
int,PED,KAB,x_LU_SUPERMKTS,487.0,0.9959100204498977,0.037859342146107644,0.3768915326964057,0.04468861473766032,0.04108281708698948,-0.0030841743447722805,0.07767649277934169,0.08539648526642253,0.0,0.0,2.2387428230161244
int,PED,KAB,x_LU_COMMSHOPCNTRS,175.0,0.35787321063394684,0.14913155912407106,0.001013155422163772,0.1319993578699274,0.03973783215092963,-0.017894289109424,0.13210049285399703,0.18880336360520183,0.0,0.0,2.5127208832439876
int,PED,KAB,x_LU_FASTFOOD,71.0,0.14519427402862986,0.11700747825222005,0.0058985903144695906,0.14246056144452554,0.2485007661808112,-0.28004607361412337,0.12575374267384698,0.9970873377905709,12.474437627811861,0.0,2.927893463961718
int,PED,KAB,x_LU_RESTOS,487.0,0.9959100204498977,-0.0055301377469629985,0.8970982229772732,0.03484825341960067,0.05187820818159845,-0.01376808890035886,-0.009022422340362001,0.09823083638931566,0.0,0.0,2.246836074284013
int,PED,KAB,x_LU_OFFBLDGS,487.0,0.9959100204498977,-0.0880624364476463,0.04417831701123824,-0.10447953802457394,0.01827573426583944,-0.13543533217071246,-0.10107035710533208,-0.07113822509004139,0.0,0.0,2.252289610071755
int,PED,KAB,x_LU_BANKINS,487.0,0.9959100204498977,0.014078263798413742,0.7434821165761318,0.018755820706450974,0.08446729414691156,-0.062481241853857936,-0.048775344742288965,0.11439893492189193,0.0,0.0,2.259875871644298
int,PED,KAB,x_LU_AUTOSALSER,487.0,0.9959100204498977,0.024556149236979352,0.5680984248730759,0.011326880067462124,0.009327720391655097,-0.00798410961768053,0.012707527500131278,0.021615791538937355,0.0,0.0,2.2436142552551805
int,PED,KAB,x_LU_SINGLESTORE,487.0,0.9959100204498977,0.13044738063609915,0.002633733887965233,0.09699560027576776,0.030129077094252908,0.05978683532675797,0.11143404866388194,0.13889484836454458,22.699386503067483,0.0,2.2426736095748323
int,PED,KAB,x_LU_INDUSTRIAL,487.0,0.9959100204498977,-0.003077812721644183,0.9438150285020459,-0.01233636329447722,0.03790346072785255,-0.052030823519241105,-0.04231854529663714,0.035241317288336745,0.0,0.0,2.2618040958896883
seg,ALL,KAB,Intercept,44.0,0.1317365269461078,3.972516759986888e-16,0.9999999999999934,0.31574209948729914,0.6140742251357674,-0.8647702089432119,0.22554896046781278,1.5595709753537395,25.449101796407188,11.077844311377245,2.9570103372754044
seg,ALL,KAB,lanes,294.0,0.8802395209580839,-0.09338877827614873,0.09721581219839641,-0.23700695917143288,0.12744772381588676,-0.38885453520307417,-0.11916078108032366,-0.11336790225427258,0.0,47.00598802395209,2.2284873485546735
seg,ALL,KAB,speed10,158.0,0.47305389221556887,-0.2620370810306503,1.1964549629130782e-05,-0.15912423475172274,0.17377933536224405,-0.35408232389911415,-0.1582837847495662,0.1802740072379554,0.0,33.83233532934132,2.3942870886065557
seg,ALL,KAB,int_per_mile,147.0,0.44011976047904194,0.11822832389511936,0.05057103829933063,0.10738742713784744,0.16432651061280443,-0.024200349923173495,0.03269528985988066,0.4391247823502286,0.0,0.0,2.4484032830150477
seg,ALL,KAB,x_LU_MXDUSE,223.0,0.6676646706586826,0.051681490329307904,0.3238787682074774,0.06587432133856004,0.05480004072684421,0.008061319653244275,0.10378770694513645,0.14249395447023644,0.0,0.0,2.2889470614558367
seg,ALL,KAB,x_LU_GASSTNS,124.0,0.3712574850299401,0.047511459252225795,0.3903399388016692,0.3528359813880654,0.42618553167425166,-0.07857496654974393,0.31099584003045755,1.174341235416478,10.179640718562874,0.0,2.430069483842223
seg,ALL,KAB,x_LU_SUPERMKTS,332.0,0.9940119760479041,0.12841237240643827,0.0194408894494718,0.13051634888378932,0.010869708574735782,0.117776194561435,0.1247510170872998,0.14291042502497633,39.52095808383233,0.0,2.223368084784912
seg,ALL,KAB,x_LU_COMMSHOPCNTRS,332.0,0.9940119760479041,0.10726853995218819,0.0648412842918321,0.11463774523708964,0.006126818850732384,0.10699171928798086,0.1110163579462503,0.121896677899452,0.0,0.0,2.201695757843756
seg,ALL,KAB,x_LU_FASTFOOD,332.0,0.9940119760479041,0.06690272074164211,0.23425377285008406,0.04391710046097173,0.00703402034980095,0.036238226270550754,0.048267542970747986,0.05200234634471651,0.0,0.0,2.245420526831562
seg,ALL,KAB,x_LU_RESTOS,178.0,0.5329341317365269,-0.017850323756818116,0.7569993740311969,-0.0014478730145951993,0.037987860880016155,-0.03621063312988429,0.0031953557461216224,0.08438991991683108,0.0,0.0,2.313424708385636
seg,ALL,KAB,x_LU_HOTELS,332.0,0.9940119760479041,-0.006486021056249906,0.9027483300013979,0.03506001971702986,0.045621728593737816,-0.014021285275991098,0.0030484098523690236,0.08369062842336257,0.0,0.0,2.2368721815558144
seg,ALL,KAB,x_LU_OFFBLDGS,332.0,0.9940119760479041,-0.11276049350989416,0.02966414747958545,-0.11481619906680456,0.0070588241374047525,-0.12501815554551834,-0.11434767761866019,-0.1046731142336302,0.0,30.83832335329341,2.2543328107597023
seg,ALL,KAB,x_LU_DEPTSTRS,332.0,0.9940119760479041,0.010957889550584337,0.8339713714378049,0.040880107758481866,0.02615560630537726,0.011097898385801866,0.02490285473371301,0.06966721318137044,0.0,0.0,2.242728258929005
seg,ALL,KAB,x_LU_BANKINS,332.0,0.9940119760479041,-0.0450602400302421,0.40349769815123043,0.0059539711575026825,0.012983007604826092,-0.010850451354243592,0.014695908825341813,0.024302384368893874,0.0,0.0,2.258191494916373
seg,ALL,KAB,x_LU_AUTOSALSER,332.0,0.9940119760479041,0.08724164442624534,0.18801230015581374,0.11736874117505361,0.011675862957847937,0.09481156585807281,0.1145682132184139,0.1310430017445992,0.0,0.0,2.223775514682719
seg,ALL,KAB,x_LU_SINGLESTORE,332.0,0.9940119760479041,0.02891548109736293,0.6690244353108533,0.02620988411133908,0.05672516150903026,-0.036260004079390576,-0.011320987497204876,0.08669912732576845,0.0,0.0,2.2010975626609874
seg,ALL,KAB,x_LU_PARKSREC,332.0,0.9940119760479041,-0.18481845243887815,0.0007305920813935972,-0.006821927735479529,0.018948345551153937,-0.026027139299934044,-0.022023641190715655,0.017507081061626777,0.0,0.0,2.246726508312445
seg,ALL,KAB,x_LU_SCHOOLS,130.0,0.38922155688622756,0.01803216934283729,0.7195306968596945,0.007864329392256874,0.16039167930989134,-0.26120717439455127,0.05205957787175454,0.2353896139057026,0.0,24.251497005988025,2.525877659072007
seg,ALL,KAB,x_LU_INDUSTRIAL,332.0,0.9940119760479041,-0.08900765109555024,0.1255306324674157,-0.09951937509578808,0.0284473530283866,-0.1345170557488492,-0.12214197570862967,-0.06603502413755191,0.0,0.0,2.2605572366439586
seg,ALL,TOT,Intercept,44.0,0.1317365269461078,4.562322741819003e-16,0.9999999999999922,0.27156267845948223,0.5404202744744099,-0.7435483528937306,0.35493100104051295,1.3046260711896975,17.365269461077844,8.982035928143713,2.9504334602870586
seg,ALL,TOT,lanes,298.0,0.8922155688622755,-0.0832991439136961,0.12314621033381516,-0.18992902859569757,0.13230153177914888,-0.3442699132644465,-0.06671230411238824,-0.06314532883534578,0.0,47.00598802395209,2.223172662976935
seg,ALL,TOT,speed10,158.0,0.47305389221556887,-0.3127297895282559,6.651771709172638e-08,-0.21708985986138307,0.12031392798291934,-0.37899467841139706,-0.17681908871601687,-0.029847769034678354,0.0,77.84431137724552,2.397931699481391
seg,ALL,TOT,int_per_mile,223.0,0.6676646706586826,0.19290654407894775,0.0009504774102495709,0.23415068626414645,0.1295517411918786,0.095166389131464,0.32904388460110007,0.4027263377433993,52.99401197604791,0.0,2.2718696595678223
seg,ALL,TOT,x_LU_MXDUSE,178.0,0.5329341317365269,0.03715600680676229,0.45979244595480473,0.06470574962811038,0.069634661399872,-0.011756062238577324,0.10661374426000796,0.1755575790894732,18.862275449101794,0.0,2.308868953767033
seg,ALL,TOT,x_LU_GASSTNS,117.0,0.3502994011976048,0.06043464639297094,0.25516922679747334,0.3572251399727257,0.41328440032917785,-0.01969567286055522,0.2540443242168221,1.182509172982256,18.263473053892216,0.0,2.4333003394331065
seg,ALL,TOT,x_LU_SUPERMKTS,332.0,0.9940119760479041,0.10693995915736539,0.04237435290474915,0.09926316703882405,0.03426365455494353,0.06384516066291682,0.07192452773262752,0.13773937347763013,0.0,0.0,2.221598490915282
seg,ALL,TOT,x_LU_COMMSHOPCNTRS,117.0,0.3502994011976048,0.06344842416330856,0.25440036095064594,0.07505962703664057,0.10085180119797257,-0.07630176980232073,0.010829094846342176,0.282167109114807,0.0,0.0,2.489675077490466
seg,ALL,TOT,x_LU_FASTFOOD,332.0,0.9940119760479041,0.1184686953115122,0.02862964529226901,0.10014263810733737,0.02271689980526328,0.07433163379507969,0.11571033125741736,0.13000414019296339,52.99401197604791,0.0,2.242192230022234
seg,ALL,TOT,x_LU_RESTOS,332.0,0.9940119760479041,-0.04173147826711754,0.4512187280647112,-0.037777618288529415,0.0059500081902228675,-0.043950853884457214,-0.03891772526793197,-0.024360935990467687,0.0,0.0,2.2453001502188874
seg,ALL,TOT,x_LU_HOTELS,332.0,0.9940119760479041,-0.02533626151229093,0.619049448077881,0.014622337204597909,0.05630468024417836,-0.03916555355341168,-0.0377759504253324,0.08035013091635819,0.0,0.0,2.2356830053053707
seg,ALL,TOT,x_LU_OFFBLDGS,332.0,0.9940119760479041,-0.12998759471429416,0.009123581416813752,-0.11767194902900772,0.025038221247179467,-0.145384798818834,-0.10704665390371909,-0.08574197642904878,0.0,47.00598802395209,2.2525922503890214
seg,ALL,TOT,x_LU_DEPTSTRS,332.0,0.9940119760479041,0.026919125204300752,0.5916960506676714,0.07919113975967196,0.007191823918522273,0.06826005258151298,0.08113105291197406,0.08651195617369291,0.0,0.0,2.2424214595859113
seg,ALL,TOT,x_LU_BANKINS,332.0,0.9940119760479041,0.004198576524825612,0.9353290384493606,0.036100940245026504,0.02517954055771241,0.006007088148365188,0.023842325061979384,0.0630625940506477,0.0,0.0,2.256103476075349
seg,ALL,TOT,x_LU_AUTOSALSER,332.0,0.9940119760479041,0.04660757915862297,0.4632854670361511,0.08188687243320254,0.002077630726163099,0.07882084308235515,0.08145758179405842,0.08508167990002019,0.0,0.0,2.2222822473130766
seg,ALL,TOT,x_LU_SINGLESTORE,332.0,0.9940119760479041,0.02455074291986881,0.7053089771372165,0.008676056500842726,0.006650775512168502,-0.0004812425299372807,0.009295791737170114,0.022550631992678632,0.0,0.0,2.2003254633802927
seg,ALL,TOT,x_LU_PARKSREC,332.0,0.9940119760479041,-0.16610860701634472,0.0015430684790253336,-0.05189521256310676,0.015146097574153874,-0.06702055683074636,-0.06455219438601564,-0.03334420529349622,0.0,0.0,2.2465776215743953
seg,ALL,TOT,x_LU_SCHOOLS,48.0,0.1437125748502994,-0.052263981493229826,0.27861739816833736,-0.09012270355415865,0.2686903959285768,-1.2398496495311833,-0.02883474254909621,0.5111885604478748,0.0,5.389221556886228,2.912761115776891
seg,ALL,TOT,x_LU_INDUSTRIAL,332.0,0.9940119760479041,-0.09989146825662727,0.07344744498645,-0.10289535938529094,0.010932523000746952,-0.11543604042789683,-0.09751404440415753,-0.09005486883622237,0.0,0.0,2.2585957729319657
seg,ALL,KSI,Intercept,44.0,0.1317365269461078,1.4268100589909238e-16,0.9999999999999978,0.102866675882653,0.5098528409497509,-0.9742442566219203,0.13644494390632378,1.1329737390578352,19.760479041916167,12.275449101796406,2.9593021180845747
seg,ALL,KSI,lanes,332.0,0.9940119760479041,-0.056360765867360954,0.3402394030799941,-0.20080463178547006,0.06817010052028238,-0.2775181275963921,-0.13777317112219412,-0.13453755025386993,0.0,47.00598802395209,2.1925102393135054
seg,ALL,KSI,speed10,158.0,0.47305389221556887,-0.20217145568534345,0.00121073520299045,-0.07460343548397778,0.1736044017481071,-0.2534314663133134,-0.0862117242002858,0.2740111683104149,16.46706586826347,33.83233532934132,2.399417333065216
seg,ALL,KSI,int_per_mile,332.0,0.9940119760479041,0.12509229858221121,0.04906315288646205,0.07559518838143182,0.06626594041740888,0.0025538147662190623,0.13127384928219943,0.14566866825243963,0.0,0.0,2.221777055224463
seg,ALL,KSI,x_LU_MXDUSE,332.0,0.9940119760479041,-0.003918297237512631,0.9432261371665025,0.02999046259914379,0.04852949485309813,-0.023551812881860198,0.0714303590387339,0.07789010707682749,0.0,0.0,2.246059872163318
seg,ALL,KSI,x_LU_GASSTNS,332.0,0.9940119760479041,0.0734101904220021,0.20697934482299096,-0.023815571143252626,0.07610004764004687,-0.12870772770539557,-0.035231947570149955,0.05630078249287747,0.0,0.0,2.148615844727774
seg,ALL,KSI,x_LU_SUPERMKTS,131.0,0.39221556886227543,0.09418348052627817,0.10217429747075028,0.15929027936717546,0.1297211792820636,-0.029278974193203033,0.08512991839744177,0.3910477321542717,0.0,0.0,2.489896521578708
seg,ALL,KSI,x_LU_COMMSHOPCNTRS,332.0,0.9940119760479041,0.011813479583068845,0.8461912116050383,0.040930264914123174,0.02121851947122688,0.01813755714784859,0.057773957292251474,0.06286391872635613,0.0,0.0,2.201582582372331
seg,ALL,KSI,x_LU_FASTFOOD,332.0,0.9940119760479041,0.0036784338539901868,0.9503300660132464,-0.03234799473581316,0.038568622298829534,-0.0759237225446136,-0.0016983015908437057,0.008527581573369402,0.0,0.0,2.245222544766144
seg,ALL,KSI,x_LU_RESTOS,223.0,0.6676646706586826,-0.018492751707385312,0.760375004465443,-0.009062289775344167,0.02702480750431162,-0.03677267349698351,-0.013579873832097071,0.05649263485074849,0.0,0.0,2.2950615273636505
seg,ALL,KSI,x_LU_HOTELS,176.0,0.5269461077844312,0.036967169939849394,0.5077330367282149,0.10445318705147635,0.07595625963512993,-0.011808336521262494,0.15908211092456054,0.16248689727172647,0.0,0.0,2.395264080481593
seg,ALL,KSI,x_LU_OFFBLDGS,332.0,0.9940119760479041,-0.07977222046182758,0.1424697795791325,-0.07094175889325778,0.05696720144888148,-0.13785809738260224,-0.1020951075533573,-0.011344551955579152,0.0,0.0,2.2554411566149417
seg,ALL,KSI,x_LU_DEPTSTRS,332.0,0.9940119760479041,0.000998013955490708,0.9855079987878139,0.03280912253947856,0.013339579228252903,0.018051010354791876,0.023657469054813522,0.04830821955043288,0.0,0.0,2.2427938042369213
seg,ALL,KSI,x_LU_BANKINS,176.0,0.5269461077844312,-0.09578887070389756,0.09165714618257755,-0.04506236520107602,0.06379718580129107,-0.16610091589334514,-0.054576563358527924,0.03342096623865566,0.0,0.0,2.37621201039705
seg,ALL,KSI,x_LU_AUTOSALSER,332.0,0.9940119760479041,0.08417370046328175,0.22676042626866535,0.16059601875193724,0.0038197130265791358,0.15371987705856105,0.15916141881547258,0.1677185371655562,0.0,0.0,2.225534143744409
seg,ALL,KSI,x_LU_SINGLESTORE,332.0,0.9940119760479041,0.09310262209366958,0.19088058158315255,0.10421419594562384,0.1233329058498968,-0.024959118904650357,0.01042817220552809,0.2384877198787025,39.52095808383233,0.0,2.2017489480030297
seg,ALL,KSI,x_LU_PARKSREC,332.0,0.9940119760479041,-0.14596856974400788,0.010828535362572283,-0.04467674795074554,0.0562419289259284,-0.11123362709516169,0.006861294720527322,0.011316316958030844,0.0,0.0,2.246694650234719
seg,ALL,KSI,x_LU_SCHOOLS,156.0,0.46706586826347307,0.022753950301739684,0.6664077084065829,0.010974504074634064,0.09610292821659942,-0.10209842256123568,-0.011356154329169754,0.20482502728975285,0.0,0.0,2.459168481038255
seg,ALL,KSI,x_LU_INDUSTRIAL,332.0,0.9940119760479041,-0.056715763245314244,0.35245042278269356,-0.046907978313579325,0.05937232458963618,-0.10370419955092434,-0.10159052163795684,0.01912632010501115,0.0,0.0,2.2607734001999367
seg,PED,KAB,Intercept,332.0,0.9940119760479041,-1.734723475976807e-17,0.9999999999999998,0.09760440329145377,0.034964254987757244,0.057965048013427695,0.12213704728799402,0.14539234550822744,0.0,0.0,2.207346437534694
seg,PED,KAB,lanes,332.0,0.9940119760479041,-0.11726626805617618,0.04559341490630652,-0.10742311151275957,0.07391886670958031,-0.18668354501422899,-0.04912740991135775,-0.031271773340801244,0.0,0.0,2.208133953824359
seg,PED,KAB,speed10,172.0,0.5149700598802395,-0.19848901810760683,0.001329713964427606,-0.14795553153412333,0.14559347897915687,-0.3556653325555301,-0.08194750354895933,0.04880562001952809,0.0,33.83233532934132,2.4012792123649684
seg,PED,KAB,int_per_mile,332.0,0.9940119760479041,0.0961112550110227,0.1262587640043804,0.200819710920154,0.12410817660894928,0.06842524336648331,0.28141899283374555,0.3423010732652957,52.99401197604791,0.0,2.2388243416221325
seg,PED,KAB,x_LU_MXDUSE,332.0,0.9940119760479041,0.04063308768349445,0.4559434235622243,0.058167918247938905,0.025334381339090724,0.028288051648243093,0.06654746038171669,0.09092935764652994,0.0,0.0,2.250434060512743
seg,PED,KAB,x_LU_GASSTNS,178.0,0.5329341317365269,0.028440686280937034,0.6210992675898726,0.03473206567828205,0.054004523132318766,-0.11851477807163902,0.04065601704859005,0.0883130933260782,0.0,0.0,2.301962372249742
seg,PED,KAB,x_LU_SUPERMKTS,332.0,0.9940119760479041,0.12031422543202414,0.03523023464319266,0.13274972353628042,0.04585628288760588,0.08874205930878154,0.09013045251149146,0.1818876760405436,0.0,0.0,2.227219850007876
seg,PED,KAB,x_LU_COMMSHOPCNTRS,332.0,0.9940119760479041,-0.04325304738689433,0.47335551083225247,-0.05827288325891951,0.04011916718679039,-0.10216830913480514,-0.021531457735671722,-0.020000377641538256,0.0,0.0,2.211235305139009
seg,PED,KAB,x_LU_FASTFOOD,332.0,0.9940119760479041,0.09342276751282622,0.11080122237266031,0.08815317170900343,0.015633052821067032,0.051168724630515576,0.0928449457279668,0.10353383672819531,0.0,0.0,2.249795286829174
seg,PED,KAB,x_LU_RESTOS,176.0,0.5269461077844312,-0.10415237185648901,0.08348283376745265,-0.14986900990600105,0.13827195902431755,-0.22165787268884152,-0.21754985055405482,0.14360731128550344,0.0,26.646706586826348,2.398112753676007
seg,PED,KAB,x_LU_HOTELS,332.0,0.9940119760479041,0.11571668101056196,0.03684042458642044,0.15362434224240537,0.06288036138916743,0.08728013770492264,0.1011713908648707,0.2309007012317948,45.50898203592814,0.0,2.2450176659664383
seg,PED,KAB,x_LU_OFFBLDGS,332.0,0.9940119760479041,-0.06431548447172356,0.23210957351665407,-0.02724773580833397,0.02171269602402524,-0.05201803908220647,-0.012683798095255631,0.0007817548461638368,0.0,0.0,2.2585512441606777
seg,PED,KAB,x_LU_DEPTSTRS,332.0,0.9940119760479041,0.02519164185322567,0.6433779042491012,0.06672844070861364,0.0324668770078775,0.03140727567176697,0.07983936142576435,0.10732034173770491,0.0,0.0,2.2457631549129435
seg,PED,KAB,x_LU_BANKINS,332.0,0.9940119760479041,0.01492130497496551,0.7902785745845922,0.014823083095652938,0.06347220389963469,-0.047334110411534985,-0.043400945455359274,0.08757118635137848,0.0,0.0,2.261320460753673
seg,PED,KAB,x_LU_AUTOSALSER,332.0,0.9940119760479041,0.0994085905384378,0.14957432360084985,0.09704021309165455,0.013372125042782852,0.08155817743929217,0.08892069833279123,0.12027600066551465,0.0,0.0,2.2369604285438864
seg,PED,KAB,x_LU_SINGLESTORE,332.0,0.9940119760479041,0.13311575165694312,0.059298732352792406,0.14548951598491164,0.07841481203223963,0.06470949144193083,0.08421294049079363,0.23069631416835498,0.0,0.0,2.2150399869772026
seg,PED,KAB,x_LU_PARKSREC,332.0,0.9940119760479041,-0.11899119143488045,0.035605171256445384,-0.01689459815798641,0.11305023309454021,-0.12440453320335577,-0.12192794956440459,0.1038844557157172,0.0,0.0,2.249482794274904
seg,PED,KAB,x_LU_SCHOOLS,332.0,0.9940119760479041,0.07112457501276843,0.17411073509539876,0.06453530425943761,0.06325179741583944,-0.00673261855893823,0.12200772575977846,0.12554051627785376,0.0,0.0,2.2608574806623447
seg,PED,KAB,x_LU_INDUSTRIAL,332.0,0.9940119760479041,-0.0865470182969248,0.15222645120787742,-0.07610063135721457,0.005492923321622593,-0.08242121811763788,-0.07897792203834915,-0.06761435429454467,0.0,0.0,2.2637401876215453
