facility,type,sev,typology,events,estimator,beta,se,IRR,lo,hi,z,p
int,ALL,TOT,Civic & recreation,51277,NB2,0.174562991816166,0.09085248521773329,1.190725745999979,0.9964982662097893,1.4228101044068608,1.9213892872365086,0.0546826480940287
int,ALL,TOT,Industrial & auto-oriented,51277,NB2,0.04284824546507735,0.09474447127110881,1.0437794845609354,0.866883295761891,1.2567731062723588,0.45225061568466857,0.6510884481695587
int,ALL,TOT,Shopping-center / big-box retail,51277,NB2,0.3595410802204809,0.08336630033508105,1.4326717822532105,1.2167010411944583,1.6869784492413724,4.312786806843386,1.6120955255519686e-05
int,ALL,TOT,Small retail & services strip,51277,NB2,0.2570266519873746,0.08425395846997133,1.2930795894409943,1.0962430154648655,1.5252592728445797,3.0506181152186533,0.0022837083552172477
int,ALL,KAB,Civic & recreation,4623,NB2,0.10739664992470035,0.10770573343437066,1.1133757873287582,0.9014897668900667,1.3750634664287844,0.9971302965978256,0.31870126895966977
int,ALL,KAB,Industrial & auto-oriented,4623,NB2,0.03464113432803604,0.11372291957529705,1.035248127114869,0.8284027846059705,1.2937410455526368,0.3046099630347584,0.7606632310296706
int,ALL,KAB,Shopping-center / big-box retail,4623,NB2,0.26053882295674946,0.09808153984459107,1.2976290906725574,1.0706854007616204,1.5726760220713816,2.656349231155729,0.007899176375442376
int,ALL,KAB,Small retail & services strip,4623,NB2,0.18007375717566937,0.09833301622433496,1.1973056697497602,0.9874208329115983,1.4518033436542486,1.8312644530790425,0.06706108061664358
int,ALL,KSI,Civic & recreation,958,NB2,0.22930807870999476,0.16326942421442336,1.2577294589981003,0.9132916639235549,1.7320681382722687,1.404476556546449,0.16017698789038026
int,ALL,KSI,Industrial & auto-oriented,958,NB2,0.0455872097597874,0.17792319474578125,1.046642278055576,0.738494036687355,1.4833702153198753,0.25621847575816603,0.7977821430932751
int,ALL,KSI,Shopping-center / big-box retail,958,NB2,0.394769094332758,0.14774208310950573,1.4840414777675934,1.110926788379605,1.98247006982972,2.672015217493292,0.007539722917336531
int,ALL,KSI,Small retail & services strip,958,NB2,0.12219121030905368,0.15568701557799053,1.1299701430652769,0.8328053478070347,1.5331704192115863,0.784851645176811,0.4325405558169467
int,ALL,FAT,Civic & recreation,113,Firth-Poisson,0.04578566220378113,0.38078814794813287,1.046850007385158,0.49630773668952083,2.2080956167884067,0.12023919980308208,0.9042936660627626
int,ALL,FAT,Industrial & auto-oriented,113,Firth-Poisson,0.10154715353413886,0.41838749426638994,1.1068821105647917,0.4874866686739564,2.513274896359894,0.24271077631561128,0.8082294587473435
int,ALL,FAT,Shopping-center / big-box retail,113,Firth-Poisson,0.5124062908633792,0.3247072478889034,1.669303195016839,0.8833622485493928,3.1545078606985744,1.5780562158523046,0.11455269568635398
int,ALL,FAT,Small retail & services strip,113,Firth-Poisson,0.6435572607345519,0.3247109051401306,1.903239169644486,1.007149321903859,3.596606042509766,1.9819391666467794,0.04748604964765184
int,ANGLE,TOT,Civic & recreation,2693,NB2,0.36052881787074326,0.14575905937277187,1.43408758521885,1.0777128472083704,1.9083072150490914,2.473457357794193,0.013381277216589669
int,ANGLE,TOT,Industrial & auto-oriented,2693,NB2,0.3926582535221644,0.15112573767291637,1.4809122063105684,1.101256507762493,1.991453351095765,2.598222245717009,0.009370782169699624
int,ANGLE,TOT,Shopping-center / big-box retail,2693,NB2,0.6890609064453936,0.13234349098384926,1.991844126686545,1.5367467225953142,2.581715624755211,5.206609719321098,1.9232199720755948e-07
int,ANGLE,TOT,Small retail & services strip,2693,NB2,0.5219956820315171,0.13143044975132676,1.6853877938303217,1.3026387312879926,2.1805984632313558,3.971649515155431,7.13766805478939e-05
int,ANGLE,KAB,Civic & recreation,473,NB2,0.1055615583574317,0.22014955302764436,1.1113345143444926,0.7218545854436587,1.7109601125747882,0.47949930810977504,0.6315834603105228
int,ANGLE,KAB,Industrial & auto-oriented,473,NB2,-0.04577899899335605,0.23145430206691647,0.9552530507502789,0.6068768260241011,1.5036138337097686,-0.1977884990019358,0.8432105448812972
int,ANGLE,KAB,Shopping-center / big-box retail,473,NB2,0.2576575289019141,0.19918637616920484,1.2938956208832686,0.8756859399299212,1.9118336853448603,1.2935499598779747,0.1958209165800341
int,ANGLE,KAB,Small retail & services strip,473,NB2,0.25688674729823135,0.19811020189289616,1.2928986941973375,0.8768588478600977,1.9063353669026113,1.2966861112842205,0.19473921001884398
int,ANGLE,KSI,Civic & recreation,115,Firth-Poisson,-0.13585266190896803,0.3705792592962192,0.8729712449304847,0.42223721157744326,1.8048593860982005,-0.36659542729663513,0.7139208195949527
int,ANGLE,KSI,Industrial & auto-oriented,115,Firth-Poisson,-0.06542259036479077,0.38700022157200387,0.9366715513564158,0.4386984409349392,1.9999013291468473,-0.1690505243098898,0.8657569005945741
int,ANGLE,KSI,Shopping-center / big-box retail,115,Firth-Poisson,0.5779463567266594,0.2981471413736051,1.7823743086284807,0.9935985368627946,3.1973257389141514,1.9384601645482182,0.05256710632307105
int,ANGLE,KSI,Small retail & services strip,115,Firth-Poisson,-0.033930558567984714,0.3381769846019652,0.9666386270774461,0.4981981206766757,1.8755394622706283,-0.10033373089514365,0.9200793792139238
int,LEFTTURN,TOT,Civic & recreation,4650,NB2,0.17031149996230463,0.1363980768504135,1.1856741312492272,0.9075299318207082,1.5490653213974044,1.2486356398491136,0.21179837068470375
int,LEFTTURN,TOT,Industrial & auto-oriented,4650,NB2,0.21516018786203264,0.1421835974553059,1.240060523700924,0.9384556661243652,1.6385964280998067,1.5132560415744598,0.13021463395555027
int,LEFTTURN,TOT,Shopping-center / big-box retail,4650,NB2,0.37596880075094635,0.1265182449133772,1.4564016944230664,1.1365450931348284,1.8662751775804396,2.9716567836390677,0.0029619759786127984
int,LEFTTURN,TOT,Small retail & services strip,4650,NB2,0.3579303130041087,0.12374551835432637,1.4303659391013692,1.122310040128988,1.8229781848037283,2.892470917445511,0.0038222456689344366
int,LEFTTURN,KAB,Civic & recreation,938,NB2,0.03299519769827676,0.18182605494755144,1.0335455758316878,0.7236959958594027,1.4760568849807267,0.18146572947311856,0.8560020304629247
int,LEFTTURN,KAB,Industrial & auto-oriented,938,NB2,0.12467839824803362,0.19147581832079877,1.1327840891322623,0.7783225860925389,1.648673462032416,0.6511443551537527,0.5149533064524372
int,LEFTTURN,KAB,Shopping-center / big-box retail,938,NB2,0.26314772225788363,0.1650250897184419,1.3010188942056948,0.9414806780711992,1.7978596932524653,1.5945922084142112,0.11080345609561167
int,LEFTTURN,KAB,Small retail & services strip,938,NB2,0.10638927560541442,0.16726115894872176,1.1122547658917932,0.8013619222602365,1.5437602285366199,0.6360668326950359,0.5247328623568193
int,LEFTTURN,KSI,Civic & recreation,189,NB2,0.1447266206096525,0.28915498070294277,1.1557235760702027,0.6557227991800777,2.0369842042318287,0.500515745078361,0.6167119723684187
int,LEFTTURN,KSI,Industrial & auto-oriented,189,NB2,0.13126230804622993,0.3211102822977657,1.1402668432549334,0.6076757499622116,2.1396418631275393,0.4087764088616456,0.6827037540879198
int,LEFTTURN,KSI,Shopping-center / big-box retail,189,NB2,0.2684296946070258,0.26753822197730026,1.3079090207404245,0.7741843770881693,2.2095847670914166,1.0033321318469448,0.3157006377693403
int,LEFTTURN,KSI,Small retail & services strip,189,NB2,-0.029780664539981006,0.28966107966517696,0.9706584100108574,0.5501763693118008,1.7125013022703026,-0.10281210224861713,0.9181120999625088
int,LEFTTURN,FAT,Civic & recreation,20,Firth-Poisson,-0.26319986564897757,0.7617080993396994,0.7685882675661238,0.17270890351458498,3.420367526045983,-0.3455390140621285,0.7296891853153249
int,LEFTTURN,FAT,Industrial & auto-oriented,20,Firth-Poisson,-0.33316847179276865,0.9125279369120546,0.716649448767468,0.11982496474701644,4.28613881508781,-0.3651049554934097,0.7150330619332463
int,LEFTTURN,FAT,Shopping-center / big-box retail,20,Firth-Poisson,0.7326851440923112,0.5699090510851397,2.0806599854732815,0.68090219962285,6.357955632317795,1.2856176660069472,0.19857652824820815
int,LEFTTURN,FAT,Small retail & services strip,20,Firth-Poisson,0.07344560824249301,0.6695983181732842,1.0762099981266544,0.28968327865955307,3.9982561831916006,0.10968607036358498,0.9126583479933462
int,RIGHTTURN,TOT,Civic & recreation,1358,NB2,0.3406185380229044,0.17541945966867944,1.4058168728829141,0.9968015231327368,1.9826625804815539,1.9417374712374669,0.05216888999102672
int,RIGHTTURN,TOT,Industrial & auto-oriented,1358,NB2,0.27390517027344674,0.1886481203219428,1.3150900866921333,0.9086047066503898,1.9034261251976763,1.4519369172934566,0.14651914638297764
int,RIGHTTURN,TOT,Shopping-center / big-box retail,1358,NB2,0.64528378903506,0.15341461106445567,1.9065280042495494,1.4114127474894649,2.5753267691915194,4.206142977893744,2.5976592748927168e-05
int,RIGHTTURN,TOT,Small retail & services strip,1358,NB2,0.34883460378839504,0.1598608790067649,1.4174147359259892,1.0361451922065366,1.9389797382948932,2.1821136350290757,0.029101147141162183
int,RIGHTTURN,KAB,Civic & recreation,68,Firth-Poisson,-0.25598684451251547,0.478726996813449,0.7741521530742195,0.30291841769231587,1.9784586248505698,-0.5347240623913858,0.592840679986333
int,RIGHTTURN,KAB,Industrial & auto-oriented,68,Firth-Poisson,-0.11176246271724863,0.4809367637282997,0.8942566515686996,0.3484019212149663,2.295323045539251,-0.23238494360640663,0.8162390421329895
int,RIGHTTURN,KAB,Shopping-center / big-box retail,68,Firth-Poisson,0.24914389708531007,0.38790917072042097,1.282926629190678,0.5998005608975421,2.74408002123844,0.64227379987589,0.5206954226656417
int,RIGHTTURN,KAB,Small retail & services strip,68,Firth-Poisson,0.2632711117159862,0.38829115087124055,1.3011794361264188,0.6078789306944826,2.7852058025172677,0.6780250106788768,0.49775583542300317
int,REAREND,TOT,Civic & recreation,25212,NB2,0.10601505159443454,0.1051267487375555,1.111838611324442,0.9048072187485389,1.3662414180798221,1.0084498271614644,0.3132385626649057
int,REAREND,TOT,Industrial & auto-oriented,25212,NB2,-0.07781977338679506,0.11048865090866439,0.9251311447725499,0.7449951809345124,1.1488230487002336,-0.7043236816342784,0.4812312216681439
int,REAREND,TOT,Shopping-center / big-box retail,25212,NB2,0.21335222457626138,0.09727841197674945,1.2378205652933714,1.0229458337194484,1.4978307759386411,2.1932124532137176,0.028292075722622285
int,REAREND,TOT,Small retail & services strip,25212,NB2,0.19290135864777586,0.09799429704827332,1.2127631590208288,1.0008328830878106,1.469570499462832,1.968495764123396,0.04901102301371728
int,REAREND,KAB,Civic & recreation,1578,NB2,0.021434937270937735,0.14115234708949173,1.0216663157762018,0.7747431971746498,1.3472878040081897,0.1518567541590209,0.8792999178027512
int,REAREND,KAB,Industrial & auto-oriented,1578,NB2,-0.16275611982906482,0.1513205567739721,0.8497984121266959,0.6316976437453481,1.14320094178501,-1.075571774905468,0.2821188161930269
int,REAREND,KAB,Shopping-center / big-box retail,1578,NB2,0.1317153032246938,0.12685643393362928,1.140783495648777,0.8896534204831392,1.4628022036243125,1.0383021116107256,0.29912942592547576
int,REAREND,KAB,Small retail & services strip,1578,NB2,0.08798109692510478,0.12880884815821814,1.0919674802900388,0.8483311219014091,1.4055749544333624,0.6830361282094229,0.49458401367144433
int,REAREND,KSI,Civic & recreation,224,NB2,0.38014002109569567,0.28188157787401796,1.462489354460033,0.8416863235190704,2.5411784083247766,1.3485805775700341,0.177471722615701
int,REAREND,KSI,Industrial & auto-oriented,224,NB2,-0.09534384867615499,0.33047952899153943,0.9090603015408727,0.4756448933681994,1.7374109201207566,-0.288501526757489,0.7729628619901214
int,REAREND,KSI,Shopping-center / big-box retail,224,NB2,0.3855317217370889,0.26248695151496554,1.4703959551083816,0.879024329355579,2.4596182296616513,1.4687652834244145,0.141896463411385
int,REAREND,KSI,Small retail & services strip,224,NB2,0.18277067266127037,0.2815262789395859,1.2005390600819361,0.6914110054016601,2.0845691253426466,0.6492135418040034,0.5162003599465772
int,SIDESWIPE,TOT,Civic & recreation,7429,NB2,0.2230811483478365,0.11619087488640294,1.249921998725814,0.9953578418487672,1.5695912939178993,1.9199541148643353,0.05486369555776584
int,SIDESWIPE,TOT,Industrial & auto-oriented,7429,NB2,0.17268678682308475,0.1218713553029746,1.1884937948636092,0.9359613748230157,1.509162171031257,1.4169595996842899,0.15649473964325672
int,SIDESWIPE,TOT,Shopping-center / big-box retail,7429,NB2,0.3909768797788103,0.10551896602270354,1.4784243315204453,1.2022078080154728,1.8181037333634955,3.7052758808751727,0.0002111607717359384
int,SIDESWIPE,TOT,Small retail & services strip,7429,NB2,0.29636047436990537,0.10654621356464758,1.3449548912266072,1.091474894452008,1.657302122686535,2.7815204731802767,0.005410491794946075
int,SIDESWIPE,KAB,Civic & recreation,161,NB2,0.725831213182696,0.394914237114709,2.066448045150381,0.9529425203623036,4.48107564943405,1.8379464323335268,0.06607029914050352
int,SIDESWIPE,KAB,Industrial & auto-oriented,161,NB2,0.8202121850039885,0.4051785061901345,2.270981654664866,1.0264049047175277,5.024681441135265,2.024323039038736,0.04293692461016914
int,SIDESWIPE,KAB,Shopping-center / big-box retail,161,NB2,0.6783092692835705,0.36374329023354324,1.970543256162964,0.9659650944094568,4.019856148925584,1.864802148922276,0.06220914198521764
int,SIDESWIPE,KAB,Small retail & services strip,161,NB2,0.6742475186625405,0.3727458600675348,1.9625556337152221,0.9452230315905006,4.074831533618404,1.8088665519729155,0.07047173789517079
int,SIDESWIPE,KSI,Civic & recreation,34,Firth-Poisson,0.6482491494773343,0.670239491515716,1.9121899376631728,0.5140574476617255,7.11296057343852,0.9671903217928093,0.3334488994746909
int,SIDESWIPE,KSI,Industrial & auto-oriented,34,Firth-Poisson,0.685767844530936,0.6920438690098787,1.9852956488426903,0.5113821408924789,7.707345443145658,0.9909311753777662,0.32171918825704426
int,SIDESWIPE,KSI,Shopping-center / big-box retail,34,Firth-Poisson,1.0643941268788693,0.5994389127851317,2.8990819760061877,0.8953808305823762,9.386705652540435,1.7756507029773028,0.07579050740530223
int,SIDESWIPE,KSI,Small retail & services strip,34,Firth-Poisson,0.4688744095088376,0.641198993930555,1.5981942681468668,0.4548099595517182,5.616026793377748,0.731246327500662,0.4646287075625194
int,HEADON,TOT,Civic & recreation,485,NB2,-0.10627512346834622,0.2203937285904993,0.899177229284148,0.5837708043411823,1.384995076236429,-0.48220575126168774,0.6296597916610127
int,HEADON,TOT,Industrial & auto-oriented,485,NB2,0.1921565045600479,0.2377158624264207,1.2118601637659887,0.7605095682810952,1.9310803147977114,0.8083453186449658,0.4188918208194641
int,HEADON,TOT,Shopping-center / big-box retail,485,NB2,0.17270457345143744,0.19727384917356194,1.1885149343490373,0.8073870006695851,1.749554733974192,0.8754559926465043,0.381325845046802
int,HEADON,TOT,Small retail & services strip,485,NB2,0.5622530966764672,0.19583605909552929,1.7546213816232747,1.1953205843757055,2.5756238394049884,2.8710396812172307,0.004091241639586834
int,HEADON,KAB,Civic & recreation,56,Firth-Poisson,0.20538435246840073,0.5115335007778622,1.2279969579327246,0.4505792467105913,3.3467509648987552,0.4015071391337684,0.6880467830572706
int,HEADON,KAB,Industrial & auto-oriented,56,Firth-Poisson,-1.007463872345247,0.7309015642661861,0.3651438577067784,0.08715815489451667,1.5297482717750388,-1.3783851637487259,0.16808440157538473
int,HEADON,KAB,Shopping-center / big-box retail,56,Firth-Poisson,0.6412105715462664,0.43949054476848753,1.8987780952870836,0.802365614795051,4.4934107203272475,1.458986044589514,0.14456894873971396
int,HEADON,KAB,Small retail & services strip,56,Firth-Poisson,0.6408764227920555,0.4367263040359143,1.8981437269446186,0.8064550375061494,4.46763854223148,1.467455513600923,0.1422521825035158
int,OFFROAD,TOT,Civic & recreation,1263,NB2,0.09518643354368594,0.15689049059554513,1.0998638875351752,0.8087067371919398,1.4958457936240441,0.6067062011366336,0.5440459061225789
int,OFFROAD,TOT,Industrial & auto-oriented,1263,NB2,0.10423957008307246,0.16711232889932767,1.1098663138333937,0.7998743752681959,1.5399958701878713,0.6237694775103564,0.532778987437531
int,OFFROAD,TOT,Shopping-center / big-box retail,1263,NB2,0.19500700752442132,0.14708545224152358,1.2153195028409873,0.9109379656114842,1.6214073293061175,1.3258075802371503,0.18490344153459426
int,OFFROAD,TOT,Small retail & services strip,1263,NB2,0.16720354076381538,0.14362220241061033,1.181994824955181,0.8919939080543057,1.5662794931731432,1.164190062242514,0.24434699666199966
int,OFFROAD,KAB,Civic & recreation,180,NB2,-0.1686909744711623,0.33399899922771537,0.8447699185246048,0.43896788961922645,1.625713935165272,-0.5050643111542721,0.6135136668880159
int,OFFROAD,KAB,Industrial & auto-oriented,180,NB2,-0.26774722999695777,0.3587643166824838,0.7651011512830813,0.378732438324122,1.5456288198734227,-0.746303959303515,0.45548382025168654
int,OFFROAD,KAB,Shopping-center / big-box retail,180,NB2,-0.19563242360574837,0.3125921034560896,0.8223144425102702,0.44560919905661944,1.5174755004890685,-0.6258393012580665,0.5314203507876059
int,OFFROAD,KAB,Small retail & services strip,180,NB2,0.07432749304497699,0.2952119674347933,1.0771595099867852,0.6039354466736013,1.9211864717423086,0.25177669350885823,0.8012136729881804
int,OFFROAD,KSI,Civic & recreation,49,Firth-Poisson,0.3088618440162743,0.447768290589228,1.3618742064350247,0.5662248571591738,3.2755562224136785,0.6897805193168911,0.49033222114903263
int,OFFROAD,KSI,Industrial & auto-oriented,49,Firth-Poisson,0.17923962970174692,0.504207419387424,1.1963073806040219,0.44530006873512235,3.213903274151406,0.3554878861550873,0.7222241185272071
int,OFFROAD,KSI,Shopping-center / big-box retail,49,Firth-Poisson,0.28014558330019423,0.430751885476884,1.3233224519643185,0.5688559091090555,3.078428621081857,0.6503641487025553,0.5154570295211479
int,OFFROAD,KSI,Small retail & services strip,49,Firth-Poisson,-0.20146847226044756,0.4716345708183384,0.8175293520062781,0.3243694188509841,2.060472419870284,-0.4271707053002442,0.6692549968164363
int,ROLLOVER,TOT,Civic & recreation,300,NB2,-0.3315861573495383,0.2669854246864648,0.7177843111587809,0.4253352532968003,1.2113134600347069,-1.2419635181918172,0.2142500225966102
int,ROLLOVER,TOT,Industrial & auto-oriented,300,NB2,0.1258672086670314,0.2899424587178595,1.1341315554421973,0.6424797305966002,2.0020155092758105,0.43411099300055156,0.664207843063448
int,ROLLOVER,TOT,Shopping-center / big-box retail,300,NB2,0.19796639109850728,0.23576487074275765,1.2189214265230623,0.7678715936685571,1.934919140501937,0.8396772194043608,0.40108939013941214
int,ROLLOVER,TOT,Small retail & services strip,300,NB2,0.3032851543945129,0.2355978397253301,1.354300594152294,0.8534343899488228,2.149116699446858,1.287300234790334,0.19798966175697552
int,ROLLOVER,KAB,Civic & recreation,57,Firth-Poisson,-0.20646164794499178,0.46578353764425395,0.8134574586239195,0.32647647604510927,2.0268322085768187,-0.4432566444687845,0.6575801114661782
int,ROLLOVER,KAB,Industrial & auto-oriented,57,Firth-Poisson,-0.09523939980191314,0.5239290923042031,0.9091552568248865,0.32558216546700697,2.5387240723911386,-0.18177917813850913,0.8557560257029002
int,ROLLOVER,KAB,Shopping-center / big-box retail,57,Firth-Poisson,0.29995442634433617,0.39035582695850124,1.3497972909772906,0.6280452917494724,2.900989388288274,0.7684128316501968,0.44224195944746747
int,ROLLOVER,KAB,Small retail & services strip,57,Firth-Poisson,0.04182249542794145,0.4160960270567079,1.0427093766413318,0.46129122192055166,2.3569554166001683,0.1005116432468163,0.9199381396744167
int,SINGLE,TOT,Civic & recreation,822,NB2,-0.03350197623233774,0.18482597410076962,0.9670530001081034,0.6731676408586437,1.3892401361200624,-0.18126227331052513,0.8561617170014866
int,SINGLE,TOT,Industrial & auto-oriented,822,NB2,-0.04346911997747904,0.19670382013221022,0.9574621200862965,0.6511543243873399,1.4078593615464121,-0.22098767552283538,0.8251020292705507
int,SINGLE,TOT,Shopping-center / big-box retail,822,NB2,0.07205047054621198,0.17028682348369595,1.0747095838747631,0.769732903038385,1.5005213952958287,0.42311242333503524,0.6722132386983972
int,SINGLE,TOT,Small retail & services strip,822,NB2,0.12789588205892827,0.16771394285989982,1.136434673298714,0.8180568500575394,1.5787212912949957,0.7625834792147624,0.4457118403378355
int,SINGLE,KAB,Civic & recreation,211,NB2,0.12490079952290853,0.34510717771574306,1.133036049774989,0.576079694816849,2.2284602315272646,0.36191886923252137,0.7174126588512793
int,SINGLE,KAB,Industrial & auto-oriented,211,NB2,-0.06584732909027716,0.35480255523164766,0.9362737951527046,0.46707738082369576,1.8767952709329239,-0.1855886552093346,0.8527673508372194
int,SINGLE,KAB,Shopping-center / big-box retail,211,NB2,0.178377167334765,0.3183772350536254,1.1952760553124628,0.6404128622360724,2.2308809404840964,0.5602698550501586,0.575295385750701
int,SINGLE,KAB,Small retail & services strip,211,NB2,0.3958932013028019,0.30582538288289945,1.4857106371176512,0.8158501756503835,2.7055655108303207,1.2945073347766867,0.19549023739975213
int,SINGLE,KSI,Civic & recreation,61,Firth-Poisson,0.6260629917364503,0.5893414108706395,1.870232943334327,0.5891666644923564,5.93681121681717,1.0623095207437767,0.2880951936367493
int,SINGLE,KSI,Industrial & auto-oriented,61,Firth-Poisson,0.6513739258965131,0.6072559379536105,1.9181744489497379,0.5834201329306249,6.306592811806772,1.0726513899420655,0.28342755810157516
int,SINGLE,KSI,Shopping-center / big-box retail,61,Firth-Poisson,0.8407488940039127,0.5374778093926081,2.3181023398412544,0.8083924665935548,6.647264392036012,1.5642485686135108,0.11775920524111114
int,SINGLE,KSI,Small retail & services strip,61,Firth-Poisson,1.0710348065284496,0.5217789653711442,2.9183979151850132,1.049535866354365,8.115059870169828,2.0526599913176202,0.04010556486266882
int,PED,TOT,Civic & recreation,609,NB2,0.598835146544107,0.2554884570149621,1.819997534730503,1.1030485667365293,3.002942142633957,2.3438833736000744,0.019084137853055936
int,PED,TOT,Industrial & auto-oriented,609,NB2,0.6493236593128671,0.25313615661138716,1.9142457088339755,1.165531017702081,3.143920305968144,2.5651162125752904,0.010314125343690913
int,PED,TOT,Shopping-center / big-box retail,609,NB2,1.0165766485341332,0.2297285815848684,2.763717375076241,1.7617517536517493,4.335533490156048,4.425120468340943,9.638847871991839e-06
int,PED,TOT,Small retail & services strip,609,NB2,0.722732617856608,0.2307501765462498,2.0600548689442593,1.3105701503799831,3.238152541342793,3.1320999562128136,0.0017356077459660848
int,PED,KAB,Civic & recreation,362,NB2,0.3943349887375116,0.307214881685332,1.4833973868703627,0.8123644744517942,2.7087198869186846,1.283580360997659,0.1992888249827789
int,PED,KAB,Industrial & auto-oriented,362,NB2,0.4726876371790879,0.3047666231943614,1.60430018097178,0.8828014657296782,2.915467600111802,1.5509822966330433,0.12090592656239643
int,PED,KAB,Shopping-center / big-box retail,362,NB2,0.8614165215690663,0.2753741462483207,2.3665105337998416,1.3794476906927333,4.05986551311214,3.1281677430686523,0.0017589976164755284
int,PED,KAB,Small retail & services strip,362,NB2,0.7564700733675123,0.2754618492875017,2.1307415685265183,1.2418036121721596,3.656020635908272,2.7461881756917212,0.0060292170551848314
int,PED,KSI,Civic & recreation,137,Firth-Poisson,1.7189767599468508,0.5426801922813056,5.578817073633616,1.9257655617107603,16.16146874774183,3.1675686424460396,0.001537194160525281
int,PED,KSI,Industrial & auto-oriented,137,Firth-Poisson,1.7776695370294624,0.554439991020202,5.91605319798144,1.9956446972012454,17.538034445926712,3.2062433551346943,0.0013448020548530186
int,PED,KSI,Shopping-center / big-box retail,137,Firth-Poisson,1.9076053915549172,0.5246877196393311,6.736937141229419,2.409013821506337,18.840208237782836,3.6356966632765864,0.00027723039985826277
int,PED,KSI,Small retail & services strip,137,Firth-Poisson,1.7704091514089664,0.5266135872331892,5.87325592077901,2.092263554687769,16.48699325363599,3.3618751857707263,0.0007741510767831406
int,PED,FAT,Civic & recreation,36,Firth-Poisson,2.741152882809125,1.4307644348749173,15.504850071355216,0.9388069522711733,256.0700846469282,1.915865963671907,0.055382158818739806
int,PED,FAT,Industrial & auto-oriented,36,Firth-Poisson,2.28567597266111,1.4815823257276073,9.832330364657162,0.5388999290148493,179.39271318236774,1.542726268375678,0.12289720556789084
int,PED,FAT,Shopping-center / big-box retail,36,Firth-Poisson,2.689402482481502,1.4207521871948154,14.722876115283958,0.9091257964730303,238.43023918904854,1.8929427008601378,0.05836548982963352
int,PED,FAT,Small retail & services strip,36,Firth-Poisson,3.346092697892777,1.4070591731113977,28.391582145194217,1.800846295532761,447.612846641551,2.378075323224423,0.017403270526052155
int,BIKE,TOT,Civic & recreation,447,NB2,0.4801429080825428,0.2277736499259351,1.6163053687900608,1.0342810567890985,2.5258540974247787,2.1079826759533877,0.03503248797119691
int,BIKE,TOT,Industrial & auto-oriented,447,NB2,0.4742566518142911,0.23267075974810625,1.6068193272068352,1.018388995684221,2.535247691429302,2.0383165135478576,0.041518289453760286
int,BIKE,TOT,Shopping-center / big-box retail,447,NB2,0.5676896674442288,0.21084220523347794,1.7641864820487079,1.1670030247304393,2.6669630476427466,2.692485912939455,0.007092153161247194
int,BIKE,TOT,Small retail & services strip,447,NB2,0.23355754968148537,0.21345600706531648,1.2630855159684375,0.8312570347701207,1.9192439328834658,1.0941718290927176,0.2738796242123962
int,BIKE,KAB,Civic & recreation,219,NB2,0.2220633783675319,0.3062492792280126,1.2486505127876542,0.6851036016171013,2.2757552279753672,0.7251066155234882,0.4683866262158509
int,BIKE,KAB,Industrial & auto-oriented,219,NB2,0.3545129957788295,0.2960652066081593,1.4254862673810933,0.7978977606925945,2.546706105213589,1.197415258078689,0.23114473941056934
int,BIKE,KAB,Shopping-center / big-box retail,219,NB2,0.27025687971739015,0.26940892901358826,1.31030099725528,0.7727616507009992,2.221757125047201,1.0031474484045744,0.31578972418367357
int,BIKE,KAB,Small retail & services strip,219,NB2,-0.14288037983173021,0.2819463363872359,0.8668577563644914,0.4988273679243187,1.506417686936711,-0.5067644490882578,0.6123201035158392
int,BIKE,KSI,Civic & recreation,55,Firth-Poisson,-0.22941215700533654,0.5573947333956022,0.7950008008217658,0.26662667113872324,2.370454053257155,-0.4115793409237594,0.6806477764626542
int,BIKE,KSI,Industrial & auto-oriented,55,Firth-Poisson,0.8080949755605707,0.4639184944576031,2.243629743397121,0.9037655734934766,5.5698895522186715,1.7418899768274307,0.0815276981580935
int,BIKE,KSI,Shopping-center / big-box retail,55,Firth-Poisson,0.6813496255035574,0.43806056147703987,1.9765435264660707,0.8375711405154155,4.664349239171318,1.5553776929979783,0.11985614359128328
int,BIKE,KSI,Small retail & services strip,55,Firth-Poisson,-0.6170820331688962,0.5467614354653071,0.5395164340218683,0.18475319111693259,1.5754963734047014,-1.1286129436757817,0.2590611480235917
int,ALCOHOL,TOT,Civic & recreation,883,NB2,0.08351590776538974,0.16370983270752332,1.087102508526989,0.788710958460722,1.4983839787798834,0.510145947767203,0.6099492169655631
int,ALCOHOL,TOT,Industrial & auto-oriented,883,NB2,-0.010868583440121123,0.17561988008932394,0.9891902662157822,0.7011148637257603,1.395630635437202,-0.061886976773888776,0.9506528386467537
int,ALCOHOL,TOT,Shopping-center / big-box retail,883,NB2,0.19980889540051913,0.14652605276347083,1.2211693647772517,0.9163268378992228,1.6274265423561496,1.3636407425992696,0.17268066254710845
int,ALCOHOL,TOT,Small retail & services strip,883,NB2,0.22918020501552117,0.15303218992688558,1.2575686387680876,0.9316827798131846,1.6974435027447101,1.4975947552277526,0.13423857025627134
int,ALCOHOL,KAB,Civic & recreation,203,NB2,-0.0908958546411788,0.32511374564107165,0.9131128024079612,0.48281641241852763,1.7268986067494443,-0.27958170289584927,0.7797984464758143
int,ALCOHOL,KAB,Industrial & auto-oriented,203,NB2,-0.33396496371537926,0.3464462522713482,0.7160788705308243,0.36312809863464424,1.4120883257139945,-0.9639733768971669,0.3350592736890843
int,ALCOHOL,KAB,Shopping-center / big-box retail,203,NB2,0.20956007134259022,0.2776959407632531,1.2331354489879593,0.7155355665517255,2.125153670388251,0.7546385833606714,0.4504658665090633
int,ALCOHOL,KAB,Small retail & services strip,203,NB2,0.27681012089299684,0.286052057688491,1.3189159126815948,0.7528781285347501,2.3105189522641756,0.9676914164849022,0.3331985061905247
int,ALCOHOL,KSI,Civic & recreation,60,Firth-Poisson,0.1663062987211873,0.4551456541122914,1.1809347651402955,0.4839473383056148,2.8817328025808147,0.3653913801408219,0.7148192747556155
int,ALCOHOL,KSI,Industrial & auto-oriented,60,Firth-Poisson,-1.1220754416169991,0.7063522125832817,0.3256033221908352,0.08155107415389887,1.3000138198258209,-1.5885494822948572,0.11216214114470792
int,ALCOHOL,KSI,Shopping-center / big-box retail,60,Firth-Poisson,0.5300781526177768,0.3945555594769035,1.6990650898144262,0.7840748870813743,3.681819462643367,1.3434816463378372,0.17911606511041323
int,ALCOHOL,KSI,Small retail & services strip,60,Firth-Poisson,0.30753122740340655,0.41784853847925385,1.3600632790835088,0.5996243470950633,3.0848849485061467,0.7359873233556266,0.4617384124811218
seg,ALL,TOT,Civic & recreation,24909,NB2,0.02133820331465903,0.12812996466209048,1.021567490731426,0.794695284751312,1.3132079152147997,0.16653562163177835,0.8677354525466288
seg,ALL,TOT,Industrial & auto-oriented,24909,NB2,0.06649990770166923,0.13373811025056045,1.0687608654303251,0.8223190764430927,1.3890590893453814,0.49723977389153035,0.6190199765784514
seg,ALL,TOT,"Office, lodging & mixed use",24909,NB2,-0.1162348673528889,0.13214081811560363,0.8902661042975378,0.6871306220397868,1.1534542502389338,-0.8796287854915551,0.37906043967077363
seg,ALL,TOT,Shopping-center / big-box retail,24909,NB2,0.3415113653295483,0.12387923487940453,1.4070725850588097,1.103744030969123,1.7937612381792047,2.756808803848417,0.005836846978266543
seg,ALL,KAB,Civic & recreation,2945,NB2,-0.0588384544458129,0.13645645702859532,0.9428590715461149,0.7215936499565009,1.231972078538096,-0.4311884957813533,0.6663313181114341
seg,ALL,KAB,Industrial & auto-oriented,2945,NB2,-0.024764835522374056,0.1426562840576338,0.9755392972448884,0.7375870585264865,1.2902570746974082,-0.17359792935843574,0.862181459445257
seg,ALL,KAB,"Office, lodging & mixed use",2945,NB2,-0.0054344856303784215,0.14964870599651894,0.9945802544729403,0.7417478269928927,1.333593232888483,-0.03631495236921618,0.9710312275373919
seg,ALL,KAB,Shopping-center / big-box retail,2945,NB2,0.16412314323952956,0.12963940210476285,1.178359413154082,0.9139585260359504,1.5192493608995723,1.2659973786896985,0.20551402073459413
seg,ALL,KSI,Civic & recreation,819,NB2,-0.10722401089262669,0.19285334057084014,0.8983244159949721,0.6155638767937068,1.3109715933561064,-0.5559873143770641,0.5782195268940848
seg,ALL,KSI,Industrial & auto-oriented,819,NB2,-0.11004684252993019,0.19231545538014624,0.8957921731420475,0.6144761670188686,1.3058986833543238,-0.5722204817725269,0.5671726132924011
seg,ALL,KSI,"Office, lodging & mixed use",819,NB2,-0.41836165627194105,0.2184311230779532,0.6581241706458474,0.42891922799850823,1.0098111619043362,-1.9153024091838649,0.0554539485408397
seg,ALL,KSI,Shopping-center / big-box retail,819,NB2,0.06489877610919963,0.18385282708795875,1.0670510078626603,0.74419456593575,1.5299733503818946,0.35299308222304787,0.7240936267279203
seg,ALL,FAT,Civic & recreation,177,Firth-Poisson,0.3752835183971062,0.31237550307195633,1.4554039899354598,0.7890130111215118,2.6846208415615633,1.2013858791950753,0.22960155109907743
seg,ALL,FAT,Industrial & auto-oriented,177,Firth-Poisson,0.49761086606328553,0.32341507951807164,1.6447869564333908,0.8725959236590515,3.100317178550636,1.53861368123214,0.1238986365262978
seg,ALL,FAT,"Office, lodging & mixed use",177,Firth-Poisson,-0.3277096743907989,0.43005691745136604,0.7205721899001061,0.3101741910825598,1.673976416429926,-0.7620146568805248,0.4460512564589002
seg,ALL,FAT,Shopping-center / big-box retail,177,Firth-Poisson,0.4342693826398199,0.3140298887112756,1.5438346943712007,0.8342441286662454,2.856988118519622,1.3828918782921793,0.16669802098849829
seg,ANGLE,TOT,Civic & recreation,1310,NB2,0.07172241274189657,0.24409712365780606,1.074357074833233,0.6658386203256141,1.7335178360182275,0.29382735718935593,0.7688898293246188
seg,ANGLE,TOT,Industrial & auto-oriented,1310,NB2,0.3688200179661568,0.25323553054696757,1.446027321314085,0.88027438241859,2.3753900553617084,1.4564307669209626,0.14527357548870992
seg,ANGLE,TOT,"Office, lodging & mixed use",1310,NB2,-0.2953975424121458,0.26540524645534214,0.7442356634077887,0.4423774396393334,1.2520681957461721,-1.1130056634424905,0.2657059971510308
seg,ANGLE,TOT,Shopping-center / big-box retail,1310,NB2,0.5862694102589693,0.23426206125074509,1.7972710124503706,1.1355484728543879,2.844601678759502,2.502622093943966,0.012327709682141794
seg,ANGLE,KAB,Civic & recreation,212,NB2,0.01409231748748833,0.3577271639683352,1.0141920822817567,0.5030564322163151,2.0446723546131143,0.03939403799018107,0.9685762332161952
seg,ANGLE,KAB,Industrial & auto-oriented,212,NB2,0.050928331843376085,0.35124027146614856,1.0522474779437405,0.528610929754067,2.0945930031263114,0.1449957080114727,0.8847142604909772
seg,ANGLE,KAB,"Office, lodging & mixed use",212,NB2,-0.20824727114545477,0.3666513643532678,0.8120062261759736,0.3957850788333362,1.6659397905856836,-0.5679708065801958,0.5700547910446045
seg,ANGLE,KAB,Shopping-center / big-box retail,212,NB2,0.22571104087091678,0.32150475737935374,1.2532134854758086,0.6673515679202193,2.3533982921070775,0.7020457261992957,0.48265064754212017
seg,ANGLE,KSI,Civic & recreation,48,Firth-Poisson,0.09705809346538118,0.42324313979353434,1.1019243863678236,0.4807064623590175,2.5259434776752525,0.22931994482586976,0.8186202527543873
seg,ANGLE,KSI,Industrial & auto-oriented,48,Firth-Poisson,-0.2675027408643879,0.45524524376164777,0.7652882330686865,0.3135540834998296,1.8678311350192018,-0.5876013962365393,0.5567998736474197
seg,ANGLE,KSI,"Office, lodging & mixed use",48,Firth-Poisson,-0.44101115126209317,0.5920077859448571,0.6433855319722593,0.20162486507718233,2.0530451072726987,-0.7449414716028268,0.45630710283189946
seg,ANGLE,KSI,Shopping-center / big-box retail,48,Firth-Poisson,0.08950120370078896,0.4468081409645837,1.093628649713227,0.45555320992251264,2.625431228279598,0.20031238353797873,0.8412362781569797
seg,LEFTTURN,TOT,Civic & recreation,2289,NB2,0.014929684503963004,0.21075805221044264,1.0150416889464842,0.6715571908606142,1.5342098101562553,0.070838026577773,0.9435266669963907
seg,LEFTTURN,TOT,Industrial & auto-oriented,2289,NB2,-0.06135855021448199,0.21638503756483035,0.9404859678696689,0.6154059031005904,1.437285296262702,-0.28356188997632786,0.7767461461098993
seg,LEFTTURN,TOT,"Office, lodging & mixed use",2289,NB2,-0.09428252848861271,0.2288082408037133,0.9100256177547729,0.581149825322916,1.4250139789851886,-0.4120591468097272,0.6802960714779835
seg,LEFTTURN,TOT,Shopping-center / big-box retail,2289,NB2,0.5012230018818685,0.20174866403204997,1.6507388934435916,1.1115946659922376,2.4513781666044827,2.484393164567592,0.012977244131236802
seg,LEFTTURN,KAB,Civic & recreation,467,NB2,0.11341232346469031,0.24966960193425367,1.12009367865411,0.6866434642762641,1.8271634614381431,0.4542496266508069,0.649649167836137
seg,LEFTTURN,KAB,Industrial & auto-oriented,467,NB2,-0.09292705595347213,0.25892880064638596,0.9112599688614357,0.5485770663980435,1.513724837791189,-0.3588903811452817,0.7196770956675724
seg,LEFTTURN,KAB,"Office, lodging & mixed use",467,NB2,-0.3373253823721282,0.28100589222149036,0.7136765843388916,0.4114380030352298,1.2379368538545397,-1.2004210292723916,0.22997586572143391
seg,LEFTTURN,KAB,Shopping-center / big-box retail,467,NB2,0.24187075735204486,0.23645408983796062,1.273629574919821,0.8012524133821751,2.0244959853078557,1.022907903677184,0.3063513921818881
seg,LEFTTURN,KSI,Civic & recreation,135,Firth-Poisson,0.0810006127450218,0.3023735373056495,1.0843715610098326,0.5995046666104027,1.9613887060716624,0.2678826112456515,0.7887896788957922
seg,LEFTTURN,KSI,Industrial & auto-oriented,135,Firth-Poisson,0.13365560395174136,0.3180517610756279,1.1429991074763028,0.6127943701092519,2.131950003814013,0.4202322398710444,0.6743158048600213
seg,LEFTTURN,KSI,"Office, lodging & mixed use",135,Firth-Poisson,-0.23166228705500788,0.3924597644025733,0.7932139567000621,0.3675545906833233,1.7118229429104383,-0.5902828979364513,0.5550010030920085
seg,LEFTTURN,KSI,Shopping-center / big-box retail,135,Firth-Poisson,0.3950095539360836,0.298827789594155,1.4843983727003434,0.8263863211340262,2.6663540677339777,1.321863520365878,0.18621360180029678
seg,LEFTTURN,FAT,Civic & recreation,30,Firth-Poisson,0.4906294256144186,0.5815238580536096,1.633343965005649,0.5224858712541678,5.105999328970552,0.8436961249648133,0.39883923347821326
seg,LEFTTURN,FAT,Industrial & auto-oriented,30,Firth-Poisson,0.25876539999041953,0.6491815043818989,1.2953298847762404,0.36289913490731335,4.623542326225079,0.39860254527244454,0.6901860858698934
seg,LEFTTURN,FAT,"Office, lodging & mixed use",30,Firth-Poisson,0.7469175948170859,0.6003102525360631,2.110484611507163,0.6507104583476147,6.845049496698117,1.2442192877127574,0.21341886694009016
seg,LEFTTURN,FAT,Shopping-center / big-box retail,30,Firth-Poisson,0.9406349962128631,0.5756417088650212,2.5616075130622695,0.8289273584800644,7.916053178663276,1.6340633100883017,0.10224555778210334
seg,RIGHTTURN,TOT,Civic & recreation,567,NB2,0.4476887798003256,0.2568694228942032,1.5646916562195203,0.9457516327410749,2.588692310207476,1.7428652065945394,0.08135716291260078
seg,RIGHTTURN,TOT,Industrial & auto-oriented,567,NB2,0.38502308409446645,0.2626356002120775,1.4696482465485334,0.878321400688283,2.45908384663135,1.465997312563725,0.14264901900174254
seg,RIGHTTURN,TOT,"Office, lodging & mixed use",567,NB2,-0.12234065581908227,0.2876628679579202,0.8848468889134492,0.5035058858521835,1.5550046957140542,-0.4252917892655456,0.6706239783020203
seg,RIGHTTURN,TOT,Shopping-center / big-box retail,567,NB2,0.6326365115947626,0.24494398492104774,1.8825674528830587,1.164796392257996,3.042643536853965,2.582780352000393,0.009800769765385117
seg,RIGHTTURN,KAB,Civic & recreation,52,Firth-Poisson,-0.052331645982344,0.518106108458829,0.9490140779404006,0.34375722275827936,2.619952863542785,-0.10100565333616889,0.9195459724171632
seg,RIGHTTURN,KAB,Industrial & auto-oriented,52,Firth-Poisson,0.81901378479527,0.43620326806988297,2.268261739874666,0.9646937161421019,5.333310702131051,1.8775966269561692,0.06043636753020438
seg,RIGHTTURN,KAB,"Office, lodging & mixed use",52,Firth-Poisson,-0.21969967816607552,0.5999289615594187,0.8027598480741355,0.2476941790352415,2.6016896165667327,-0.3662094885284445,0.7142087624345023
seg,RIGHTTURN,KAB,Shopping-center / big-box retail,52,Firth-Poisson,1.1693633698084887,0.4177527145350922,3.2199420735330357,1.4198738779445927,7.3020759927754755,2.7991759936493708,0.005123320484258749
seg,REAREND,TOT,Civic & recreation,10937,NB2,-0.20235215186044964,0.14319065561836314,0.8168072371016033,0.6169262224433723,1.0814487021465435,-1.4131659009912338,0.1576069500653574
seg,REAREND,TOT,Industrial & auto-oriented,10937,NB2,-0.16067376318820473,0.14305172051396778,0.8515698392249648,0.6433572338394755,1.1271672298606192,-1.1231865133178618,0.26135828924252813
seg,REAREND,TOT,"Office, lodging & mixed use",10937,NB2,-0.1341753794706605,0.14990955630011354,0.8744366929102753,0.6518126468415244,1.1730971063741362,-0.8950422026601573,0.37076452838081797
seg,REAREND,TOT,Shopping-center / big-box retail,10937,NB2,0.20620123948511673,0.1329287983380082,1.2290005025397008,0.9471107870499675,1.5947893909513138,1.5512157039198768,0.12084999999487657
seg,REAREND,KAB,Civic & recreation,933,NB2,-0.21731115496498976,0.16426955390756431,0.8046795503101604,0.583168285083944,1.1103298914723325,-1.3228936817304098,0.18587073678381594
seg,REAREND,KAB,Industrial & auto-oriented,933,NB2,-0.3319763535318404,0.1687938989316092,0.7175042890961731,0.5153997862771048,0.9988603382823596,-1.9667556448017613,0.04921138837747437
seg,REAREND,KAB,"Office, lodging & mixed use",933,NB2,-0.3887623427510592,0.19417688148903622,0.6778953576171557,0.46331457383569713,0.9918576747422938,-2.002104162812038,0.045273529915830675
seg,REAREND,KAB,Shopping-center / big-box retail,933,NB2,0.009335516151822295,0.1486417655649453,1.0093792280010705,0.7542719162495232,1.3507680770962036,0.06280547137166084,0.9499214089484885
seg,REAREND,KSI,Civic & recreation,167,NB2,-0.3186007860921327,0.3566781323836885,0.7271657860643306,0.3614289042147043,1.4629988754536458,-0.8932445170185119,0.371726243053218
seg,REAREND,KSI,Industrial & auto-oriented,167,NB2,-0.11528542341637017,0.343431940239441,0.8911117634415985,0.4545660614119093,1.7468971891072003,-0.33568637598469464,0.7371073806577597
seg,REAREND,KSI,"Office, lodging & mixed use",167,NB2,-0.48497012614113066,0.4001310442163692,0.615715590290189,0.28104879618921824,1.3488963242922412,-1.2120282421248103,0.2255015699581212
seg,REAREND,KSI,Shopping-center / big-box retail,167,NB2,-0.015900113023697416,0.3249325904972986,0.9842256264672656,0.5206027571170149,1.8607279169233222,-0.04893357418953518,0.9609722325673955
seg,SIDESWIPE,TOT,Civic & recreation,3471,NB2,-0.02915634076993085,0.15673368165231163,0.9712646043399005,0.7143699191148924,1.3205412299727912,-0.18602472973619982,0.852425368278406
seg,SIDESWIPE,TOT,Industrial & auto-oriented,3471,NB2,0.10976894858259956,0.16786756287204732,1.116020182622301,0.8031197285071391,1.550828604765426,0.6539020803338169,0.5131748935827418
seg,SIDESWIPE,TOT,"Office, lodging & mixed use",3471,NB2,0.055822760222446324,0.16755559634863945,1.0574102519690776,0.7614077864305598,1.468485693075165,0.3331596284393494,0.7390137907857004
seg,SIDESWIPE,TOT,Shopping-center / big-box retail,3471,NB2,0.3517026137980406,0.15004001636084097,1.4214857306127089,1.059316810282112,1.907476274068968,2.344058753980726,0.019075166238114213
seg,SIDESWIPE,KAB,Civic & recreation,135,Firth-Poisson,0.4066930426771833,0.31805859034551637,1.501843033184027,0.8051700397228253,2.8013120024931024,1.2786733483141604,0.20101210872603603
seg,SIDESWIPE,KAB,Industrial & auto-oriented,135,Firth-Poisson,0.6534500954819789,0.3165305776564642,1.9221610413892405,1.0336023868219626,3.574588367964924,2.0644138089912403,0.038978498299824006
seg,SIDESWIPE,KAB,"Office, lodging & mixed use",135,Firth-Poisson,0.10381315890950117,0.4001531793964817,1.1093931553232121,0.5063702931405074,2.430539843569543,0.2594335475881363,0.795300748300009
seg,SIDESWIPE,KAB,Shopping-center / big-box retail,135,Firth-Poisson,0.5845126984930789,0.3076188180002405,1.7941164969148296,0.9817484299244377,3.2786953422983167,1.9001200976353205,0.05741736082168776
seg,SIDESWIPE,KSI,Civic & recreation,28,Firth-Poisson,-0.11438262743794696,0.5532954134084471,0.8919166188133898,0.30154330607640795,2.63814596074613,-0.20672975894255025,0.8362209151256454
seg,SIDESWIPE,KSI,Industrial & auto-oriented,28,Firth-Poisson,-0.5401647069554018,0.6505088841841971,0.5826522775876498,0.16281151125539292,2.085133133157566,-0.8303725284748756,0.40632819273138787
seg,SIDESWIPE,KSI,"Office, lodging & mixed use",28,Firth-Poisson,-0.918134194646417,0.8392548661267547,0.3992632941446368,0.07706749117629898,2.0684620145030936,-1.0939873353176948,0.27396053274623233
seg,SIDESWIPE,KSI,Shopping-center / big-box retail,28,Firth-Poisson,0.2186804779996734,0.5254192925205102,1.2444335892462617,0.44435062362661165,3.4851193532826823,0.4162018431996138,0.6772623110990637
seg,HEADON,TOT,Civic & recreation,222,NB2,-0.28832604104862325,0.3199609132003396,0.749517179029825,0.40033666197831097,1.403258944321372,-0.9011289477977313,0.36751976322255697
seg,HEADON,TOT,Industrial & auto-oriented,222,NB2,-0.2780074789282661,0.33281353211848586,0.7572911577669107,0.394426683787401,1.453983518876384,-0.835325045705449,0.4035347193476876
seg,HEADON,TOT,"Office, lodging & mixed use",222,NB2,-0.27664197720706174,0.35272667834337446,0.7583259464883959,0.3798471793480075,1.5139199983124425,-0.7842955869012966,0.4328666883571377
seg,HEADON,TOT,Shopping-center / big-box retail,222,NB2,0.2550570815623163,0.29617908111409635,1.2905352845407172,0.7221994603127565,2.306123740279915,0.8611583255741863,0.3891508492416573
seg,HEADON,KAB,Civic & recreation,39,Firth-Poisson,0.24390833220624572,0.5501810032673138,1.2762273361829948,0.4341147259978602,3.7519027023947835,0.4433237984549953,0.6575315444888569
seg,HEADON,KAB,Industrial & auto-oriented,39,Firth-Poisson,-0.6751533191777933,0.6571245050808967,0.5090783631477791,0.14041999975520347,1.8456115957628638,-1.0274359180908603,0.3042152457102747
seg,HEADON,KAB,"Office, lodging & mixed use",39,Firth-Poisson,0.44571219789597305,0.5408140027104009,1.5616019695212728,0.5410285399738843,4.507342092027956,0.82415062417429,0.40985397840634785
seg,HEADON,KAB,Shopping-center / big-box retail,39,Firth-Poisson,0.8867795440614379,0.48913712845666985,2.427300037772845,0.9305967539406733,6.331190656342718,1.8129467024092267,0.06984004208793544
seg,OFFROAD,TOT,Civic & recreation,1192,NB2,-0.08210521164708184,0.14860884522475062,0.9211750352549908,0.6884045891355651,1.2326522207566644,-0.5524920910522446,0.5806112516064947
seg,OFFROAD,TOT,Industrial & auto-oriented,1192,NB2,-0.022395904446987514,0.15404772262929206,0.977853022046664,0.7230120134844169,1.3225181807389186,-0.14538289865460788,0.8844085661050767
seg,OFFROAD,TOT,"Office, lodging & mixed use",1192,NB2,-0.220650787040325,0.16087556506837405,0.8019966990351819,0.5851032833643348,1.0992908834230866,-1.3715618462415082,0.1701998781053684
seg,OFFROAD,TOT,Shopping-center / big-box retail,1192,NB2,-0.03674331000274055,0.14630171757082805,0.963923533124504,0.7236158101231792,1.28403576139811,-0.2511474958245262,0.8017000760036579
seg,OFFROAD,KAB,Civic & recreation,189,NB2,-0.009430093524659327,0.25171628109938626,0.9906142303717006,0.6048383755581185,1.622444264568035,-0.03746318467551172,0.9701156939008456
seg,OFFROAD,KAB,Industrial & auto-oriented,189,NB2,-0.11553130433782292,0.2686980716904912,0.8908926829950409,0.5261444285977521,1.5085017144995638,-0.4299670020367749,0.6672196449772261
seg,OFFROAD,KAB,"Office, lodging & mixed use",189,NB2,-0.8518203702379631,0.3214717245776538,0.42663758627047543,0.22720446264374147,0.8011270020875677,-2.649752078062467,0.008055085639214294
seg,OFFROAD,KAB,Shopping-center / big-box retail,189,NB2,-0.4295774626989508,0.2627370581956961,0.6507840171589105,0.38885758929010084,1.0891386683815731,-1.6350090301269413,0.10204715463701813
seg,OFFROAD,KSI,Civic & recreation,83,Firth-Poisson,0.6737621208516664,0.33773995253244826,1.9616032446693765,1.0118616114020864,3.8027801886520822,1.9949138850753374,0.04605227286479842
seg,OFFROAD,KSI,Industrial & auto-oriented,83,Firth-Poisson,0.6900665122728008,0.37582952599292163,1.9938481442045959,0.9545079005656992,4.164900489343284,1.836115750750774,0.06634053928544371
seg,OFFROAD,KSI,"Office, lodging & mixed use",83,Firth-Poisson,-0.24530703697082554,0.4618527365833385,0.7824642559010636,0.31646633781330485,1.9346459278837875,-0.5311369134359593,0.595323906020711
seg,OFFROAD,KSI,Shopping-center / big-box retail,83,Firth-Poisson,0.2563083526095239,0.3774767635364815,1.2921511046813212,0.6165930075540075,2.7078712487392473,0.6790043185923226,0.4971351256228671
seg,OFFROAD,FAT,Civic & recreation,25,Firth-Poisson,0.045976056345489485,0.5536836849754092,1.0470493404691352,0.3537220066834076,3.099361364751289,0.08303668248330529,0.9338223719140176
seg,OFFROAD,FAT,Industrial & auto-oriented,25,Firth-Poisson,0.7701732661083723,0.5495406432214041,2.1601405004999017,0.7357047507527246,6.342499456644546,1.4014855418038257,0.16106892808483475
seg,OFFROAD,FAT,"Office, lodging & mixed use",25,Firth-Poisson,-0.8861838111726729,0.8440783692979151,0.41222588670617577,0.07882087429352631,2.1559032831566745,-1.0498833324087906,0.2937717556284868
seg,OFFROAD,FAT,Shopping-center / big-box retail,25,Firth-Poisson,-0.6053052221257351,0.6610452445884685,0.545907778076109,0.1494260135162573,1.9944004069383188,-0.9156789600726436,0.3598353035059221
seg,ROLLOVER,TOT,Civic & recreation,107,Firth-Poisson,0.18392241015139432,0.34175022731701926,1.2019225624886507,0.6151383756731825,2.348443705269328,0.5381778721708985,0.5904542551087513
seg,ROLLOVER,TOT,Industrial & auto-oriented,107,Firth-Poisson,0.14358159476537516,0.3745212696004285,1.1544010000431284,0.5540612195974743,2.4052245884827306,0.38337367305883685,0.7014427207782727
seg,ROLLOVER,TOT,"Office, lodging & mixed use",107,Firth-Poisson,-0.0007258224929066492,0.3737360397950814,0.999274440852521,0.48034606769572713,2.078812496438807,-0.0019420725207679086,0.998450451293778
seg,ROLLOVER,TOT,Shopping-center / big-box retail,107,Firth-Poisson,0.6039406078359089,0.3263248038246598,1.82931322190036,0.964972179434367,3.46785838507905,1.8507346078431017,0.0642077426703324
seg,ROLLOVER,KAB,Civic & recreation,20,Firth-Poisson,0.22709065773321904,0.5699150977780766,1.2549436331284514,0.4106791879384182,3.8348267177488253,0.3984640144094718,0.6902881792001321
seg,ROLLOVER,KAB,Industrial & auto-oriented,20,Firth-Poisson,-0.23659967326295006,0.6689618851251113,0.7893072055564022,0.21272288534071582,2.928720451235866,-0.3536818442484215,0.723577330457281
seg,ROLLOVER,KAB,"Office, lodging & mixed use",20,Firth-Poisson,-1.6829327995224141,1.3790214379985455,0.18582817927894438,0.012452737284863314,2.773053941811038,-1.220381897735363,0.22232013641408066
seg,ROLLOVER,KAB,Shopping-center / big-box retail,20,Firth-Poisson,-0.0892195615064499,0.6610935979177025,0.9146447307516322,0.2503330585828791,3.3418478095842716,-0.13495753367975674,0.8926454502904216
seg,SINGLE,TOT,Civic & recreation,566,NB2,-0.09961289432021615,0.2149657988534853,0.9051877535438199,0.5939584805817182,1.3794985608475996,-0.4633895012671738,0.6430852026431726
seg,SINGLE,TOT,Industrial & auto-oriented,566,NB2,0.016656919869214366,0.22007540727624889,1.0167964198292085,0.6605444377072721,1.5651860803885385,0.075687329517495,0.9396678566573698
seg,SINGLE,TOT,"Office, lodging & mixed use",566,NB2,0.18359649191308752,0.22479741799807892,1.2015308978332975,0.7733632275958023,1.8667508965174464,0.8167197539371048,0.4140885997893258
seg,SINGLE,TOT,Shopping-center / big-box retail,566,NB2,0.1775182021903766,0.20638252557934794,1.1942497956667593,0.7969275179367713,1.7896641066462138,0.860141631138854,0.3897109750059268
seg,SINGLE,KAB,Civic & recreation,160,NB2,0.759011875823502,0.3559180172613651,2.1361643816186726,1.0633375163487742,4.291392145144214,2.1325469321945807,0.03296191059366009
seg,SINGLE,KAB,Industrial & auto-oriented,160,NB2,0.4961021152091521,0.38387334395878403,1.6423072538051184,0.7739177795937358,3.4850900018303976,1.2923588548581741,0.19623289867129834
seg,SINGLE,KAB,"Office, lodging & mixed use",160,NB2,0.5655933515866456,0.39247837664350854,1.7604920636375443,0.815736195076839,3.7994296744903355,1.4410815607820833,0.14956164218899692
seg,SINGLE,KAB,Shopping-center / big-box retail,160,NB2,0.9614499082430384,0.3481519856293145,2.61548594019394,1.3219025391163726,5.17494028563172,2.7615809988994764,0.005752224635791101
seg,SINGLE,KSI,Civic & recreation,45,Firth-Poisson,1.3072539250744712,0.6473931022476459,3.6960102427206367,1.0391088228200691,13.14635331189108,2.0192583463368603,0.04346037480596996
seg,SINGLE,KSI,Industrial & auto-oriented,45,Firth-Poisson,1.572147233727722,0.6476844224283723,4.816980279625985,1.353489085008403,17.143321857051824,2.4273352566258244,0.015210193046218403
seg,SINGLE,KSI,"Office, lodging & mixed use",45,Firth-Poisson,0.9420868869499198,0.7016537653085319,2.5653293885068957,0.6484603014529289,10.148523906231544,1.3426663313574103,0.17938004140806363
seg,SINGLE,KSI,Shopping-center / big-box retail,45,Firth-Poisson,1.9434874446924109,0.6261046219408732,6.983061596117167,2.0468916735981195,23.8230238972287,3.1040937514049305,0.0019086284132656488
seg,PED,TOT,Civic & recreation,424,NB2,0.8808589295241565,0.3005050043211268,2.412971388942107,1.3389277687172085,4.34857731678201,2.9312620983271533,0.003375878257118451
seg,PED,TOT,Industrial & auto-oriented,424,NB2,0.46731212827066176,0.3075014009186968,1.595699388585988,0.8733746895847094,2.915422863862066,1.5197073147455962,0.12858455237445182
seg,PED,TOT,"Office, lodging & mixed use",424,NB2,0.44931991035758745,0.3317524034979458,1.567245955223924,0.8179821202540705,3.002828330040784,1.354383285908491,0.17561412719929503
seg,PED,TOT,Shopping-center / big-box retail,424,NB2,0.9386064783988392,0.2936074623658667,2.5564165133871724,1.4378311784474507,4.545224424035172,3.196807297865045,0.0013895772481467387
seg,PED,KAB,Civic & recreation,290,NB2,0.6452727750386753,0.33424253534931403,1.9065070058726414,0.9902056855554302,3.6707211607279704,1.9305525383365891,0.05353841206931425
seg,PED,KAB,Industrial & auto-oriented,290,NB2,0.2761111509516495,0.3406866987477709,1.317994352212519,0.6759509406376287,2.5698745397491005,0.8104547432186948,0.41767886576654156
seg,PED,KAB,"Office, lodging & mixed use",290,NB2,0.41931811400040586,0.36349577347350354,1.5209241050936295,0.745922477299228,3.1011401370157534,1.153570810448423,0.2486761712041604
seg,PED,KAB,Shopping-center / big-box retail,290,NB2,0.65902629234604,0.3285779731457871,1.932909329194267,1.015126733185157,3.680465061897614,2.005692244177415,0.04488909321043553
seg,PED,KSI,Civic & recreation,147,Firth-Poisson,0.6403977672414637,0.3952146042664663,1.8972353873221393,0.8743951776964214,4.116562175457341,1.6203798147339896,0.10515071318641635
seg,PED,KSI,Industrial & auto-oriented,147,Firth-Poisson,0.767591121386258,0.39962244277151476,2.154569900250678,0.9844532515929072,4.715481865243364,1.92079082461625,0.05475808368959528
seg,PED,KSI,"Office, lodging & mixed use",147,Firth-Poisson,0.6890890874419943,0.4480219559979839,1.9919002596300457,0.827758406870953,4.793266503100343,1.5380699053175313,0.124031523396735
seg,PED,KSI,Shopping-center / big-box retail,147,Firth-Poisson,1.2099670506233169,0.37983318109516545,3.35337415914036,1.5928008631527986,7.059964940583766,3.1855222525179157,0.0014449299113630692
seg,PED,FAT,Civic & recreation,65,Firth-Poisson,1.2944512411237759,0.6105133594052163,3.648993007316579,1.1027919016422487,12.074036767604769,2.1202668560518902,0.03398354709848467
seg,PED,FAT,Industrial & auto-oriented,65,Firth-Poisson,1.3136492382191727,0.6358648915948413,3.719723130458754,1.0696741300069896,12.935098437109497,2.0659250975853536,0.03883555265353175
seg,PED,FAT,"Office, lodging & mixed use",65,Firth-Poisson,0.33481250256174255,0.8220846928357969,1.3976782995523649,0.2790195311758546,7.001318584426894,0.40727251763659583,0.6838078452145042
seg,PED,FAT,Shopping-center / big-box retail,65,Firth-Poisson,1.4099455151390414,0.618552846202693,4.095732242590009,1.2184528967450448,13.767477304870713,2.2794261214619285,0.022641747011803052
seg,BIKE,TOT,Civic & recreation,387,NB2,0.09820751337058878,0.255270211523137,1.1031916883831032,0.6688990673152629,1.8194552224483145,0.38471983387567144,0.7004449988492857
seg,BIKE,TOT,Industrial & auto-oriented,387,NB2,0.09908301977103785,0.25896718560039583,1.1041579626951554,0.6646513483520916,1.834292233974793,0.38260839704969324,0.7020101432492971
seg,BIKE,TOT,"Office, lodging & mixed use",387,NB2,-0.5395729123137682,0.3021540916389489,0.5829971901320933,0.32245395377704456,1.0540597183588096,-1.785754114356051,0.07413907923098413
seg,BIKE,TOT,Shopping-center / big-box retail,387,NB2,0.20444082449968481,0.24665614037182507,1.226838854894637,0.7565359611764885,1.98950698065767,0.8288495238411571,0.4071895606987822
seg,BIKE,KAB,Civic & recreation,196,NB2,-0.17056602415809263,0.34833789761565465,0.843187417051441,0.42600325006352185,1.668919239859949,-0.4896568111755958,0.6243767681531818
seg,BIKE,KAB,Industrial & auto-oriented,196,NB2,-0.006385440397678116,0.3316664752235218,0.993634903202877,0.5186885191118159,1.9034744060917839,-0.019252595226498977,0.9846396004397375
seg,BIKE,KAB,"Office, lodging & mixed use",196,NB2,-0.45929574654428085,0.3997159738213738,0.6317283857823696,0.288592663133266,1.3828513485767697,-1.1490552708046944,0.2505331906747811
seg,BIKE,KAB,Shopping-center / big-box retail,196,NB2,0.09797385222024037,0.3240371796209339,1.1029339454575677,0.5844178707979247,2.081495705088073,0.3023537371077369,0.7623824176979359
seg,BIKE,KSI,Civic & recreation,66,Firth-Poisson,0.06539243083739962,0.39624543623957176,1.0675778926768122,0.49103070171460167,2.3210820687026943,0.16503011733834347,0.8689202768499714
seg,BIKE,KSI,Industrial & auto-oriented,66,Firth-Poisson,0.20418379981588167,0.38421687464870186,1.2265235675459314,0.5775956200226369,2.604521242191277,0.5314285063678463,0.5951218718698736
seg,BIKE,KSI,"Office, lodging & mixed use",66,Firth-Poisson,-0.9621760965038022,0.6724133314526856,0.3820605800220896,0.10227334203501007,1.4272564473041975,-1.4309295361903542,0.1524504109973509
seg,BIKE,KSI,Shopping-center / big-box retail,66,Firth-Poisson,-0.08647526714000679,0.4038462371576129,0.9171582324503433,0.41560753397703654,2.023974915233167,-0.21412918874432219,0.8304463143240385
seg,ALCOHOL,TOT,Civic & recreation,435,NB2,0.165432955008631,0.24465466266336575,1.1799038534238795,0.7304531501396542,1.9059033465162718,0.6761896675407311,0.49892023184179446
seg,ALCOHOL,TOT,Industrial & auto-oriented,435,NB2,0.30125105233751276,0.2489602008996549,1.3515486083867636,0.82968352886458,2.201663136945734,1.210036990847923,0.22626469906599933
seg,ALCOHOL,TOT,"Office, lodging & mixed use",435,NB2,0.12382313509052445,0.27692451872496976,1.1318156748189876,0.6577377905969239,1.9475948319822005,0.4471367709173509,0.6547763109247688
seg,ALCOHOL,TOT,Shopping-center / big-box retail,435,NB2,0.25895350118103944,0.23064763549523132,1.2955735607869676,0.8243864515723657,2.0360728250795144,1.1227234158504666,0.26155497990790155
seg,ALCOHOL,KAB,Civic & recreation,123,Firth-Poisson,0.09066168836481409,0.3291501023869845,1.0948985256826371,0.5743751571251907,2.0871424654613353,0.27544177476275666,0.7829768531779384
seg,ALCOHOL,KAB,Industrial & auto-oriented,123,Firth-Poisson,0.3914537803138024,0.33166340853425347,1.4791295610238904,0.7721267948473701,2.833503866068013,1.1802742486540354,0.23789115667341598
seg,ALCOHOL,KAB,"Office, lodging & mixed use",123,Firth-Poisson,0.331539110562598,0.36981616081209756,1.3931106305533933,0.6748258883086632,2.8759377234697574,0.8964970861050391,0.36998733587741006
seg,ALCOHOL,KAB,Shopping-center / big-box retail,123,Firth-Poisson,0.25279537035329347,0.32573461352624083,1.2876197646968097,0.680012245994882,2.4381394132280763,0.77607770207979,0.4377031084707117
seg,ALCOHOL,KSI,Civic & recreation,54,Firth-Poisson,0.07506536654584003,0.44646516165139494,1.0779546107512246,0.4493261107566522,2.586064141438549,0.16813264055853014,0.8664789313983633
seg,ALCOHOL,KSI,Industrial & auto-oriented,54,Firth-Poisson,0.5220120494623814,0.45431786922592554,1.6854153795242697,0.6918051250523083,4.1061057495377105,1.1490017998891269,0.25055523848377725
seg,ALCOHOL,KSI,"Office, lodging & mixed use",54,Firth-Poisson,-0.41291497678146727,0.5890429008163433,0.6617185418763449,0.20857865589553176,2.0993108177006725,-0.7009930451741568,0.4833073555227876
seg,ALCOHOL,KSI,Shopping-center / big-box retail,54,Firth-Poisson,-0.3954612888878721,0.5093269850515019,0.673369349797086,0.24814496195099517,1.8272636997389258,-0.7764389095698199,0.43748987818732443
seg,ALCOHOL,FAT,Civic & recreation,20,Firth-Poisson,-0.16026963046645157,0.9823954274562096,0.8519140560118023,0.12421210278695083,5.842889239829575,-0.16314166982785108,0.8704068914896586
seg,ALCOHOL,FAT,Industrial & auto-oriented,20,Firth-Poisson,0.7494346678188192,0.8545484448813562,2.1158035466090874,0.39634101704717184,11.294881062766192,0.8769949466385949,0.38048938285081213
seg,ALCOHOL,FAT,"Office, lodging & mixed use",20,Firth-Poisson,-0.6458306670258753,1.2845672508390293,0.5242269031936426,0.042274023692432716,6.500773336160806,-0.5027612735760186,0.6151321241192791
seg,ALCOHOL,FAT,Shopping-center / big-box retail,20,Firth-Poisson,-0.6062015417498804,1.1412815203759243,0.5454186894442592,0.05824405093130092,5.107500972862857,-0.5311586413404862,0.5953088504657426
