facility,type,sev,spec,lu,beta,se,IRR,lo,hi,z,p
int,ALL,TOT,main,LU_GASSTNS,0.1462851416856264,0.04878551006566969,1.157526199970299,1.0519709942786282,1.273672858762111,2.9985366861741003,0.0027127949400155603
int,ALL,TOT,main,LU_COMMSHOPCNTRS,0.1605235603020825,0.041946736860890045,1.174125435564692,1.0814556482091757,1.2747360843903364,3.82684261792364,0.00012979744319463715
int,ALL,TOT,main,LU_FASTFOOD,0.10012484877555752,0.039461873997060706,1.1053089059251788,1.0230410116356288,1.1941923770624412,2.537255295656138,0.011172544561166963
int,ALL,TOT,main,LU_SINGLESTORE,0.0620779620796603,0.016095422865281046,1.0640452966786202,1.0310017818055217,1.0981478532473175,3.8568705276806865,0.0001148479542412865
int,ALL,TOT,main,LU_SUPERMKTS,0.02857797682234623,0.06152647191464878,1.0289902450958148,0.9120924639559802,1.1608701599287043,0.464482619156034,0.6423020092819347
int,ALL,TOT,main,LU_AUTOSALSER,0.053026342789344046,0.026975977591687593,1.0544574221032355,1.0001534384801158,1.1117098759549044,1.9656875310307065,0.04933471603036338
int,ALL,TOT,main,LU_HOTELS,0.1333952539646336,0.07411776662856775,1.1427015664074947,0.9881946676309862,1.3213660350955712,1.7997743325581814,0.07189627842411805
int,ALL,TOT,main,LU_BANKINS,0.05306054723394475,0.044405930256644015,1.0544934898505487,0.9665955956991407,1.1503844266256031,1.1948977744026843,0.23212697255271764
int,ALL,TOT,main,LU_OFFBLDGS,0.02583540944051001,0.07957608816504852,1.0261720363435576,0.8779780168971908,1.199379742894851,0.3246629739693269,0.7454361603264875
int,ALL,TOT,main,LU_INDUSTRIAL,-0.09174297333301885,0.042168184941183504,0.9123396150222636,0.8399670485610378,0.9909478884498013,-2.1756443503789082,0.029581864346808324
int,ALL,TOT,route_fe,LU_GASSTNS,0.15827078374273953,0.051198508972989575,1.1714833704143168,1.0596320297972923,1.295141377917599,3.091316269117081,0.0019927126117339944
int,ALL,TOT,route_fe,LU_COMMSHOPCNTRS,0.1240157536173818,0.04224608484034502,1.1320337044845477,1.0420744889894475,1.2297588335856333,2.935556137001996,0.0033295036082486417
int,ALL,TOT,route_fe,LU_FASTFOOD,0.12846868184463936,0.040124441731107095,1.1370858093035332,1.051086904641624,1.2301210604087176,3.20175624387671,0.001365925286572623
int,ALL,TOT,route_fe,LU_SINGLESTORE,0.05245715120310002,0.016334713763406325,1.0538574045891813,1.020651462581646,1.0881436709043104,3.2113909042358992,0.0013209411532547825
int,ALL,TOT,route_fe,LU_SUPERMKTS,0.04396075190270647,0.062204968406496766,1.044941342124151,0.9250005136486509,1.1804343807045345,0.7067080496759026,0.4797479261301236
int,ALL,TOT,route_fe,LU_AUTOSALSER,0.08002819683649881,0.027262724620725272,1.083317613373931,1.0269500126421207,1.1427791391976612,2.9354438321861984,0.0033307090490565417
int,ALL,TOT,route_fe,LU_HOTELS,0.16262235793778856,0.07310386674961934,1.1765922750457873,1.0195269845607602,1.3578545763492913,2.2245383885748473,0.026112242672172457
int,ALL,TOT,route_fe,LU_BANKINS,0.04139733646579208,0.04520915288534969,1.0422661536317293,0.9538845771274906,1.1388366696079713,0.9156848519319888,0.3598322123546638
int,ALL,TOT,route_fe,LU_OFFBLDGS,0.02049996377151362,0.07831210068543944,1.020711531264359,0.875472311598433,1.1900456659261152,0.261772619966574,0.7934967492725551
int,ALL,TOT,route_fe,LU_INDUSTRIAL,-0.02532437217415773,0.042965846545192934,0.9749935999358844,0.8962486158913369,1.0606571692950764,-0.5894070339687291,0.5555882591124869
int,ALL,TOT,no_esf,LU_GASSTNS,0.18113725945341047,0.05611479455839657,1.1985796843953502,1.073744704066129,1.3379281447489975,3.2279768798744812,0.0012466904984049483
int,ALL,TOT,no_esf,LU_COMMSHOPCNTRS,0.16844340928952356,0.048139631169056785,1.1834612520367265,1.0769034340731665,1.3005627902725945,3.4990589914987904,0.00046690326912226095
int,ALL,TOT,no_esf,LU_FASTFOOD,0.1310482239560285,0.04475334216490352,1.1400227563936975,1.0442841986172575,1.2445384951877658,2.9282332361492136,0.003408942193675659
int,ALL,TOT,no_esf,LU_SINGLESTORE,0.0735560893895652,0.018153834854709526,1.0763289056101346,1.0387048214724348,1.115315813601096,4.051821005217696,5.082053933645311e-05
int,ALL,TOT,no_esf,LU_SUPERMKTS,0.001965975347758609,0.07047161454405315,1.0019679091443505,0.8727043946265601,1.1503777191183941,0.027897407494894843,0.9777439761595137
int,ALL,TOT,no_esf,LU_AUTOSALSER,0.06535079058813799,0.03011825402917058,1.0675334393927842,1.006339019771122,1.132449027447013,2.1698067399538985,0.030021489571286357
int,ALL,TOT,no_esf,LU_HOTELS,0.12238092406812276,0.08296029198200897,1.1301845342845926,0.9605768897163273,1.3297395504833482,1.475174702792303,0.14016558073031032
int,ALL,TOT,no_esf,LU_BANKINS,0.00019495589338532892,0.05013004818123299,1.0001949748985206,0.9065945621692709,1.1034590648972684,0.003889002713113567,0.9968970326000116
int,ALL,TOT,no_esf,LU_OFFBLDGS,0.025683813945854363,0.08924463932749577,1.0260164850768398,0.8613660849602225,1.2221398613552876,0.28779111148182235,0.7735066416739257
int,ALL,TOT,no_esf,LU_INDUSTRIAL,-0.10168478451383725,0.04702878667844631,0.9033142454356102,0.8237722306450211,0.9905366989222115,-2.1621817549556352,0.03060416929949721
int,ALL,KAB,main,LU_GASSTNS,0.12441457746753921,0.053425762571303395,1.132485276567951,1.0198954100048914,1.2575043372702672,2.3287375131331505,0.019872975519300513
int,ALL,KAB,main,LU_COMMSHOPCNTRS,0.1591772547244981,0.04856489571460936,1.1725457675385456,1.0660818009216952,1.2896417289779265,3.27761961355585,0.001046863657578027
int,ALL,KAB,main,LU_FASTFOOD,0.08167221121388693,0.04488104396862354,1.0851000678945595,0.9937251347472639,1.1848771014977282,1.8197484726733228,0.06879731788831814
int,ALL,KAB,main,LU_SINGLESTORE,0.02940247898765787,0.01886539667689673,1.0298389996328754,0.9924549096865999,1.068631284719777,1.558540193520831,0.11910524773880543
int,ALL,KAB,main,LU_SUPERMKTS,0.028649308216266687,0.0718139915329,1.0290636470222276,0.8939493908591828,1.1845994867840344,0.39893769451794975,0.689939113669632
int,ALL,KAB,main,LU_AUTOSALSER,0.013194890298524478,0.031979701741358155,1.0132823270128999,0.9517191244031283,1.078827826309153,0.4126020437976762,0.6798982036060622
int,ALL,KAB,main,LU_HOTELS,0.0801357171868349,0.08594121431746102,1.0834340983253854,0.9154778927657674,1.282204032112521,0.9324480439713011,0.3511050255852962
int,ALL,KAB,main,LU_BANKINS,0.029550379592599135,0.0515684840648099,1.029991324708121,0.9309740743670107,1.1395399272480344,0.5730317679197434,0.5666231845358924
int,ALL,KAB,main,LU_OFFBLDGS,-0.0067392404493107514,0.10003597109273475,0.9932834173043508,0.816433558203777,1.2084411979125878,-0.06736817142569028,0.9462886071282799
int,ALL,KAB,main,LU_INDUSTRIAL,-0.0690277597850819,0.05115751292594183,0.9333007714897619,0.8442585561764788,1.0317340863067375,-1.349318132118931,0.17723480403635372
int,ALL,KAB,route_fe,LU_GASSTNS,0.13912315205611508,0.05540532112586718,1.1492656257136642,1.0309995026607648,1.2810980752544683,2.5110070518328325,0.012038729206472419
int,ALL,KAB,route_fe,LU_COMMSHOPCNTRS,0.1037641009169755,0.04939404297429565,1.1093387320570491,1.006975996377676,1.2221070083783616,2.1007411960785167,0.03566369091057274
int,ALL,KAB,route_fe,LU_FASTFOOD,0.13491998434731778,0.046179910301366034,1.1444452071573492,1.0454081257793781,1.252864598894305,2.9216164229605868,0.003482201035067287
int,ALL,KAB,route_fe,LU_SINGLESTORE,0.022302046903173816,0.01913465643404344,1.0225525966753635,0.9849130855657631,1.0616305421172236,1.165531609101437,0.2438038730771871
int,ALL,KAB,route_fe,LU_SUPERMKTS,0.04500240194748527,0.07319234925326203,1.046030372415722,0.9062368324864727,1.2073880698647357,0.6148511751107594,0.5386530094418204
int,ALL,KAB,route_fe,LU_AUTOSALSER,0.047888670051038314,0.032397694739588506,1.0490538577106179,0.9845104054957926,1.1178287098177682,1.4781505423754902,0.13936748837558974
int,ALL,KAB,route_fe,LU_HOTELS,0.028034809465443518,0.0881780124591717,1.0284314829485244,0.8652004239037193,1.2224581563975285,0.3179342410152898,0.7505348185700025
int,ALL,KAB,route_fe,LU_BANKINS,0.039179418988552685,0.05298245762140855,1.0399570549553783,0.9373803106298441,1.153758686722122,0.739479079443863,0.4596161386740628
int,ALL,KAB,route_fe,LU_OFFBLDGS,-0.12024984701330395,0.10214677894263824,0.8866988699750524,0.7258168753817111,1.0832413969454067,-1.177226029621861,0.23910530194501078
int,ALL,KAB,route_fe,LU_INDUSTRIAL,0.022976276081107805,0.05203815681122717,1.0232422639427856,0.9240228194518915,1.1331156641129572,0.441527476933055,0.6588311740771203
int,ALL,KAB,no_esf,LU_GASSTNS,0.12010634534089111,0.06218710857094918,1.1276167619922544,0.9982211964914272,1.2737853758215767,1.9313704737351143,0.05343725384047931
int,ALL,KAB,no_esf,LU_COMMSHOPCNTRS,0.1616797615282748,0.0557801664811238,1.1754837459217298,1.0537451579153787,1.3112867248279632,2.8985170129061513,0.0037493196704891877
int,ALL,KAB,no_esf,LU_FASTFOOD,0.13356752625736934,0.05122691404387042,1.1428984391836277,1.0337187888457222,1.2636094616669673,2.607370144197695,0.009124067071209633
int,ALL,KAB,no_esf,LU_SINGLESTORE,0.04441338813976074,0.02116494098474652,1.0454144275009076,1.0029344007596368,1.0896937271263993,2.098441388131877,0.03586617240533886
int,ALL,KAB,no_esf,LU_SUPERMKTS,0.0074308651216072425,0.08190101291833056,1.0074585425130158,0.8580481002240625,1.1828855685565993,0.09072983174233873,0.9277072660817473
int,ALL,KAB,no_esf,LU_AUTOSALSER,0.05422313043119213,0.03545752249639715,1.0557201391662359,0.9848424363895998,1.1316988089252753,1.5292419383419065,0.12620447741837623
int,ALL,KAB,no_esf,LU_HOTELS,0.10018493375015648,0.0976707780935193,1.1053753203779508,0.912789675488157,1.3385937984533112,1.0257411244766566,0.30501362430039625
int,ALL,KAB,no_esf,LU_BANKINS,-0.005806435193886528,0.05831719579217423,0.9942103895712239,0.8868245312611099,1.1145996348632035,-0.0995664334509327,0.9206885435894837
int,ALL,KAB,no_esf,LU_OFFBLDGS,-0.1257972629187384,0.11157299824413622,0.8817936009236839,0.7085884832698868,1.0973364272614072,-1.1274884147459914,0.2595360360261528
int,ALL,KAB,no_esf,LU_INDUSTRIAL,-0.03513257896938027,0.05664287654412294,0.9654774057725877,0.8640258280954783,1.0788411535243596,-0.6202470833558945,0.5350951276434968
int,ALL,KSI,main,LU_GASSTNS,0.1558286587714361,0.0752052711343996,1.1686259521283668,1.0084619287704577,1.3542272415310823,2.0720443716365855,0.038261303366878184
int,ALL,KSI,main,LU_COMMSHOPCNTRS,0.1616153945475667,0.07007057401598815,1.1754080860171592,1.024574156792239,1.3484472153777705,2.3064659711605984,0.021084609429912617
int,ALL,KSI,main,LU_FASTFOOD,0.10321299208626994,0.06415488829588496,1.1087275341193288,0.9777213292439204,1.2572874377865282,1.6088094738821368,0.10765800867769927
int,ALL,KSI,main,LU_SINGLESTORE,0.028974685845242952,0.02860697942249846,1.0293985357914637,0.9732687826105688,1.0887653692614208,1.0128537311581838,0.3111300314997574
int,ALL,KSI,main,LU_SUPERMKTS,0.01362311965053176,0.104332376774827,1.0137163371685085,0.8262413648965503,1.243729563662067,0.130574228936944,0.8961121304812513
int,ALL,KSI,main,LU_AUTOSALSER,-0.001611702111374687,0.04908372511961146,0.998389595982999,0.9068159208300356,1.0992107245478355,-0.03283577412772059,0.9738055499566002
int,ALL,KSI,main,LU_HOTELS,0.12220390590356218,0.13070802791122313,1.1299844887990835,0.8746042078864136,1.4599346006031966,0.9349380283402566,0.34982023761088055
int,ALL,KSI,main,LU_BANKINS,0.07348093249221938,0.07815747995193659,1.076248015108843,0.9233861866817028,1.2544153321030793,0.9401650684925732,0.34713289658631097
int,ALL,KSI,main,LU_OFFBLDGS,-0.39360996787584823,0.19126437533716073,0.6746171272851742,0.46371360703471726,0.981442557480156,-2.05793665015763,0.039596214978700424
int,ALL,KSI,main,LU_INDUSTRIAL,-0.07056233438157511,0.07592434168854077,0.9318696501969843,0.8030212966006428,1.081392297606911,-0.9293769667577513,0.3526937603159468
int,ALL,KSI,route_fe,LU_GASSTNS,0.12242634354592359,0.07471645035482277,1.1302358678417215,0.9762682352303973,1.3084857940240753,1.6385460359068202,0.10130783895848085
int,ALL,KSI,route_fe,LU_COMMSHOPCNTRS,0.13685006465981095,0.06840712307189835,1.1466562113418632,1.002775949270488,1.3111806959125791,2.0005236079870894,0.04544375329091609
int,ALL,KSI,route_fe,LU_FASTFOOD,0.09969877062213096,0.06285786958494416,1.1048380582636508,0.9767713825443219,1.2496958416289445,1.586098467549893,0.11271697445479717
int,ALL,KSI,route_fe,LU_SINGLESTORE,0.019924948011476325,0.027716048168525284,1.0201247747607158,0.9661863964471143,1.0770743201387676,0.718895705849702,0.47220518248216914
int,ALL,KSI,route_fe,LU_SUPERMKTS,0.05934161766717817,0.10270829284830099,1.0611376822079805,0.8676502040106834,1.2977731986885588,0.5777685133451209,0.5634204158763165
int,ALL,KSI,route_fe,LU_AUTOSALSER,-0.007873429327267095,0.048082114341007405,0.9921574849304721,0.9029262749827338,1.0902069218468402,-0.16374964859962796,0.8699282310953111
int,ALL,KSI,route_fe,LU_HOTELS,0.13132782363801518,0.12808199138689008,1.1403415509591954,0.8871751263354478,1.4657521544989078,1.0253418315563239,0.3052019242691735
int,ALL,KSI,route_fe,LU_BANKINS,0.06629857543889943,0.07778694183378032,1.0685457110464145,0.9174439135613499,1.244533774455451,0.8523098334495537,0.39404214965415485
int,ALL,KSI,route_fe,LU_OFFBLDGS,-0.43635361353188096,0.19493973166308198,0.6463891135801881,0.44112125459784973,0.947174686778328,-2.2384026581407177,0.025194808853472972
int,ALL,KSI,route_fe,LU_INDUSTRIAL,0.03746409966161206,0.07493298467204265,1.038174725588845,0.8963677183127486,1.2024158599556123,0.4999680691431185,0.6170975611265739
int,ALL,KSI,no_esf,LU_GASSTNS,0.15378864060028663,0.08415259555004549,1.1662443640182079,0.9889114891350147,1.375376797163025,1.827497293399924,0.06762503278554458
int,ALL,KSI,no_esf,LU_COMMSHOPCNTRS,0.17066932003269447,0.07801033852451562,1.1860984651633983,1.0179278654432617,1.3820523210162423,2.1877782260752494,0.02868576068163507
int,ALL,KSI,no_esf,LU_FASTFOOD,0.10656106215480148,0.07080458550112961,1.112445852712668,0.9682974794576091,1.2780532857638123,1.5050022735194375,0.1323234922247878
int,ALL,KSI,no_esf,LU_SINGLESTORE,0.03203361379642301,0.030749475827766052,1.0325522127216658,0.9721595335468414,1.096696617381922,1.0417612962201266,0.29752236240269814
int,ALL,KSI,no_esf,LU_SUPERMKTS,0.057421829771669174,0.11463118162323792,1.0591024771363167,0.8459836158171223,1.3259099066509128,0.500926789365213,0.6164226479218358
int,ALL,KSI,no_esf,LU_AUTOSALSER,0.03674022347863863,0.05220081213508425,1.0374234875656865,0.9365303325947991,1.1491859420837394,0.703824748618144,0.48154191931492984
int,ALL,KSI,no_esf,LU_HOTELS,0.14729825692170945,0.1400267285396547,1.1586995016441988,0.880597934682342,1.5246283033752797,1.051929574145521,0.2928318621301277
int,ALL,KSI,no_esf,LU_BANKINS,-0.05364275521428495,0.08466772934676571,0.9477706321463254,0.8028466900589908,1.1188551715808197,-0.6335678968616878,0.5263628573176462
int,ALL,KSI,no_esf,LU_OFFBLDGS,-0.47740956526927153,0.1973026963626861,0.6203883877161402,0.4214210399618954,0.9132950543898629,-2.419680896766291,0.015534132143299436
int,ALL,KSI,no_esf,LU_INDUSTRIAL,-0.050912291453975925,0.08207295727807921,0.9503620217481905,0.809146502295042,1.116223044676742,-0.6203296815719109,0.5350407573520869
int,PED,KAB,main,LU_GASSTNS,0.3800578635482494,0.10027379787669406,1.4623692048571704,1.201440459359249,1.7799664350034523,3.7902011452244353,0.00015052534100034538
int,PED,KAB,main,LU_COMMSHOPCNTRS,0.3387673191086659,0.09685953005663268,1.4032168054873864,1.1605832032490226,1.696575822991417,3.4975114881374343,0.00046962048596210933
int,PED,KAB,main,LU_FASTFOOD,0.09135148106674662,0.08757757532009104,1.0956540392389214,0.9228389301744462,1.300831309179424,1.0430921469664143,0.2969056174359871
int,PED,KAB,main,LU_SINGLESTORE,0.09472956887976569,0.03828818214894032,1.0993615133570815,1.019879753751477,1.18503748368877,2.474120304569943,0.013356471159532467
int,PED,KAB,main,LU_SUPERMKTS,0.09341300960334654,0.14765211868412648,1.0979150911177686,0.8220244473902597,1.4664010920004436,0.6326560731795922,0.5269582611434467
int,PED,KAB,main,LU_AUTOSALSER,-0.05079947616224177,0.06985414835350508,0.9504692431649211,0.8288520507234391,1.089931286788757,-0.7272220384846021,0.467089947685319
int,PED,KAB,main,LU_HOTELS,0.6391707242828537,0.152760718547927,1.8949088256867488,1.4046100445919587,2.5563532536951428,4.184130124278782,2.8626011385677777e-05
int,PED,KAB,main,LU_BANKINS,0.055491922165559454,0.10513646849977831,1.0570604782783983,0.8602127332378554,1.29895409770596,0.5278085041031834,0.5976322541022991
int,PED,KAB,main,LU_OFFBLDGS,-0.2919185290793862,0.30837022306076234,0.7468293783718778,0.40806689230914983,1.3668203201762643,-0.9466495376301802,0.34381739228453434
int,PED,KAB,main,LU_INDUSTRIAL,-0.0637359813261563,0.10051559172079624,0.9382526830618643,0.7704761789145484,1.1425636786240227,-0.6340904951661305,0.5260217653897233
int,PED,KAB,route_fe,LU_GASSTNS,0.34572327258470226,0.09877041324581436,1.413011542677852,1.1643153858162796,1.7148288548476607,3.5002716018235667,0.0004647843388975838
int,PED,KAB,route_fe,LU_COMMSHOPCNTRS,0.3308460904418553,0.0951135752571104,1.392145511318151,1.1553732858119543,1.677439792388199,3.4784318594639547,0.0005043566483561275
int,PED,KAB,route_fe,LU_FASTFOOD,0.08951668358386888,0.08542480845164567,1.0936455790878894,0.9250421814134678,1.2929795815698912,1.0479003138126952,0.2946845376859003
int,PED,KAB,route_fe,LU_SINGLESTORE,0.07552627191945488,0.03744314064561807,1.0784515603384028,1.0021400027984724,1.160574136097253,2.0170923329930024,0.04368587860036994
int,PED,KAB,route_fe,LU_SUPERMKTS,0.11605288811133754,0.14916984524858948,1.1230552668345946,0.8383496613254662,1.5044475957332983,0.7779916102878368,0.43657395919918507
int,PED,KAB,route_fe,LU_AUTOSALSER,-0.05708657265071328,0.06928248412400452,0.9445122968937711,0.8245807187484053,1.081887386765036,-0.8239683286837332,0.4099575538821304
int,PED,KAB,route_fe,LU_HOTELS,0.642468839770714,0.15220533328807767,1.901168771169992,1.4107851403282885,2.5620079154157667,4.221066541437934,2.431491419181226e-05
int,PED,KAB,route_fe,LU_BANKINS,0.10246674746844114,0.10272273535423704,1.1079004608022411,0.9058606308772542,1.3550025127564453,0.9975079724569919,0.3185180059684666
int,PED,KAB,route_fe,LU_OFFBLDGS,-0.4241975525576632,0.32659384403223846,0.6542946115664554,0.3449618365169796,1.24101101457299,-1.2988534851740505,0.19399421533593242
int,PED,KAB,route_fe,LU_INDUSTRIAL,0.003719819246714808,0.0978347687142449,1.00372674636087,0.8285846063339983,1.2158895707918487,0.038021444682714275,0.9696705840044754
int,PED,KAB,no_esf,LU_GASSTNS,0.37711192257006537,0.10219627695352616,1.458067490900118,1.193401006794803,1.781430379156123,3.690074959790926,0.00022418798112602609
int,PED,KAB,no_esf,LU_COMMSHOPCNTRS,0.3335488177960116,0.09940861872800281,1.395913190283566,1.1487885186943396,1.6961987372769904,3.355330976971445,0.0007927008107469361
int,PED,KAB,no_esf,LU_FASTFOOD,0.1283507839685359,0.0889267022610413,1.136951757204053,0.9550939632888402,1.3534367799353968,1.4433323254444603,0.14892687790140363
int,PED,KAB,no_esf,LU_SINGLESTORE,0.095125369975204,0.039057692752322355,1.09979672797188,1.0187458298651464,1.1872959941517154,2.4355091986212596,0.014870846493507674
int,PED,KAB,no_esf,LU_SUPERMKTS,0.13620957679436804,0.15032419530161836,1.1459220270958126,0.8534862508665845,1.538557054492778,0.9061054777048365,0.36488002628643124
int,PED,KAB,no_esf,LU_AUTOSALSER,-0.02281066764361467,0.07075174865039359,0.97744752869908,0.8508800646065516,1.1228417624306652,-0.32240429499953815,0.7471464308629459
int,PED,KAB,no_esf,LU_HOTELS,0.6415768770897732,0.15670061916317085,1.8994737556336185,1.3971628763015618,2.5823764784615832,4.09428425054087,4.2347452909352864e-05
int,PED,KAB,no_esf,LU_BANKINS,0.049115667361794006,0.10737331228103214,1.0503418339829882,0.8510060639920787,1.2963691034580176,0.4574290046416912,0.6473627206856036
int,PED,KAB,no_esf,LU_OFFBLDGS,-0.38265458627799004,0.3076277346941274,0.6820484474956973,0.37321338458422,1.2464453418505823,-1.2438884506251084,0.21354062058595813
int,PED,KAB,no_esf,LU_INDUSTRIAL,-0.016698357259954603,0.10107266994287657,0.9834402875216061,0.8067021270216078,1.1988995277493217,-0.16521139957410885,0.8687775929999114
seg,ALL,TOT,main,LU_GASSTNS,0.19024438589820514,0.06082690972605113,1.209545157320165,1.0736066086723548,1.3626960525194973,3.127635231758728,0.001762187323371097
seg,ALL,TOT,main,LU_COMMSHOPCNTRS,0.050479582588370625,0.029744004464276108,1.0517753886047239,0.9922118201029461,1.1149146237341154,1.697134716645127,0.08967119404145849
seg,ALL,TOT,main,LU_FASTFOOD,0.064298512437568,0.0282544810808394,1.0664106881064328,1.0089596288486473,1.1271330618107716,2.275692561955124,0.02286441685504578
seg,ALL,TOT,main,LU_SINGLESTORE,0.013957011125339395,0.00959267135419164,1.0140548649239831,0.9951670915375649,1.0333011187972765,1.4549660475171706,0.14567866124590756
seg,ALL,TOT,main,LU_SUPERMKTS,0.12238817799382232,0.05967453575778688,1.1301927325889662,1.0054408357859161,1.2704234474408114,2.050928028842721,0.04027395611282594
seg,ALL,TOT,main,LU_AUTOSALSER,0.05479514118882321,0.015494301791540252,1.056324195189688,1.024727075856069,1.088895601212618,3.5364704990282854,0.00040551178833549394
seg,ALL,TOT,main,LU_HOTELS,-0.01617669862774199,0.03864355013945936,0.983953441470814,0.9121798933299098,1.0613743868525511,-0.4186131597475508,0.6754988704411562
seg,ALL,TOT,main,LU_BANKINS,0.028512717894311312,0.04061928456037564,1.0289230964865084,0.9501826213670284,1.1141886987579892,0.7019502731991898,0.4827101752588945
seg,ALL,TOT,main,LU_OFFBLDGS,-0.06282352894039238,0.03309982033639667,0.939109184660012,0.8801180992689077,1.0020542259560241,-1.8980021130601552,0.05769580367312338
seg,ALL,TOT,main,LU_INDUSTRIAL,-0.052872962025007214,0.013842293072110769,0.9485005004117167,0.9231127864448407,0.9745864346068558,-3.81966786496775,0.00013363149111254743
seg,ALL,TOT,route_fe,LU_GASSTNS,0.1502371684112993,0.06052140229411465,1.1621098257883307,1.0321202895567478,1.3084707866500391,2.482380822592225,0.013050771560505452
seg,ALL,TOT,route_fe,LU_COMMSHOPCNTRS,0.05063327618574188,0.029419698102599024,1.0519370521708344,0.9929953158727689,1.1143774235805641,1.7210671574250038,0.08523863810906622
seg,ALL,TOT,route_fe,LU_FASTFOOD,0.09103767102954571,0.02743008933503172,1.0953102659466845,1.037978110045193,1.1558091322715485,3.3188980873379443,0.0009037340553096174
seg,ALL,TOT,route_fe,LU_SINGLESTORE,0.01928449879032792,0.009414710652101373,1.0194716458135338,1.0008320118421967,1.038458426908938,2.048336853137765,0.040527004307434396
seg,ALL,TOT,route_fe,LU_SUPERMKTS,0.1275615679477308,0.05873364477528215,1.136054810651236,1.0125213682174696,1.2746600450279246,2.171865349677986,0.029865820739298124
seg,ALL,TOT,route_fe,LU_AUTOSALSER,0.04958963266471214,0.014562056824334096,1.050839777563168,1.02127107278891,1.0812645805128491,3.405400299073466,0.0006606713273917091
seg,ALL,TOT,route_fe,LU_HOTELS,0.01053835519169594,0.03890857740532251,1.0105940792313186,0.9363907173654631,1.0906776135615985,0.2708491518956008,0.7865070545090773
seg,ALL,TOT,route_fe,LU_BANKINS,0.006454504775964075,0.039523087858028036,1.006475379980784,0.9314518813638432,1.0875416226807415,0.16330972921826042,0.8702745739333594
seg,ALL,TOT,route_fe,LU_OFFBLDGS,-0.0539580944624605,0.03233679671103117,0.9474718099853955,0.8892843720775366,1.0094665541235115,-1.6686283104861024,0.09519106465938423
seg,ALL,TOT,route_fe,LU_INDUSTRIAL,-0.04917309755257666,0.01387488095515513,0.95201632373951,0.9264753267367247,0.9782614328854582,-3.544037437979364,0.00039404928668787667
seg,ALL,TOT,no_esf,LU_GASSTNS,0.18512249065239214,0.07140178795338548,1.2033658321662861,1.046210916431429,1.3841275246530742,2.592687045501564,0.009522938210550053
seg,ALL,TOT,no_esf,LU_COMMSHOPCNTRS,0.06510177081179183,0.03555273283801057,1.0672676355510446,0.995428893902092,1.1442908809182637,1.8311326757472055,0.0670807424266533
seg,ALL,TOT,no_esf,LU_FASTFOOD,0.07261758158039737,0.033110702608454126,1.0753192363923187,1.0077504851840644,1.1474184107628194,2.193175494918552,0.02829473737962676
seg,ALL,TOT,no_esf,LU_SINGLESTORE,0.011874591907381486,0.011155958186881074,1.0119453747689326,0.9900586589551961,1.0343159289136394,1.0644170324468851,0.2871398212621933
seg,ALL,TOT,no_esf,LU_SUPERMKTS,0.15496298395755811,0.07067828296007461,1.1676147398284245,1.0165693228552137,1.341103011878682,2.1925120060584242,0.028342557138721115
seg,ALL,TOT,no_esf,LU_AUTOSALSER,0.04709323039818028,0.017933917262198285,1.0482197304671348,1.0120143519811533,1.0857203765832117,2.6259310617789553,0.008641231662067603
seg,ALL,TOT,no_esf,LU_HOTELS,0.017927659752942655,0.045070577820131456,1.0180893248925529,0.9320109897633256,1.1121176518781006,0.39776858030284656,0.690800779603949
seg,ALL,TOT,no_esf,LU_BANKINS,0.0018246396238619346,0.04881732558601849,1.0018263052916676,0.9104126519944028,1.1024187150471672,0.03737688621730888,0.9701845019168537
seg,ALL,TOT,no_esf,LU_OFFBLDGS,-0.10548940454684876,0.03930047663133007,0.8998840074751142,0.8331693645083308,0.9719407138635549,-2.684176213342749,0.007270877274214036
seg,ALL,TOT,no_esf,LU_INDUSTRIAL,-0.051586767617409365,0.01626001839580042,0.9497212413377373,0.9199311914178949,0.980475979793533,-3.17261434530314,0.0015107305540680255
seg,ALL,KAB,main,LU_GASSTNS,0.08722185827008365,0.06748170462195854,1.0911387310180285,0.9559570604479044,1.2454364108883689,1.2925260077336822,0.1961750451833434
seg,ALL,KAB,main,LU_COMMSHOPCNTRS,0.02714277284656505,0.03193077063546637,1.0275144934606342,0.965179159271708,1.0938757060070843,0.8500506660624356,0.39529691805275513
seg,ALL,KAB,main,LU_FASTFOOD,0.006644358049270064,0.029997657055713632,1.006666480766156,0.9491854817558886,1.0676284277162362,0.2214959000607855,0.8247063286065028
seg,ALL,KAB,main,LU_SINGLESTORE,0.010679617372262872,0.010021854029876313,1.0107368480382979,0.991076833351056,1.0307868589039346,1.0656328999031206,0.2865896208359934
seg,ALL,KAB,main,LU_SUPERMKTS,0.14291377222179416,0.06250506138698385,1.1536303223975626,1.0206134334864438,1.30398334676905,2.286435195015339,0.022228811314565
seg,ALL,KAB,main,LU_AUTOSALSER,0.03831145673217166,0.01662365857357288,1.039054803100341,1.0057455285261094,1.0734672471555122,2.304634479986043,0.021187053202988387
seg,ALL,KAB,main,LU_HOTELS,0.017189658551092446,0.042060854348443345,1.0173382509280247,0.9368335855628708,1.104760901776867,0.40868543488652714,0.6827705239386126
seg,ALL,KAB,main,LU_BANKINS,0.02973390879453943,0.0461881208403166,1.0301803755415937,0.9410163089362915,1.1277930000497673,0.6437566251577257,0.5197332645167883
seg,ALL,KAB,main,LU_OFFBLDGS,-0.05086758610830041,0.03680999882415603,0.9504045089605854,0.8842502361769291,1.021508045683888,-1.3818958906056604,0.16700366991787852
seg,ALL,KAB,main,LU_INDUSTRIAL,-0.03344508318350701,0.014889687627833405,0.9671080202667779,0.9392920075750207,0.9957477710036031,-2.246191056485823,0.024691772850883417
seg,ALL,KAB,route_fe,LU_GASSTNS,0.1174405982069721,0.06516316968914919,1.12461482382255,0.9897734361838294,1.2778262738974167,1.8022542299155226,0.07150541607418141
seg,ALL,KAB,route_fe,LU_COMMSHOPCNTRS,0.03202426024299708,0.031030776529934544,1.0325425547345473,0.9716145936372478,1.097291183479064,1.0320160764299324,0.3020645863920811
seg,ALL,KAB,route_fe,LU_FASTFOOD,0.01505337734021142,0.029130101048194648,1.0151672500972475,0.9588298725578501,1.0748148083046187,0.5167636499202725,0.6053211578099829
seg,ALL,KAB,route_fe,LU_SINGLESTORE,0.0024393646493615626,0.009981028169550907,1.0024423423200237,0.9830223224848397,1.0222460128229218,0.24440013673173722,0.806920935890772
seg,ALL,KAB,route_fe,LU_SUPERMKTS,0.16327361345427233,0.06145514704616354,1.1773587868259836,1.043751594914745,1.3280685937821983,2.65679314592845,0.007888783130733547
seg,ALL,KAB,route_fe,LU_AUTOSALSER,0.047258301789533795,0.01615288747658506,1.0483927758385143,1.0157209362021224,1.0821155430153166,2.925687550169503,0.0034369593641064462
seg,ALL,KAB,route_fe,LU_HOTELS,0.02951632268192317,0.04284743911376422,1.0299562469829011,0.9469919768747956,1.1201888681252845,0.6888701703631432,0.4909049726290453
seg,ALL,KAB,route_fe,LU_BANKINS,0.029224522267516477,0.0452119207094914,1.0296557491680365,0.9423383914469423,1.125063959420021,0.6463897531648403,0.5180269747865973
seg,ALL,KAB,route_fe,LU_OFFBLDGS,-0.06477450988722025,0.03584945126483625,0.9372787866501615,0.8736814579340668,1.0055055145403982,-1.8068480158511047,0.0707859797376585
seg,ALL,KAB,route_fe,LU_INDUSTRIAL,-0.03975309191256168,0.014835402198644787,0.961026695124179,0.9334849108211398,0.9893810794744198,-2.6796099883421514,0.0073707983695940945
seg,ALL,KAB,no_esf,LU_GASSTNS,0.12618618303106044,0.08107460481149573,1.134493372035861,0.9678094672821581,1.329884915062585,1.5564205749069313,0.11960811578044976
seg,ALL,KAB,no_esf,LU_COMMSHOPCNTRS,0.055198303390400945,0.03988133571008693,1.0567501510366795,0.977292667380769,1.142667819977567,1.3840635577418736,0.16633899426402288
seg,ALL,KAB,no_esf,LU_FASTFOOD,0.024299616129653027,0.036649130993896425,1.0245972577710822,0.9535793090619002,1.100904277867333,0.6630338965936164,0.5073088450660441
seg,ALL,KAB,no_esf,LU_SINGLESTORE,0.011203806725010174,0.012160692169927313,1.0112668044190802,0.9874482882293532,1.0356598536960007,0.9213132417508716,0.35688690966559344
seg,ALL,KAB,no_esf,LU_SUPERMKTS,0.18963814882338692,0.0772790129709013,1.2088121084252905,1.0389091655342082,1.4065009357427625,2.4539411352833067,0.014130010959269239
seg,ALL,KAB,no_esf,LU_AUTOSALSER,0.043818593444610296,0.02024749375667871,1.0447928054322773,1.0041420603990596,1.0870892170867088,2.1641490038813602,0.030452915627750432
seg,ALL,KAB,no_esf,LU_HOTELS,0.03928668100246129,0.05046329109677171,1.0400686088261106,0.9421211818307028,1.1481991191021412,0.7785199924262288,0.43626252522169884
seg,ALL,KAB,no_esf,LU_BANKINS,-0.02444546143976542,0.05641558564177143,0.9758509089707005,0.8736984294212115,1.0899470165807568,-0.4333104258633349,0.6647892648930056
seg,ALL,KAB,no_esf,LU_OFFBLDGS,-0.10472483869781096,0.044160237274440364,0.900572291140889,0.8259022087979675,0.9819933194647075,-2.3714736414793895,0.017717310366038616
seg,ALL,KAB,no_esf,LU_INDUSTRIAL,-0.037671634765901046,0.018603879654166603,0.9630291142587354,0.9285461098061463,0.9987926987315515,-2.024934339836151,0.042874106891879295
seg,ALL,KSI,main,LU_GASSTNS,0.11137423012547151,0.09349451947749625,1.1178131479449784,0.9306471933382116,1.3426207510890458,1.1912380613098807,0.23356014160063743
seg,ALL,KSI,main,LU_COMMSHOPCNTRS,0.019666035211303407,0.04538452584919094,1.0198606855882657,0.9330582608409723,1.1147383412811793,0.43332027477056895,0.6647821107755472
seg,ALL,KSI,main,LU_FASTFOOD,-0.027170008457974813,0.04158124096615818,0.9731957759462851,0.8970270684344201,1.0558321500517054,-0.653419855364291,0.5134856418201375
seg,ALL,KSI,main,LU_SINGLESTORE,0.008251395787986126,0.01316686534094518,1.008285532381128,0.9825975424883645,1.0346450818862425,0.626678831621878,0.5308697824613717
seg,ALL,KSI,main,LU_SUPERMKTS,0.1463051858699555,0.08607713142064105,1.1575494018713477,0.9778431582313913,1.3702817333162172,1.699698670893114,0.0891876194849786
seg,ALL,KSI,main,LU_AUTOSALSER,0.07358797859126573,0.020847747086501306,1.0763632294269783,1.033267792606621,1.1212560867108654,3.5297808576598264,0.00041590400443447257
seg,ALL,KSI,main,LU_HOTELS,0.002442506819643795,0.05452202759115999,1.00244549216951,0.9008462611752291,1.1155032862766165,0.04479853240160523,0.9642678948939682
seg,ALL,KSI,main,LU_BANKINS,0.004994129865784202,0.06680755107013372,1.0050066213183306,0.8816601010306858,1.1456096376743405,0.0747539729534679,0.9404104635587905
seg,ALL,KSI,main,LU_OFFBLDGS,-0.12212267380392244,0.05245255447414335,0.8850397906451927,0.7985723719364425,0.980869685143112,-2.3282502640385836,0.0198988185840475
seg,ALL,KSI,main,LU_INDUSTRIAL,-0.03950674456041683,0.019628289360209755,0.9612634706691803,0.924984598659256,0.9989652383210647,-2.01274516772228,0.04414144501917564
seg,ALL,KSI,route_fe,LU_GASSTNS,0.07476681173615762,0.08788927528323787,1.077632830254513,0.9071058177428312,1.2802172515352384,0.8506932329935488,0.394939783217379
seg,ALL,KSI,route_fe,LU_COMMSHOPCNTRS,-0.012994682891804821,0.0432271113672154,0.9870893834673845,0.9069029631709659,1.0743657155416544,-0.30061418588474864,0.7637087127837776
seg,ALL,KSI,route_fe,LU_FASTFOOD,-0.026203741866084644,0.03928132741028954,0.9741365969807165,0.9019509463608888,1.0520994666127665,-0.667078828380446,0.5047217828011195
seg,ALL,KSI,route_fe,LU_SINGLESTORE,0.005256496716520659,0.012325966706767619,1.0052703363340616,0.9812751319562971,1.0298522974881674,0.4264571567952199,0.6697747603580853
seg,ALL,KSI,route_fe,LU_SUPERMKTS,0.1707366133793464,0.0811163964955235,1.186178284384199,1.0118177606580956,1.390585317883236,2.1048347899523456,0.03530569164831107
seg,ALL,KSI,route_fe,LU_AUTOSALSER,0.06883402093486193,0.019784660102973035,1.0712583879257052,1.030512330814864,1.113615528301088,3.479161157007608,0.0005029860078923169
seg,ALL,KSI,route_fe,LU_HOTELS,0.07166045949764234,0.05356747242136232,1.074290516988718,0.9672175966553428,1.1932166235217263,1.3377607017549829,0.18097445618006458
seg,ALL,KSI,route_fe,LU_BANKINS,-0.0002866939089090701,0.06384203696406915,0.9997133471838625,0.882128901914487,1.1329713541507405,-0.004490676089649582,0.9964169709231694
seg,ALL,KSI,route_fe,LU_OFFBLDGS,-0.07720494670013638,0.05190418619848585,0.9257001149801258,0.8361584489252413,1.02483052581202,-1.4874512511360518,0.13689566935259745
seg,ALL,KSI,route_fe,LU_INDUSTRIAL,-0.034773452938604066,0.018606500760427865,0.965824196108118,0.9312363245631596,1.00169672636586,-1.868887298387665,0.06163849580986154
seg,ALL,KSI,no_esf,LU_GASSTNS,0.12972618417961249,0.10913723494424211,1.1385165967845527,0.9192632028134264,1.410064100452154,1.188651922928863,0.2345766666653748
seg,ALL,KSI,no_esf,LU_COMMSHOPCNTRS,0.02419228758115552,0.053182787756635076,1.0244872951357817,0.9230739057757196,1.1370424527520409,0.45488942196598736,0.6491887933710863
seg,ALL,KSI,no_esf,LU_FASTFOOD,0.00019480137608845696,0.04759613082372936,1.0001948203511086,0.9111082028742243,1.097992176452051,0.004092798568226001,0.9967344283288708
seg,ALL,KSI,no_esf,LU_SINGLESTORE,0.025027200593109488,0.015255150223682368,1.0253430100831358,0.9951389594408218,1.0564638017157895,1.6405738538226136,0.10088590613902446
seg,ALL,KSI,no_esf,LU_SUPERMKTS,0.19913091374069275,0.10055372098266402,1.2203417149417985,1.0020477143239224,1.4861906074321718,1.9803435595886496,0.04766493729687773
seg,ALL,KSI,no_esf,LU_AUTOSALSER,0.058488410393333495,0.024996178068385493,1.0602326979434482,1.0095411305012003,1.1134696148837164,2.3398941323477005,0.01928920684831521
seg,ALL,KSI,no_esf,LU_HOTELS,0.036074797481794554,0.06407692875431259,1.0367333886376713,0.9143736506862362,1.1754670733452357,0.5629919876483874,0.5734403399119725
seg,ALL,KSI,no_esf,LU_BANKINS,-0.08597463902133491,0.07551026738650457,0.9176175026029635,0.7913817876674905,1.063989460213717,-1.1385821027658096,0.25487749668268955
seg,ALL,KSI,no_esf,LU_OFFBLDGS,-0.10632279390244768,0.05892356028860361,0.8991343661369544,0.8010651718875307,1.0092095334310802,-1.804419036828152,0.07116564093921116
seg,ALL,KSI,no_esf,LU_INDUSTRIAL,-0.03658007443148488,0.023701532622875436,0.9640808925760609,0.9203188633661525,1.0099238475137806,-1.5433632505342618,0.12274266498217794
seg,PED,KAB,main,LU_GASSTNS,0.25124729891329334,0.14667923980918074,1.2856279794242307,0.9644049392474463,1.713843671070567,1.7129029250502539,0.0867304000761133
seg,PED,KAB,main,LU_COMMSHOPCNTRS,-0.0858782737300952,0.07031142957469982,0.9177059333416069,0.7995640193368035,1.0533042504700718,-1.221398487408892,0.22193517962785037
seg,PED,KAB,main,LU_FASTFOOD,0.06849398501457216,0.06099624099379153,1.0708941835186983,0.9502229408567615,1.2068897760563038,1.1229214111988275,0.2614708731348929
seg,PED,KAB,main,LU_SINGLESTORE,0.017173036771417287,0.020214567406773423,1.017321341096299,0.9778025554755562,1.0584373146239383,0.8495376836836492,0.3955821706431162
seg,PED,KAB,main,LU_SUPERMKTS,0.33164508413842264,0.12699412618187025,1.3932582712913029,1.0862556476722864,1.7870274043511927,2.611499398511303,0.009014614646477173
seg,PED,KAB,main,LU_AUTOSALSER,0.06513209423103865,0.03254278330594735,1.0672999992456926,1.0013491482341144,1.1375945047726033,2.0014297369314273,0.04534609871204695
seg,PED,KAB,main,LU_HOTELS,0.19855178829740758,0.0715294658345311,1.2196351886086079,1.0600902386068385,1.4031918596356736,2.775804152609176,0.005506536743313298
seg,PED,KAB,main,LU_BANKINS,0.13993712969127212,0.09599592934593362,1.1502014830616536,0.9529289884224218,1.3883127365318157,1.4577402463284745,0.14491215409283623
seg,PED,KAB,main,LU_OFFBLDGS,0.016054099763350614,0.08107728516455419,1.0161836592145306,0.866877694905196,1.1912052130578403,0.19800983383653345,0.8430373697765164
seg,PED,KAB,main,LU_INDUSTRIAL,-0.03713815450877739,0.03298836564396595,0.9635430083422136,0.9032143745204678,1.0279011883729983,-1.1257955277202554,0.260252077624504
seg,PED,KAB,route_fe,LU_GASSTNS,0.1993186675456796,0.14407384339714274,1.220570860252942,0.9202903457581629,1.6188295702170707,1.3834479794937744,0.1665275475620498
seg,PED,KAB,route_fe,LU_COMMSHOPCNTRS,-0.11182618362737244,0.0685385010371524,0.8941996705364382,0.7817958408062085,1.022764523744349,-1.631581985820718,0.10276757566747013
seg,PED,KAB,route_fe,LU_FASTFOOD,0.04617472959228961,0.05809838397241918,1.0472573818266078,0.9345425665967123,1.1735666870523689,0.7947678822565867,0.4267485370381867
seg,PED,KAB,route_fe,LU_SINGLESTORE,0.023661537207979425,0.01892691729435504,1.0239436923930145,0.9866546290547068,1.0626420373620997,1.2501527237632348,0.2112437629475037
seg,PED,KAB,route_fe,LU_SUPERMKTS,0.34582114355232096,0.12363754905378299,1.4131498422524364,1.1090364190918727,1.8006554539419999,2.7970559607412384,0.00515706001961279
seg,PED,KAB,route_fe,LU_AUTOSALSER,0.07219035882552031,0.03154639396280169,1.074859933665049,1.0104132712913256,1.1434171638718775,2.2883870311974306,0.022114992213039263
seg,PED,KAB,route_fe,LU_HOTELS,0.23616007348784096,0.07248138855609569,1.2663770073277107,1.098665819088264,1.4596892857003052,3.2582167393919206,0.0011211474176090037
seg,PED,KAB,route_fe,LU_BANKINS,0.15413805840554148,0.09492355406188727,1.1666519417675885,0.9685917102309672,1.4052120608233645,1.623812550308095,0.10441582070748982
seg,PED,KAB,route_fe,LU_OFFBLDGS,0.026386000676488153,0.08181782399470505,1.0267371932443152,0.8746102378215702,1.2053246330810505,0.3224969742313821,0.7470762296315294
seg,PED,KAB,route_fe,LU_INDUSTRIAL,-0.03570150492570746,0.03173893807444198,0.96492827683786,0.9067306658184456,1.0268612439625076,-1.1248487533505842,0.2606531309918527
seg,PED,KAB,no_esf,LU_GASSTNS,0.23458624712184656,0.15261160432158422,1.2643855173450755,0.9375056473193022,1.7052385135419754,1.537145541223227,0.12425767282687229
seg,PED,KAB,no_esf,LU_COMMSHOPCNTRS,-0.09029356283005867,0.07476777551539805,0.9136629284230474,0.7891187970711027,1.0578634672915563,-1.2076534604331401,0.22718058643901917
seg,PED,KAB,no_esf,LU_FASTFOOD,0.08909859676711919,0.06309960836377636,1.093188435858514,0.9660143057387771,1.237104822563512,1.412030899676203,0.15794086312846756
seg,PED,KAB,no_esf,LU_SINGLESTORE,0.031325050376931514,0.020632954171465427,1.0318208431364826,0.9909258807812448,1.0744035179417353,1.518204815297503,0.12896277398898873
seg,PED,KAB,no_esf,LU_SUPERMKTS,0.3365066306995612,0.13301685738049596,1.400048152537764,1.078739888727616,1.8170597471244,2.52980439717487,0.01141261307239664
seg,PED,KAB,no_esf,LU_AUTOSALSER,0.06967082394154032,0.03431931399550751,1.072155195338889,1.002407862766847,1.146755532941725,2.030076240762284,0.042348790179042965
seg,PED,KAB,no_esf,LU_HOTELS,0.2033016790940862,0.07826355633374626,1.225442102752608,1.0511713446068152,1.4286047226301049,2.5976544974154856,0.009386288448452514
seg,PED,KAB,no_esf,LU_BANKINS,0.11917590792771904,0.10003290199561998,1.1265680731145156,0.925993022016486,1.3705887551908105,1.1913670957275362,0.23350950437941476
seg,PED,KAB,no_esf,LU_OFFBLDGS,-0.017886671785143277,0.08380415237923086,0.9822723452221247,0.8334823019346657,1.15762381270551,-0.21343419481414766,0.830988311306627
seg,PED,KAB,no_esf,LU_INDUSTRIAL,-0.04403600732698561,0.03465356545353958,0.956919500739341,0.8940827061497127,1.0241725117786786,-1.2707496833486058,0.2038177142948645
