facility,type,sev,events,sites_with_event,estimator,controls,alpha_or_phi,resid_I_before,resid_p_before,n_eigvec,resid_I_after,resid_p_after,aic_design,aic_joint,d_aic_landuse,LR_landuse,df_landuse,p_LR_landuse,resid_I_joint,resid_p_joint,llf_design,llf_joint,mcfadden_design,mcfadden_joint
int,ALL,TOT,51277,489,NB2,full + county FE,0.27679836332694924,0.20567800918623994,5.29173984845749e-17,10.0,0.048277399070115835,0.04233125007566251,5057.142496006943,5029.2777737444085,27.864722262534087,63.86472226253409,18.0,4.78702025961867e-07,0.04888887317882061,0.03988705813159553,-2500.5712480034713,-2468.6388868722042,0.09160261371108358,0.10320287241710413
int,ALL,KAB,4623,466,NB2,full + county FE,0.2564311645367454,0.21831921502521914,6.111555841303065e-19,8.0,0.061241882656509816,0.01067212230719439,2921.8282999235485,2922.952080337387,-1.123780413838631,34.87621958616137,18.0,0.009797197930595365,0.04414161669267777,0.062405270521085715,-1434.9141499617742,-1417.4760401686935,0.10015632226727955,0.11109187046668278
int,ALL,KSI,958,345,NB2,full + county FE,0.2633762669344068,0.18864754052062824,1.4373737798113946e-14,7.0,0.06820751727926792,0.004593203339891422,1707.2950020752858,1715.5074764803308,-8.212474405044986,27.787525594955014,18.0,0.06536306309277275,0.05148807318870771,0.030790307881078578,-828.6475010376429,-814.7537382401654,0.1014412060676565,0.11650715718299853
int,ALL,FAT,113,94,Firth-Poisson,reduced + region FE,1.167778129521307,0.036230589313067656,0.12252470908495162,0.0,0.036230589313067656,0.12252470908495162,582.8104999144007,580.4285354237845,2.3819644906161557,38.381964490616156,18.0,0.003446709252417982,0.006388196705877815,0.7335731615358749,-285.40524995720034,-266.21426771189226,0.029326436637550413,0.0945956603931477
int,ANGLE,TOT,2693,422,NB2,full + county FE,0.4578932456323082,0.14261833992643297,5.343608397874644e-09,5.0,0.08296897397735191,0.0006041188116576553,2539.4689537883687,2517.467983976877,22.000969811491814,58.000969811491814,18.0,4.287231334151142e-06,0.09390168386671409,0.00010847868974174267,-1246.7344768941844,-1217.7339919884384,0.0863902124285938,0.10764183203584954
int,ANGLE,KAB,473,245,NB2,full + county FE,0.45446603872242336,0.04617147510939256,0.051739753088594784,0.0,0.04617147510939256,0.051739753088594784,1295.9024163948084,1319.7418680011028,-23.83945160629446,12.16054839370554,18.0,0.8388386732422263,0.04441795238272583,0.06085423710612308,-629.9512081974042,-623.8709340005514,0.05413676078874052,0.06326621045450831
int,ANGLE,KSI,115,92,Firth-Poisson,reduced + region FE,1.1911143157288244,0.036639617915310396,0.11857956175183536,0.0,0.036639617915310396,0.11857956175183536,604.503185658007,604.0308810503436,0.47230460766343185,36.47230460766343,18.0,0.006134970445738244,0.03587659833176065,0.12602114455571156,-296.2515928290035,-278.0154405251718,0.010209935073827392,0.0711377505176134
int,ANGLE,FAT,13,13,not modelled (<20 crashes),,,,,,,,,,,,,,,,,,,
int,LEFTTURN,TOT,4650,459,NB2,full + county FE,0.5188692241576931,0.1186130678410105,1.1290794462663123e-06,4.0,0.07615541063737909,0.0016055907417319795,3083.224791839727,3086.133323341574,-2.9085315018469373,33.09146849815306,18.0,0.016270025077363102,0.06791242487307321,0.004767238640198222,-1519.6123959198635,-1503.066661670787,0.05645193456070874,0.06672540665392535
int,LEFTTURN,KAB,938,332,NB2,full + county FE,0.5824444802089785,0.07135857770547245,0.0030626596680465323,2.0,0.03662806156245982,0.11868964057749218,1785.0739964367726,1794.2370405027323,-9.163044065959639,26.83695593404036,18.0,0.08210476930076487,0.049008412523115795,0.039423496778039524,-872.5369982183863,-859.1185202513661,0.04777205805632778,0.06241607852152542
int,LEFTTURN,KSI,189,139,NB2,full + county FE,0.4933645423453862,0.035418125165768456,0.1306645013697437,0.0,0.035418125165768456,0.1306645013697437,811.300545859154,831.9602608056554,-20.659714946501367,15.340285053498633,18.0,0.638484647057832,0.036281800906370135,0.12202521997545829,-387.650272929577,-379.9801304028277,0.03311632302816381,0.05224731848217368
int,LEFTTURN,FAT,20,20,Firth-Poisson,reduced + region FE,1.0,-0.03242734335460923,0.22038683277365378,0.0,-0.03242734335460923,0.22038683277365378,169.9669582513785,,,,,,,,,,,
int,RIGHTTURN,TOT,1358,332,NB2,full + county FE,0.46619286970106827,0.1333960967850993,4.6535729747981904e-08,5.0,0.05543148941834155,0.020402874285451376,1888.2756104624245,1870.3866456163173,17.88896484610723,53.88896484610723,18.0,1.9096427070903173e-05,0.06231359138939854,0.009418173721788404,-921.1378052312123,-894.1933228081587,0.12954844357101492,0.15501028709662446
int,RIGHTTURN,KAB,68,58,Firth-Poisson,reduced + region FE,1.128154086902039,-0.004020607900005792,0.9366108223124527,0.0,-0.004020607900005792,0.9366108223124527,423.22343071711384,,,,,,,,,,,
int,RIGHTTURN,KSI,16,16,not modelled (<20 crashes),,,,,,,,,,,,,,,,,,,
int,RIGHTTURN,FAT,1,1,not modelled (<20 crashes),,,,,,,,,,,,,,,,,,,
int,REAREND,TOT,25212,487,NB2,full + county FE,0.3510373707183525,0.19316337649300402,3.4029599272498025e-15,7.0,0.09324301098619384,0.00012093236986813544,4447.798429584447,4441.807939148869,5.990490435578067,41.99049043557807,18.0,0.0011092799279504193,0.0972601309709435,6.168124195673519e-05,-2198.8992147922236,-2177.9039695744345,0.09024667354506832,0.09893306264745627
int,REAREND,KAB,1578,387,NB2,full + county FE,0.2539665507640006,0.16077505205735243,5.080039924959952e-11,6.0,0.07645255797095202,0.0015408571277490293,2028.444228844202,2046.019917692431,-17.575688848228992,18.424311151771008,18.0,0.42804689742845975,0.0593681805532424,0.01322443459731111,-990.222114422101,-981.0099588462155,0.12300270022912974,0.13116151171945456
int,REAREND,KSI,224,147,NB2,full + county FE,0.17835950816051274,0.08425759356317376,0.0004981610617680141,2.0,0.042098079442468954,0.07491801565070956,814.6173577377077,840.5471629059339,-25.929805168226153,10.070194831773847,18.0,0.9295911335193855,0.032778178089278985,0.16002505685081636,-387.30867886885386,-382.27358145296694,0.12597896436887634,0.13734142872363775
int,REAREND,FAT,7,7,not modelled (<20 crashes),,,,,,,,,,,,,,,,,,,
int,SIDESWIPE,TOT,7429,463,NB2,full + county FE,0.3456234346127427,0.1678452629825561,7.191671257374259e-12,5.0,0.07708283539396922,0.0014114324577960678,3247.2948599584097,3233.126420061364,14.168439897045573,50.16843989704557,18.0,7.118065137965538e-05,0.0831254926224889,0.0005902127135155179,-1600.6474299792048,-1575.563210030682,0.12752606687498758,0.1411988642868105
int,SIDESWIPE,KAB,161,115,NB2,full + county FE,0.5371520503461891,0.0034426100579561044,0.8246665687981498,0.0,0.0034426100579561044,0.8246665687981498,701.1564791149356,705.6801204960367,-4.523641381101129,31.47635861889887,18.0,0.025339276780423317,-0.012508425060561212,0.6730677576957946,-332.5782395574678,-316.84006024801835,0.0843520895284946,0.12768213727454747
int,SIDESWIPE,KSI,34,33,Firth-Poisson,reduced + region FE,1.0,-0.00446757498972547,0.9222803958898546,0.0,-0.00446757498972547,0.9222803958898546,253.13807653327598,,,,,,,,,,,
int,SIDESWIPE,FAT,6,6,not modelled (<20 crashes),,,,,,,,,,,,,,,,,,,
int,HEADON,TOT,485,233,NB2,full + county FE,0.30428294119417876,0.0777090039909107,0.001292844280460464,3.0,0.041865600216230744,0.07646307612778404,1175.771592771387,1175.8229337130037,-0.05134094161667235,35.94865905838333,18.0,0.007163628900849354,-0.0010500785215170503,0.9678497693258422,-566.8857963856935,-548.9114668565019,0.15685735535316048,0.18359100052758548
int,HEADON,KAB,56,53,Firth-Poisson,reduced + region FE,1.0,0.0009979410316570364,0.902166175816975,0.0,0.0009979410316570364,0.902166175816975,367.5821866741088,,,,,,,,,,,
int,HEADON,KSI,12,12,not modelled (<20 crashes),,,,,,,,,,,,,,,,,,,
int,HEADON,FAT,0,0,not modelled (<20 crashes),,,,,,,,,,,,,,,,,,,
int,OFFROAD,TOT,1263,378,NB2,full + county FE,0.38803667038127965,0.036313352297939215,0.1217182787432646,0.0,0.036313352297939215,0.1217182787432646,1965.8161771473874,1971.1065200992748,-5.290342951887396,30.709657048112604,18.0,0.0310925520776609,0.043224304917806704,0.06779010071267676,-964.9080885736937,-949.5532600496374,0.0637423125468718,0.07864121993029172
int,OFFROAD,KAB,180,125,NB2,full + county FE,0.8355581073512484,-0.0049605535267993805,0.9065041668962558,0.0,-0.0049605535267993805,0.9065041668962558,770.730567131897,789.7989446854206,-19.068377553523533,16.931622446476467,18.0,0.5278109021420314,-0.002338471611427803,0.990688547918718,-367.3652835659485,-358.8994723427103,0.055113333592082814,0.07688793370540115
int,OFFROAD,KSI,49,45,Firth-Poisson,reduced + region FE,1.0018040500925105,-0.00888665363049961,0.7826757109308061,0.0,-0.00888665363049961,0.7826757109308061,336.53972534859463,,,,,,,,,,,
int,OFFROAD,FAT,8,8,not modelled (<20 crashes),,,,,,,,,,,,,,,,,,,
int,ROLLOVER,TOT,300,161,NB2,full + county FE,0.22722926250135414,0.1818024102089111,1.199424131625111e-13,8.0,0.03156344756049817,0.17510449370842462,841.183731737738,857.1770638692908,-15.993332131552847,20.006667868447153,18.0,0.3324444061668265,0.03210561790722518,0.16824799363926413,-394.591865868869,-384.5885319346454,0.23234718164894907,0.2518080173927486
int,ROLLOVER,KAB,57,52,Firth-Poisson,reduced + region FE,1.0,0.0902554184861544,0.00019632076185100296,3.0,0.04953853368109097,0.03742247562112924,343.0968774039718,,,,,,,,,,,
int,ROLLOVER,KSI,11,11,not modelled (<20 crashes),,,,,,,,,,,,,,,,,,,
int,ROLLOVER,FAT,2,2,not modelled (<20 crashes),,,,,,,,,,,,,,,,,,,
int,SINGLE,TOT,822,312,NB2,full + county FE,0.33424740470285297,0.17730975818378986,4.634563639991467e-13,5.0,0.056038929075211075,0.019110908092025713,1532.8909119451675,1553.658407273825,-20.76749532865756,15.23250467134244,18.0,0.645945427733952,0.0631749231012223,0.008507466786154504,-743.4454559725838,-735.8292036369126,0.14080299964749532,0.14960507262832445
int,SINGLE,KAB,211,139,NB2,full + county FE,0.544739877868546,0.07382726220849228,0.002206225034981293,1.0,0.048992221593896525,0.03948601451867723,798.543800172579,816.1087105588529,-17.564910386273823,18.435089613726177,18.0,0.4273551399272346,0.0279406346044816,0.2263427449655031,-380.2719000862895,-371.05435527942643,0.10865617804235705,0.13026177555127327
int,SINGLE,KSI,61,48,Firth-Poisson,reduced + region FE,1.2627015503752264,0.016686881327585015,0.4497448218174168,0.0,0.016686881327585015,0.4497448218174168,385.5105280946076,,,,,,,,,,,
int,SINGLE,FAT,8,8,not modelled (<20 crashes),,,,,,,,,,,,,,,,,,,
int,PED,TOT,609,253,NB2,full + county FE,0.6556567980842037,0.03531331320719425,0.13174443519081896,0.0,0.03531331320719425,0.13174443519081896,1413.8811170744934,1381.026356728823,32.854760345670456,68.85476034567046,18.0,7.053607455556884e-08,0.030590349112371282,0.18793014073417869,-688.9405585372467,-654.5131783644115,0.08397902846757732,0.12975395323059902
int,PED,KAB,362,195,NB2,full + county FE,0.4624261189454758,0.050014181809398484,0.035701294731190825,1.0,0.03402542570857449,0.14558536550396697,1071.397842786419,1046.9229281659236,24.474914620495383,60.47491462049538,18.0,1.7142566429456885e-06,0.024490994376954678,0.28431783157340373,-516.6989213932095,-486.4614640829618,0.10803305702815857,0.16023137067576598
int,PED,KSI,137,97,Firth-Poisson,reduced + region FE,1.248763303218821,0.06913008007087547,0.004085585962371377,2.0,0.035087421664147946,0.1340954247999874,638.6572251114403,624.9159380238233,13.741287087617025,49.741287087617025,18.0,8.258905582336787e-05,0.02661562804691437,0.24752539699488074,-311.32861255572016,-286.45796901191164,0.0908963958126886,0.16352059664834928
int,PED,FAT,36,32,Firth-Poisson,reduced + region FE,1.0337241901527539,0.023431455934783168,0.30398432833226074,0.0,0.023431455934783168,0.30398432833226074,271.09530392217044,,,,,,,,,,,
int,BIKE,TOT,447,242,NB2,full + county FE,0.24150019632533198,0.1420342597263761,6.1532095446396955e-09,5.0,0.03627791747483723,0.12206304092337826,1193.1865938286328,1198.9939324322288,-5.807338603596008,30.19266139640399,18.0,0.035614987456543255,0.011160964714506673,0.5940911448779937,-573.5932969143164,-558.4969662161144,0.11439718661483556,0.1377052570020626
int,BIKE,KAB,219,154,NB2,full + county FE,0.3518176836599277,0.05325815809816667,0.02566920412943144,1.0,0.04067815562469961,0.08476488622600761,842.7017878235988,859.102617811026,-16.400829987427187,19.599170012572813,18.0,0.3558320089235603,0.03155947405327117,0.1751555026762709,-402.3508939117994,-392.551308905513,0.08111623141464142,0.10349639693037394
int,BIKE,KSI,55,48,Firth-Poisson,reduced + region FE,1.0699705956563803,0.005357976022138773,0.7650806915624163,0.0,0.005357976022138773,0.7650806915624163,364.02436286013244,,,,,,,,,,,
int,BIKE,FAT,4,4,not modelled (<20 crashes),,,,,,,,,,,,,,,,,,,
int,ALCOHOL,TOT,883,329,NB2,full + county FE,0.15629157596376603,0.1638066842353258,2.218453041883895e-11,8.0,0.04892395568590109,0.039750534697010315,1553.3495977616174,1566.7034042299906,-13.35380646837325,22.64619353162675,18.0,0.20455430180416626,0.04675322645431763,0.048980488591028076,-750.6747988808087,-739.3517021149953,0.15992220400888502,0.17259384582901893
int,ALCOHOL,KAB,203,142,NB2,full + county FE,0.3135563313271865,0.06408609918953193,0.007630533347027942,3.0,0.025474050073379773,0.2668577393283249,789.5801404833217,792.7206451661398,-3.1405046828181185,32.85949531718188,18.0,0.017355697817444535,0.04075753378759402,0.0841880787491527,-373.7900702416608,-357.3603225830699,0.10703850175497376,0.14628815885666713
int,ALCOHOL,KSI,60,54,Firth-Poisson,reduced + region FE,1.0,0.05068339183125549,0.03339432016104614,1.0,0.008775301609268623,0.6623465866379912,373.3162126918072,,,,,,,,,,,
int,ALCOHOL,FAT,15,15,not modelled (<20 crashes),,,,,,,,,,,,,,,,,,,
seg,ALL,TOT,24909,332,NB2,full + county FE,0.3436485109335179,0.22977409755704142,7.267918904754027e-15,8.0,0.08848540254887023,0.002230664017245295,3305.595482162664,3277.9343233692725,27.661158793391678,63.66115879339168,18.0,5.171269617015878e-07,0.08288593306264468,0.004097891655816461,-1626.797741081332,-1594.9671616846363,0.08103895490044677,0.09901971659554776
seg,ALL,KAB,2945,312,NB2,full + county FE,0.25417790755952324,0.2757270295938986,1.2133299102105812e-20,10.0,0.08356748161190165,0.0038121147340174615,1911.9498393995673,1918.648497115033,-6.6986577154657425,29.301342284534257,18.0,0.04481833912340763,0.06628860189135147,0.02056806370426889,-927.9749196997836,-913.3242485575165,0.13893108983593339,0.15252546309520787
seg,ALL,KSI,819,240,NB2,full + county FE,0.3213033626172458,0.24423934205333156,1.4184343341167114e-16,3.0,0.07113532297395182,0.013219347457867618,1252.1157377088186,1258.2664462486123,-6.150708539793641,29.84929146020636,18.0,0.03893772075276677,0.03787398685324256,0.1718871283111566,-605.0578688544093,-590.1332231243061,0.12805055780248764,0.14955847826635704
seg,ALL,FAT,177,106,Firth-Poisson,reduced + region FE,1.4810273798721674,0.11074311582381868,0.00014379279710038606,2.0,0.05097427862205102,0.07123210390203036,645.710966856167,618.4048076325719,27.30615922359516,63.30615922359516,18.0,5.915566030326536e-07,0.018428355806585865,0.47382745127212367,-313.8554834280835,-282.20240381628594,0.1323156342716525,0.21982368736133107
seg,ANGLE,TOT,1310,236,NB2,full + county FE,0.875085004899009,0.08138346890956942,0.004797700115180032,2.0,0.05444693360029396,0.054850849350987066,1490.8407484844856,1464.4540067055318,26.38674177895382,62.38674177895382,18.0,8.370990757088309e-07,0.05734332574195841,0.04371041535659185,-725.4203742422428,-694.2270033527659,0.10271437092971136,0.14129801761956917
seg,ANGLE,KAB,212,110,NB2,full + county FE,0.635916117473039,0.02594054953658568,0.33337744488993915,0.0,0.02594054953658568,0.33337744488993915,667.0361359981262,681.8353548883192,-14.79921889019306,21.20078110980694,18.0,0.2694047027468297,0.026886447229718127,0.31782061130801165,-315.5180679990631,-304.9176774441596,0.11752415702013486,0.14717250220105815
seg,ANGLE,KSI,48,40,Firth-Poisson,reduced + region FE,1.0,0.018378466397123414,0.47485742817965737,0.0,0.018378466397123414,0.47485742817965737,280.56242930338306,,,,,,,,,,,
seg,ANGLE,FAT,5,5,not modelled (<20 crashes),,,,,,,,,,,,,,,,,,,
seg,LEFTTURN,TOT,2289,283,NB2,full + county FE,0.8395214210180193,0.053672208856684764,0.058203317653148234,0.0,0.053672208856684764,0.058203317653148234,1921.3171415969105,1912.3243555230674,8.992786073843035,44.992786073843035,18.0,0.0004154097179614378,0.05651649677441695,0.04667654334557065,-942.6585707984552,-920.1621777615337,0.05421225189325429,0.07678332223624429
seg,LEFTTURN,KAB,467,187,NB2,full + county FE,0.6178655671472106,0.05851607101479092,0.039777506104136606,1.0,0.028771218845782785,0.2882637636654094,1030.273081876479,1042.475674214168,-12.202592337689111,23.797407662311002,18.0,0.1617777167321034,0.008320482177965435,0.7050989798929848,-496.1365409382395,-484.237837107084,0.08617251797240755,0.10808858676438649
seg,LEFTTURN,KSI,135,93,Firth-Poisson,reduced + region FE,1.2332057625533905,0.09839500364445875,0.0007018365402995445,1.0,0.055058429481192585,0.05231982232406088,547.8094756753848,558.4399992157869,-10.630523540402123,25.36947645959782,18.0,0.11507267830694604,0.04567576637764747,0.10375592556602568,-265.9047378376924,-253.21999960789347,0.0972633137668577,0.14032752784751534
seg,LEFTTURN,FAT,30,25,Firth-Poisson,reduced + region FE,1.0046447505131444,0.009065171747304155,0.6867018105826197,0.0,0.009065171747304155,0.6867018105826197,212.0634989465975,,,,,,,,,,,
seg,RIGHTTURN,TOT,567,194,NB2,full + county FE,0.8178069659501765,0.10839836504096569,0.00019672387160067683,1.0,0.04907312277537151,0.08177903658838148,1120.5959165553977,1124.1738783779124,-3.5779618225146805,32.42203817748532,18.0,0.019587082116822998,0.025620793448652382,0.33874565637629683,-541.2979582776989,-525.0869391889562,0.08280369211110017,0.11027227319095567
seg,RIGHTTURN,KAB,52,44,Firth-Poisson,reduced + region FE,1.0,0.09345280543359193,0.0012655223827253976,1.0,0.02716586563805262,0.31331764186819244,297.2377629003862,,,,,,,,,,,
seg,RIGHTTURN,KSI,11,10,not modelled (<20 crashes),,,,,,,,,,,,,,,,,,,
seg,RIGHTTURN,FAT,2,2,not modelled (<20 crashes),,,,,,,,,,,,,,,,,,,
seg,REAREND,TOT,10937,326,NB2,full + county FE,0.4043978504257755,0.20024094037510967,1.1006031072365126e-11,7.0,0.09763902491174291,0.0007693439315485523,2787.5977330365495,2778.826167837401,8.771565199148426,44.77156519914843,18.0,0.0004470816370881996,0.08964884839792214,0.001957854026417683,-1368.7988665182747,-1346.4130839187005,0.0895634309030976,0.10445300716227945
seg,REAREND,KAB,933,256,NB2,full + county FE,0.15768484018036993,0.21435896977854335,3.743215241052351e-13,6.0,0.03657052126667948,0.1859679169103291,1237.3452554287728,1251.4596488370435,-14.114393408270644,21.885606591729356,18.0,0.23710346699593,0.03220641399773444,0.2392964650160918,-594.6726277143864,-583.7298244185217,0.18624107355768937,0.20121536940940477
seg,REAREND,KSI,167,101,NB2,full + county FE,0.27591348363070334,0.13368444559861342,4.917373547852016e-06,2.0,0.04236733098174963,0.12943368008938302,574.6181148781162,585.734600337142,-11.11648545902574,24.883514540974204,18.0,0.12815861175457197,0.03522890325813287,0.20133306135863838,-267.3090574390581,-254.867300168571,0.1537740974703713,0.19316123001328123
seg,REAREND,FAT,7,7,not modelled (<20 crashes),,,,,,,,,,,,,,,,,,,
seg,SIDESWIPE,TOT,3471,301,NB2,full + county FE,0.4121029212960322,0.18719552431351705,2.0613921854515754e-10,7.0,0.07798932021122768,0.006791988196575946,2077.8030498725975,2057.816197106175,19.986852766422544,55.98685276642277,18.0,8.95511612843085e-06,0.07532316264843755,0.008850693737068685,-1013.9015249362989,-985.9080985530875,0.10391845616943751,0.12865891874261615
seg,SIDESWIPE,KAB,135,97,Firth-Poisson,reduced + region FE,1.0483453032103205,0.13092387831715074,7.604722577140294e-06,3.0,0.04146914743981542,0.13719440061920474,524.8764154800356,522.626337553244,2.2500779267916187,38.250077926791676,18.0,0.0035886999836506985,-0.013319879656942065,0.7302415805508191,-252.43820774001782,-233.31316877662198,0.12004471418574092,0.18671124330551636
seg,SIDESWIPE,KSI,28,25,Firth-Poisson,reduced + region FE,1.0,-0.029621081202168345,0.3736738595440512,0.0,-0.029621081202168345,0.3736738595440512,202.9567419648073,,,,,,,,,,,
seg,SIDESWIPE,FAT,4,4,not modelled (<20 crashes),,,,,,,,,,,,,,,,,,,
seg,HEADON,TOT,222,129,NB2,full + county FE,0.4328123663401501,0.013716106609995596,0.5763148664151321,0.0,0.013716106609995596,0.5763148664151321,705.177300258654,716.369614083044,-11.192313824389998,24.80768617561,18.0,0.13030587629910184,0.023833739488824633,0.3697611761449535,-334.588650129327,-322.184807041522,0.10402465391931737,0.1372401787108215
seg,HEADON,KAB,39,32,Firth-Poisson,reduced + region FE,1.0850347629195274,0.04970703767921659,0.07812980592643301,0.0,0.04970703767921659,0.07812980592643301,250.53659538838593,,,,,,,,,,,
seg,HEADON,KSI,14,14,not modelled (<20 crashes),,,,,,,,,,,,,,,,,,,
seg,HEADON,FAT,2,2,not modelled (<20 crashes),,,,,,,,,,,,,,,,,,,
seg,OFFROAD,TOT,1192,279,NB2,full + county FE,0.19822705995808107,0.09724023363996623,0.0008073378579240964,2.0,0.039722935965532044,0.1533034913879894,1466.1946205426448,1480.2998442603412,-14.10522371769639,21.89477628230361,18.0,0.23669026158377984,0.03129316285212756,0.2517020721788291,-713.0973102713224,-702.1499221301706,0.09933993361934423,0.11316676368571066
seg,OFFROAD,KAB,189,134,NB2,full + county FE,0.0896759668481524,0.07040187708343247,0.01415553981352309,1.0,0.018994340317461257,0.46222900209868434,653.9858192419362,678.3476660636011,-24.361846821664926,11.638153178335074,18.0,0.8653451078960431,0.017631401635298794,0.4904267992588526,-307.9929096209681,-302.17383303180054,0.09237550380045678,0.10952374420667088
seg,OFFROAD,KSI,83,68,Firth-Poisson,reduced + region FE,1.1345852189134593,0.04740921221210019,0.09201838406304744,0.0,0.04740921221210019,0.09201838406304744,424.0888854417295,,,,,,,,,,,
seg,OFFROAD,FAT,25,25,Firth-Poisson,reduced + region FE,1.0,-0.015226833196179384,0.6828793250589829,0.0,-0.015226833196179384,0.6828793250589829,183.23786178938326,,,,,,,,,,,
seg,ROLLOVER,TOT,107,77,Firth-Poisson,reduced + region FE,1.21416207291099,0.09041937499089851,0.0017944140056846073,1.0,0.050687006683275276,0.07275032091956624,471.1913190847506,472.68719889772626,-1.4958798129756588,34.50412018702434,18.0,0.010905888521324228,0.057287397650207815,0.04390590345557253,-227.5956595423753,-210.34359944886313,0.11251663451823712,0.17978907892279794
seg,ROLLOVER,KAB,20,16,Firth-Poisson,reduced + region FE,1.0,-0.01626538667403469,0.6575870253713048,0.0,-0.01626538667403469,0.6575870253713048,156.80895923581966,,,,,,,,,,,
seg,ROLLOVER,KSI,9,7,not modelled (<20 crashes),,,,,,,,,,,,,,,,,,,
seg,ROLLOVER,FAT,3,3,not modelled (<20 crashes),,,,,,,,,,,,,,,,,,,
seg,SINGLE,TOT,566,211,NB2,full + county FE,0.25459411397984677,0.0803332325962277,0.005349281917336897,2.0,0.041258711480776596,0.1390635421111969,1054.5632008376379,1072.2584341267084,-17.69523328907053,18.30476671092947,18.0,0.43575176380967334,0.05983155176335627,0.03572733211456722,-507.2816004188189,-498.1292170633542,0.145291553584168,0.1607122180677466
seg,SINGLE,KAB,160,105,NB2,full + county FE,0.2843522951370275,0.031614809399972056,0.2472826336824514,0.0,0.031614809399972056,0.2472826336824514,587.0023882804098,586.6944075837287,0.30798069668117023,36.30798069668117,18.0,0.006441728989354291,0.003601215163440367,0.8253088651252338,-275.5011941402049,-257.34720379186433,0.11323104458427646,0.17166416719946376
seg,SINGLE,KSI,45,41,Firth-Poisson,reduced + region FE,1.0,0.12089679091418087,3.459437287694231e-05,3.0,0.008204070865946657,0.707990844909543,259.2161714908335,,,,,,,,,,,
seg,SINGLE,FAT,8,8,not modelled (<20 crashes),,,,,,,,,,,,,,,,,,,
seg,PED,TOT,424,166,NB2,full + county FE,0.6362814059052875,0.09678178209309778,0.0008531638798590884,3.0,0.05792416072510331,0.041723298193364865,941.404242633256,947.6514548204491,-6.2472121871930995,29.7527878128069,18.0,0.03992037004890462,0.05416490826949593,0.056052127853842185,-449.702121316628,-434.82572741022454,0.12424276813516677,0.1532132998050183
seg,PED,KAB,290,136,NB2,full + county FE,0.6822643928022815,0.09753030205733734,0.0007795342311009577,2.0,0.04475225898962056,0.11047841836587002,798.3159613208278,802.4305750855656,-4.114613764737783,31.885386235262217,18.0,0.022684142834176878,0.010216286804849964,0.6586289967567238,-379.1579806604139,-363.2152875427828,0.10955871640420634,0.14699965882855082
seg,PED,KSI,147,89,Firth-Poisson,reduced + region FE,1.5690083903506253,0.18026114174459484,9.071805812090047e-10,3.0,0.09938585053691387,0.0006216776271542213,571.0867229621655,534.8711010330913,36.21562192907413,72.21562192907413,18.0,1.899375164556646e-08,0.06339030645430187,0.026489743547915823,-275.54336148108274,-239.43555051654567,0.14130462268629285,0.25382996241324485
seg,PED,FAT,65,46,Firth-Poisson,reduced + region FE,1.4425706971982855,0.07595664782454203,0.008316569361599831,1.0,0.03316554778850553,0.2267386683535233,347.3139376838436,,,,,,,,,,,
seg,BIKE,TOT,387,174,NB2,full + county FE,0.3151167929934535,0.15963800121827687,5.458606171037598e-08,3.0,0.08404326778906585,0.0036234804870897757,897.8139562894354,906.5040530824704,-8.690096793034968,27.309903206965032,18.0,0.07336353072863323,0.07367966029248134,0.010381988951098584,-427.9069781447177,-414.2520265412352,0.13919400657591763,0.16666321082015934
seg,BIKE,KAB,196,122,NB2,full + county FE,0.3923046957752257,0.07504603410764764,0.00909384017663317,1.0,0.03545352366271751,0.1986979636610139,647.425264690627,665.4274630748598,-18.00219838423277,17.99780161576723,18.0,0.45579743792458727,0.020224508055467855,0.43757462745090303,-304.7126323453135,-295.7137315374299,0.12692817747630558,0.1527120994245934
seg,BIKE,KSI,66,55,Firth-Poisson,reduced + region FE,1.0,0.07256117770817079,0.011554734746535742,1.0,0.0356860313248289,0.19599698783312203,348.5220596013718,,,,,,,,,,,
seg,BIKE,FAT,13,13,not modelled (<20 crashes),,,,,,,,,,,,,,,,,,,
seg,ALCOHOL,TOT,435,191,NB2,full + county FE,0.4097150694717783,0.09401826333516917,0.0011845101342103895,2.0,0.020998965353720457,0.42244956032689507,980.8268423464842,993.2133377604348,-12.38649541395057,23.61350458604943,18.0,0.16810209879539514,0.01869465925167685,0.46835039171614945,-470.4134211732421,-458.6066688802174,0.1062860271372501,0.12871706125206872
seg,ALCOHOL,KAB,123,82,Firth-Poisson,reduced + region FE,1.2225457444722168,0.10606266386724168,0.00026726244578959165,1.0,0.05455838015992588,0.05438210088152993,516.1281801804531,520.3553798877689,-4.227199707315776,31.772800292684224,18.0,0.02338834994225525,0.024579192408569244,0.3566147166594609,-250.06409009022656,-234.17768994388445,0.11174991230698672,0.16817983120507085
seg,ALCOHOL,KSI,54,43,Firth-Poisson,reduced + region FE,1.2270486254905328,0.02160967241052369,0.4107415115219334,0.0,0.02160967241052369,0.4107415115219334,314.24164045963204,,,,,,,,,,,
seg,ALCOHOL,FAT,20,17,Firth-Poisson,reduced + region FE,1.688138393562216,-0.013662361208102474,0.7216530529387517,0.0,-0.013662361208102474,0.7216530529387517,154.78609933397232,,,,,,,,,,,
