Facility,Crash type,Total,KAB,KSI,Fatal,Sites with ≥1 KSI,KSI per 100 crashes,"Fatal per 1,000 crashes"
Intersections,All crash types,51277,4623,958,113,345,1.8682840259765587,2.2037170661310137
Intersections,Angle,2693,473,115,13,92,4.270330486446342,4.827330115113257
Intersections,Left turn,4650,938,189,20,139,4.064516129032258,4.301075268817204
Intersections,Right turn,1358,68,16,1,16,1.1782032400589102,0.7363770250368189
Intersections,Rear end,25212,1578,224,7,147,0.8884658099317785,0.2776455656036808
Intersections,Sideswipe,7429,161,34,6,33,0.4576659038901602,0.8076457127473415
Intersections,Head on,485,56,12,0,12,2.4742268041237114,0.0
Intersections,Run-off-road,1263,180,49,8,45,3.879651623119557,6.334125098970705
Intersections,Rollover,300,57,11,2,11,3.6666666666666665,6.666666666666667
Intersections,Single vehicle (other),822,211,61,8,48,7.420924574209246,9.732360097323602
Intersections,Pedestrian,609,362,137,36,97,22.495894909688012,59.11330049261084
Intersections,Bicycle,447,219,55,4,48,12.304250559284116,8.94854586129754
Intersections,Alcohol-involved,883,203,60,15,54,6.795016987542469,16.987542468856173
Segments,All crash types,24909,2945,819,177,240,3.287968204263519,7.10586534987354
Segments,Angle,1310,212,48,5,40,3.66412213740458,3.816793893129771
Segments,Left turn,2289,467,135,30,93,5.897771952817824,13.106159895150721
Segments,Right turn,567,52,11,2,10,1.9400352733686066,3.527336860670194
Segments,Rear end,10937,933,167,7,101,1.526926945231782,0.6400292584803877
Segments,Sideswipe,3471,135,28,4,25,0.8066839527513685,1.1524056467876693
Segments,Head on,222,39,14,2,14,6.306306306306307,9.00900900900901
Segments,Run-off-road,1192,189,83,25,68,6.9630872483221475,20.973154362416107
Segments,Rollover,107,20,9,3,7,8.411214953271028,28.037383177570092
Segments,Single vehicle (other),566,160,45,8,41,7.950530035335689,14.134275618374557
Segments,Pedestrian,424,290,147,65,89,34.66981132075472,153.30188679245282
Segments,Bicycle,387,196,66,13,55,17.05426356589147,33.59173126614987
Segments,Alcohol-involved,435,123,54,20,43,12.413793103448276,45.97701149425287
