Variable,Intersections mean,Intersections SD,Segments mean,Segments SD
AADT (major road),41418.14746400817,13307.223961615775,41786.11076751197,13857.119996345733
Through lanes (total),5.579977258676892,1.0423925336479216,5.628957482311377,1.0605765746823501
Posted speed (mph),43.09142574265849,5.114827624968144,44.28054297224551,5.084551812421175
Raised median (share),0.8773006134969326,0.3284278147908782,0.9221556886227545,0.2683284253604737
Outside shoulder width (ft),11.09236825377914,7.979648031292805,12.219433369335329,8.377089045662785
Bike lane >50% (share),0.3885480572597137,0.4879193638042165,0.437125748502994,0.49677530923300944
Bus stops,1.30879345603272,1.0792113355790582,4.155688622754491,3.308876128851968
Population density (per sq mi),4497.60395088957,2340.69646551553,4360.651045150898,2360.700836933009
Median household income ($),59204.769456380374,24235.30103478008,61479.0580673952,25792.811492917222
Segment length (mi),,,0.5306835329341317,0.3240348642840227
Mixed-use buildings (count),0.4049079754601227,2.7727554136142714,1.18562874251497,5.515060193944855
Gas stations (count),0.2392638036809816,0.5919648703462284,0.3652694610778443,0.7216870578408372
Supermarkets (count),0.16359918200409,0.43634112426018357,0.2934131736526946,0.6325635648768569
Regional shopping centers (count),0.016359918200409,0.12698522450512204,0.011976047904191617,0.13369428404661302
Community shopping centers (count),0.3987730061349693,1.6152699006843168,0.7634730538922155,1.6714475315196342
Fast-food restaurants (count),0.30879345603271985,0.6471440855776033,0.8413173652694611,1.3452059471017672
Sit-down restaurants (count),0.2658486707566462,0.578720452635324,0.9790419161676647,1.531308194004246
Bars (count),0.018404907975460124,0.13454808869911059,0.1377245508982036,0.5012437104176781
Hotels (count),0.09406952965235174,0.35549780854040774,2.1377245508982035,20.71917658330722
Office buildings (count),1.7627811860940694,7.029866411060044,6.640718562874252,13.195103995501013
Department / big-box stores (count),0.053169734151329244,0.2421623342538671,0.1407185628742515,0.4114948488685805
Banks (count),0.2740286298568507,0.5784379821369372,0.5239520958083832,0.8992963269046433
Auto sales & service (count),0.5153374233128835,0.9773405799785739,2.1017964071856285,3.215268996707469
Repair shops (count),0.02044989775051125,0.14167832578385361,0.20059880239520958,0.8896466218844385
Single-tenant retail stores (count),1.8241308793456033,1.9870870308271347,4.961077844311378,5.591309755389059
Parks & recreation (count),0.09815950920245399,0.4081353629675781,0.26646706586826346,1.1589635412311627
Schools (count),0.10633946830265849,0.3461448918653442,0.3023952095808383,0.6540657868674653
Hospitals (count),0.0081799591002045,0.09016469634170442,0.03293413173652695,0.22352435390687098
Industrial (count),0.278118609406953,0.6655699349895522,1.4491017964071857,3.039595916392789
