facility,type,sev,events,I_eb,z_eb,p_eb,I_count,p_count
int,ALL,TOT,51277,0.15557729838218098,6.086575804301717,0.001,0.19614207344546591,0.001
int,ALL,KAB,4623,0.21191366762714575,8.967475278957538,0.001,0.2530997586890427,0.001
int,ALL,KSI,958,0.17921569872223014,7.184463675325487,0.001,0.19600604335868185,0.001
int,ALL,FAT,113,0.04823828300075854,2.0002302533640726,0.03,0.06108388857350585,0.012
int,ANGLE,TOT,2693,0.17407256904702872,8.433015547708003,0.001,0.1914118187422796,0.001
int,ANGLE,KAB,473,0.06999039396603543,3.634273384072923,0.004,0.08169514254494885,0.003
int,ANGLE,KSI,115,0.07882689020818474,3.6312618574085067,0.005,0.04476707295129319,0.035
int,ANGLE,FAT,13,0.011371318155049746,0.6359383416737623,0.197,0.026071967248437838,0.117
int,LEFTTURN,TOT,4650,0.21149570744588164,8.729568552440956,0.001,0.1729585256915304,0.001
int,LEFTTURN,KAB,938,0.15987602775474594,6.409139506337764,0.001,0.14593718219703908,0.001
int,LEFTTURN,KSI,189,0.09107625481248019,3.7161617953087687,0.002,0.07523333161450005,0.004
int,LEFTTURN,FAT,20,-0.014612937437975204,-0.5417977735373032,0.319,-0.017643923240938154,0.257
int,RIGHTTURN,TOT,1358,0.1403711298529159,5.743873373932422,0.001,0.18967667098525776,0.001
int,RIGHTTURN,KAB,68,0.024081517915537656,1.0334306160377638,0.151,0.02292261300049989,0.149
int,RIGHTTURN,KSI,16,-0.010426100357134961,-0.3111255978025764,0.452,-0.01123150105708246,0.396
int,REAREND,TOT,25212,0.12942479479899108,5.25312815682255,0.001,0.18852005080937598,0.001
int,REAREND,KAB,1578,0.1685149008655621,6.8302992757573255,0.001,0.2315684557177401,0.001
int,REAREND,KSI,224,0.15935934462809626,6.281664463554878,0.001,0.1963749749240004,0.001
int,SIDESWIPE,TOT,7429,0.1083104666434316,4.644967650043685,0.001,0.17534095493290788,0.001
int,SIDESWIPE,KAB,161,0.010540873025700804,0.49857399017288806,0.29,0.03772695748048299,0.064
int,SIDESWIPE,KSI,34,0.0023803174452658167,0.12894580709343442,0.431,0.007964494163424131,0.313
int,HEADON,TOT,485,0.1914655708164674,8.403836555266928,0.001,0.20712648643796305,0.001
int,HEADON,KAB,56,0.01791256929507532,0.8526464430081072,0.181,0.0067814485075908,0.337
int,HEADON,KSI,12,0.0025485060376889057,0.24635317973845547,0.378,0.0019217330538085298,0.434
int,OFFROAD,TOT,1263,0.12490037757561112,5.345963439406115,0.001,0.13113308283672023,0.001
int,OFFROAD,KAB,180,0.0634513950239924,2.7023905818634715,0.009,0.06058195129239504,0.014
int,OFFROAD,KSI,49,0.0040921932781845,0.32267056942366973,0.338,-0.0034024288107202772,0.481
int,ROLLOVER,TOT,300,0.2632753857247584,10.584187864200569,0.001,0.29491675629819275,0.001
int,ROLLOVER,KAB,57,0.13892591570319524,5.7160226556494385,0.001,0.13546113708748395,0.001
int,ROLLOVER,KSI,11,0.051589461251634404,2.284228993756249,0.029,0.035501458095600326,0.085
int,SINGLE,TOT,822,0.2230511645573195,9.244069166610112,0.001,0.2344593099776142,0.001
int,SINGLE,KAB,211,0.13603771831183376,5.701506659855651,0.001,0.1656919870326775,0.001
int,SINGLE,KSI,61,0.041899329357385225,1.7432471612338898,0.042,0.05989340657544102,0.009
int,PED,TOT,609,0.16196644741021962,6.529642570013186,0.001,0.15021485048539834,0.001
int,PED,KAB,362,0.17496020108329,6.709300141238591,0.001,0.18334486571977537,0.001
int,PED,KSI,137,0.13245653291307655,5.640384019949831,0.001,0.12682794916065152,0.001
int,PED,FAT,36,0.023830050067609212,1.1004526745219798,0.131,0.028140454995054385,0.123
int,BIKE,TOT,447,0.3567372602604777,15.006528288663166,0.001,0.28986249585178986,0.001
int,BIKE,KAB,219,0.1940672958643582,7.914817139781529,0.001,0.1678920127043877,0.001
int,BIKE,KSI,55,0.018525790957183333,0.7982571376305425,0.188,0.029753265602322203,0.115
int,ALCOHOL,TOT,883,0.2392127459800565,9.559078116234687,0.001,0.2477447432548426,0.001
int,ALCOHOL,KAB,203,0.11810246630167894,4.960350805568617,0.001,0.11913187448459962,0.001
int,ALCOHOL,KSI,60,0.06397619906265287,2.565976297322501,0.012,0.05981080739053403,0.01
int,ALCOHOL,FAT,15,-0.0260645648728594,-0.9979728510937718,0.178,-0.028129395218002808,0.19
seg,ALL,TOT,24909,0.42959031188013547,14.793768838655964,0.001,0.3080398229905125,0.001
seg,ALL,KAB,2945,0.4339794083330129,14.319378969916075,0.001,0.3394452925973086,0.001
seg,ALL,KSI,819,0.35066340538300517,12.244501325755621,0.001,0.3147906505835541,0.001
seg,ALL,FAT,177,0.15316613308581178,5.130564560088206,0.001,0.11089530976728598,0.002
seg,ANGLE,TOT,1310,0.40506498635293015,13.964614498965588,0.001,0.3108726553928344,0.001
seg,ANGLE,KAB,212,0.2602620781199833,9.514879207026716,0.001,0.2336787868142163,0.001
seg,ANGLE,KSI,48,0.05637907697369923,1.989247114514118,0.033,0.039243498817966904,0.073
seg,LEFTTURN,TOT,2289,0.24953454028162925,8.606247421927234,0.001,0.15390264234036485,0.001
seg,LEFTTURN,KAB,467,0.17370097983540964,6.057469958539219,0.001,0.11411723665526019,0.001
seg,LEFTTURN,KSI,135,0.0956751588100546,3.3874210465271606,0.002,0.0734628061938299,0.011
seg,LEFTTURN,FAT,30,0.041698754873262425,1.546739102360288,0.068,0.029152839233038345,0.125
seg,RIGHTTURN,TOT,567,0.22628186642324957,7.8219175356587805,0.001,0.2138977373305952,0.001
seg,RIGHTTURN,KAB,52,0.08806455267044908,3.155972020175724,0.005,0.09812281359320342,0.002
seg,RIGHTTURN,KSI,11,0.10981484434939405,4.249502570454049,0.007,0.10321408828871514,0.004
seg,REAREND,TOT,10937,0.37512808859683267,13.428803409163178,0.001,0.3157182551134099,0.001
seg,REAREND,KAB,933,0.39906280971472496,13.46030522956686,0.001,0.3665733291540417,0.001
seg,REAREND,KSI,167,0.22525080016409652,8.1477173581745,0.001,0.2572614107883818,0.001
seg,SIDESWIPE,TOT,3471,0.37736843487480803,12.570152349682221,0.001,0.3416479524849367,0.001
seg,SIDESWIPE,KAB,135,0.1373894608422546,4.85170433971843,0.001,0.1679631205181185,0.001
seg,SIDESWIPE,KSI,28,-0.012185161013447134,-0.3009160935165946,0.424,-0.012738050195484935,0.401
seg,HEADON,TOT,222,0.18979314130916727,6.35438370158422,0.001,0.19132461712289098,0.001
seg,HEADON,KAB,39,0.04136031734492939,1.5129107737050105,0.083,0.06418778562525969,0.029
seg,HEADON,KSI,14,-0.00393270431645692,-0.03564350035883871,0.428,0.010119047619047623,0.276
seg,OFFROAD,TOT,1192,0.25116350894546685,8.867386343404542,0.001,0.2004344122270067,0.001
seg,OFFROAD,KAB,189,0.1928760437943473,7.103367448337977,0.001,0.13005287500153354,0.001
seg,OFFROAD,KSI,83,0.06372803404745123,2.2998685475225624,0.023,0.062264206124060494,0.022
seg,OFFROAD,FAT,25,0.00031107584901040876,0.09274141185305662,0.421,-0.0012944983818770186,0.425
seg,ROLLOVER,TOT,107,0.24191834358598194,8.279888278139643,0.001,0.1297127701988247,0.001
seg,ROLLOVER,KAB,20,-0.019328085843304924,-0.5538755563631715,0.33,-0.028150134048257388,0.211
seg,SINGLE,TOT,566,0.3337398932768745,11.459382111385537,0.001,0.2836926676856073,0.001
seg,SINGLE,KAB,160,0.25141995312834686,8.475776448231327,0.001,0.22612116562109796,0.001
seg,SINGLE,KSI,45,0.17721169007747767,6.10486304171516,0.001,0.14739214560608968,0.001
seg,PED,TOT,424,0.32268852806058335,11.128927884856559,0.001,0.2831908156503271,0.001
seg,PED,KAB,290,0.2969038684358679,10.652061750421119,0.001,0.2353785711323962,0.001
seg,PED,KSI,147,0.1715220025617934,6.475787757933486,0.001,0.19003933040083543,0.001
seg,PED,FAT,65,0.12574635846302104,4.349400187178826,0.004,0.11515029791792195,0.002
seg,BIKE,TOT,387,0.27611644926140183,9.588276181041472,0.001,0.3151979185949707,0.001
seg,BIKE,KAB,196,0.1775424027201126,5.954752943590316,0.001,0.17674209770114946,0.001
seg,BIKE,KSI,66,0.08895648867611776,3.1877805233445144,0.003,0.10343396617906421,0.005
seg,BIKE,FAT,13,0.034355145226743454,1.3517679109991825,0.094,0.037982266954229585,0.097
seg,ALCOHOL,TOT,435,0.15084951997823348,5.295668756481507,0.001,0.17085251367497564,0.001
seg,ALCOHOL,KAB,123,0.1172034437397487,4.045370079465291,0.001,0.14815572011973815,0.001
seg,ALCOHOL,KSI,54,0.03364637349265018,1.1825191487952662,0.118,0.049416201694564996,0.052
seg,ALCOHOL,FAT,20,-0.021905607073975025,-0.6395860364479754,0.281,-0.020814715519809356,0.325
