facility,route,type,share_hot
int,Alt US 19,ALL,7.017543859649122
int,Alt US 19,ANGLE,22.807017543859647
int,Alt US 19,LEFTTURN,17.543859649122805
int,Alt US 19,REAREND,0.0
int,Alt US 19,SIDESWIPE,0.0
int,Alt US 19,OFFROAD,10.526315789473683
int,Alt US 19,PED,26.31578947368421
int,Alt US 19,BIKE,24.561403508771928
int,Alt US 19,HEADON,0.0
int,Alt US 19,SINGLE,10.526315789473683
int,Alt US 19,ALCOHOL,7.017543859649122
int,Colonial Dr (SR 50),ALL,48.275862068965516
int,Colonial Dr (SR 50),ANGLE,31.03448275862069
int,Colonial Dr (SR 50),LEFTTURN,10.344827586206897
int,Colonial Dr (SR 50),REAREND,51.724137931034484
int,Colonial Dr (SR 50),SIDESWIPE,36.206896551724135
int,Colonial Dr (SR 50),OFFROAD,24.137931034482758
int,Colonial Dr (SR 50),PED,24.137931034482758
int,Colonial Dr (SR 50),BIKE,0.0
int,Colonial Dr (SR 50),HEADON,15.517241379310345
int,Colonial Dr (SR 50),SINGLE,17.24137931034483
int,Colonial Dr (SR 50),ALCOHOL,12.068965517241379
int,Lake Worth Rd,ALL,26.31578947368421
int,Lake Worth Rd,ANGLE,0.0
int,Lake Worth Rd,LEFTTURN,31.57894736842105
int,Lake Worth Rd,REAREND,31.57894736842105
int,Lake Worth Rd,SIDESWIPE,0.0
int,Lake Worth Rd,OFFROAD,0.0
int,Lake Worth Rd,PED,21.052631578947366
int,Lake Worth Rd,BIKE,0.0
int,Lake Worth Rd,HEADON,0.0
int,Lake Worth Rd,SINGLE,31.57894736842105
int,Lake Worth Rd,ALCOHOL,78.94736842105263
int,Military Trail,ALL,16.883116883116884
int,Military Trail,ANGLE,0.0
int,Military Trail,LEFTTURN,27.27272727272727
int,Military Trail,REAREND,18.181818181818183
int,Military Trail,SIDESWIPE,5.194805194805195
int,Military Trail,OFFROAD,1.2987012987012987
int,Military Trail,PED,14.285714285714285
int,Military Trail,BIKE,6.493506493506493
int,Military Trail,HEADON,10.38961038961039
int,Military Trail,SINGLE,9.090909090909092
int,Military Trail,ALCOHOL,18.181818181818183
int,Oakland Park Blvd,ALL,12.121212121212121
int,Oakland Park Blvd,ANGLE,12.121212121212121
int,Oakland Park Blvd,LEFTTURN,12.121212121212121
int,Oakland Park Blvd,REAREND,3.0303030303030303
int,Oakland Park Blvd,SIDESWIPE,3.0303030303030303
int,Oakland Park Blvd,OFFROAD,27.27272727272727
int,Oakland Park Blvd,PED,15.151515151515152
int,Oakland Park Blvd,BIKE,6.0606060606060606
int,Oakland Park Blvd,HEADON,3.0303030303030303
int,Oakland Park Blvd,SINGLE,69.6969696969697
int,Oakland Park Blvd,ALCOHOL,0.0
int,US 19,ALL,3.571428571428571
int,US 19,ANGLE,0.0
int,US 19,LEFTTURN,14.285714285714285
int,US 19,REAREND,0.0
int,US 19,SIDESWIPE,0.0
int,US 19,OFFROAD,0.0
int,US 19,PED,16.071428571428573
int,US 19,BIKE,39.285714285714285
int,US 19,HEADON,0.0
int,US 19,SINGLE,0.0
int,US 19,ALCOHOL,0.0
int,SR 580,ALL,0.0
int,SR 580,ANGLE,0.0
int,SR 580,LEFTTURN,4.166666666666666
int,SR 580,REAREND,0.0
int,SR 580,SIDESWIPE,0.0
int,SR 580,OFFROAD,0.0
int,SR 580,PED,16.666666666666664
int,SR 580,BIKE,0.0
int,SR 580,HEADON,18.75
int,SR 580,SINGLE,0.0
int,SR 580,ALCOHOL,14.583333333333334
int,SR 600,ALL,0.0
int,SR 600,ANGLE,7.547169811320755
int,SR 600,LEFTTURN,0.0
int,SR 600,REAREND,7.547169811320755
int,SR 600,SIDESWIPE,0.0
int,SR 600,OFFROAD,0.0
int,SR 600,PED,0.0
int,SR 600,BIKE,0.0
int,SR 600,HEADON,7.547169811320755
int,SR 600,SINGLE,3.7735849056603774
int,SR 600,ALCOHOL,1.8867924528301887
int,Sunrise Blvd,ALL,11.11111111111111
int,Sunrise Blvd,ANGLE,11.11111111111111
int,Sunrise Blvd,LEFTTURN,5.555555555555555
int,Sunrise Blvd,REAREND,5.555555555555555
int,Sunrise Blvd,SIDESWIPE,36.11111111111111
int,Sunrise Blvd,OFFROAD,30.555555555555557
int,Sunrise Blvd,PED,44.44444444444444
int,Sunrise Blvd,BIKE,0.0
int,Sunrise Blvd,HEADON,0.0
int,Sunrise Blvd,SINGLE,33.33333333333333
int,Sunrise Blvd,ALCOHOL,2.7777777777777777
int,University Dr,ALL,0.0
int,University Dr,ANGLE,0.0
int,University Dr,LEFTTURN,5.769230769230769
int,University Dr,REAREND,0.0
int,University Dr,SIDESWIPE,11.538461538461538
int,University Dr,OFFROAD,0.0
int,University Dr,PED,0.0
int,University Dr,BIKE,3.8461538461538463
int,University Dr,HEADON,1.9230769230769231
int,University Dr,SINGLE,0.0
int,University Dr,ALCOHOL,0.0
seg,Alt US 19,ALL,15.789473684210526
seg,Alt US 19,ANGLE,23.684210526315788
seg,Alt US 19,LEFTTURN,10.526315789473683
seg,Alt US 19,REAREND,0.0
seg,Alt US 19,SIDESWIPE,26.31578947368421
seg,Alt US 19,OFFROAD,2.631578947368421
seg,Alt US 19,PED,23.684210526315788
seg,Alt US 19,BIKE,23.684210526315788
seg,Alt US 19,HEADON,7.894736842105263
seg,Alt US 19,SINGLE,10.526315789473683
seg,Alt US 19,ALCOHOL,10.526315789473683
seg,Colonial Dr (SR 50),ALL,42.10526315789473
seg,Colonial Dr (SR 50),ANGLE,0.0
seg,Colonial Dr (SR 50),LEFTTURN,0.0
seg,Colonial Dr (SR 50),REAREND,39.473684210526315
seg,Colonial Dr (SR 50),SIDESWIPE,47.368421052631575
seg,Colonial Dr (SR 50),OFFROAD,0.0
seg,Colonial Dr (SR 50),PED,28.947368421052634
seg,Colonial Dr (SR 50),BIKE,34.21052631578947
seg,Colonial Dr (SR 50),HEADON,10.526315789473683
seg,Colonial Dr (SR 50),SINGLE,2.631578947368421
seg,Colonial Dr (SR 50),ALCOHOL,0.0
seg,Lake Worth Rd,ALL,0.0
seg,Lake Worth Rd,ANGLE,0.0
seg,Lake Worth Rd,LEFTTURN,0.0
seg,Lake Worth Rd,REAREND,0.0
seg,Lake Worth Rd,SIDESWIPE,16.666666666666664
seg,Lake Worth Rd,OFFROAD,0.0
seg,Lake Worth Rd,PED,8.333333333333332
seg,Lake Worth Rd,BIKE,0.0
seg,Lake Worth Rd,HEADON,0.0
seg,Lake Worth Rd,SINGLE,50.0
seg,Lake Worth Rd,ALCOHOL,58.333333333333336
seg,Military Trail,ALL,9.836065573770492
seg,Military Trail,ANGLE,0.0
seg,Military Trail,LEFTTURN,0.0
seg,Military Trail,REAREND,4.918032786885246
seg,Military Trail,SIDESWIPE,14.754098360655737
seg,Military Trail,OFFROAD,6.557377049180328
seg,Military Trail,PED,0.0
seg,Military Trail,BIKE,0.0
seg,Military Trail,HEADON,4.918032786885246
seg,Military Trail,SINGLE,21.311475409836063
seg,Military Trail,ALCOHOL,21.311475409836063
seg,Oakland Park Blvd,ALL,9.090909090909092
seg,Oakland Park Blvd,ANGLE,4.545454545454546
seg,Oakland Park Blvd,LEFTTURN,18.181818181818183
seg,Oakland Park Blvd,REAREND,0.0
seg,Oakland Park Blvd,SIDESWIPE,0.0
seg,Oakland Park Blvd,OFFROAD,18.181818181818183
seg,Oakland Park Blvd,PED,4.545454545454546
seg,Oakland Park Blvd,BIKE,0.0
seg,Oakland Park Blvd,HEADON,22.727272727272727
seg,Oakland Park Blvd,SINGLE,45.45454545454545
seg,Oakland Park Blvd,ALCOHOL,9.090909090909092
seg,US 19,ALL,18.421052631578945
seg,US 19,ANGLE,26.31578947368421
seg,US 19,LEFTTURN,23.684210526315788
seg,US 19,REAREND,5.263157894736842
seg,US 19,SIDESWIPE,0.0
seg,US 19,OFFROAD,0.0
seg,US 19,PED,26.31578947368421
seg,US 19,BIKE,15.789473684210526
seg,US 19,HEADON,0.0
seg,US 19,SINGLE,0.0
seg,US 19,ALCOHOL,0.0
seg,SR 580,ALL,32.432432432432435
seg,SR 580,ANGLE,29.72972972972973
seg,SR 580,LEFTTURN,37.83783783783784
seg,SR 580,REAREND,32.432432432432435
seg,SR 580,SIDESWIPE,29.72972972972973
seg,SR 580,OFFROAD,0.0
seg,SR 580,PED,13.513513513513514
seg,SR 580,BIKE,18.91891891891892
seg,SR 580,HEADON,37.83783783783784
seg,SR 580,SINGLE,13.513513513513514
seg,SR 580,ALCOHOL,10.81081081081081
seg,SR 600,ALL,11.538461538461538
seg,SR 600,ANGLE,0.0
seg,SR 600,LEFTTURN,0.0
seg,SR 600,REAREND,0.0
seg,SR 600,SIDESWIPE,0.0
seg,SR 600,OFFROAD,0.0
seg,SR 600,PED,19.230769230769234
seg,SR 600,BIKE,0.0
seg,SR 600,HEADON,23.076923076923077
seg,SR 600,SINGLE,0.0
seg,SR 600,ALCOHOL,0.0
seg,Sunrise Blvd,ALL,59.09090909090909
seg,Sunrise Blvd,ANGLE,22.727272727272727
seg,Sunrise Blvd,LEFTTURN,40.909090909090914
seg,Sunrise Blvd,REAREND,50.0
seg,Sunrise Blvd,SIDESWIPE,27.27272727272727
seg,Sunrise Blvd,OFFROAD,40.909090909090914
seg,Sunrise Blvd,PED,27.27272727272727
seg,Sunrise Blvd,BIKE,13.636363636363635
seg,Sunrise Blvd,HEADON,18.181818181818183
seg,Sunrise Blvd,SINGLE,22.727272727272727
seg,Sunrise Blvd,ALCOHOL,0.0
seg,University Dr,ALL,12.5
seg,University Dr,ANGLE,0.0
seg,University Dr,LEFTTURN,10.0
seg,University Dr,REAREND,17.5
seg,University Dr,SIDESWIPE,0.0
seg,University Dr,OFFROAD,20.0
seg,University Dr,PED,0.0
seg,University Dr,BIKE,0.0
seg,University Dr,HEADON,0.0
seg,University Dr,SINGLE,0.0
seg,University Dr,ALCOHOL,0.0
