facility,kind,k_or_km,type,sev,I,z,p
int,knn,4.0,ALL,KSI,0.15570042397961187,5.422786974056915,0.001
int,knn,4.0,ALL,KAB,0.20480197270337375,6.971902505458556,0.001
int,knn,4.0,ALL,TOT,0.13463670665112626,4.399144155269873,0.001
int,knn,6.0,ALL,KSI,0.17921569872223014,7.422862604060529,0.001
int,knn,6.0,ALL,KAB,0.21191366762714575,8.844448043792424,0.001
int,knn,6.0,ALL,TOT,0.15557729838218098,6.5189877640162,0.001
int,knn,8.0,ALL,KSI,0.18177184358504184,8.589687296683843,0.001
int,knn,8.0,ALL,KAB,0.2008823460638249,9.726167540835018,0.001
int,knn,8.0,ALL,TOT,0.14379169684552146,6.800960429172503,0.001
int,knn,10.0,ALL,KSI,0.17834074170507208,9.58612363536675,0.001
int,knn,10.0,ALL,KAB,0.2010063174090613,10.75627228322038,0.001
int,knn,10.0,ALL,TOT,0.14987634280541945,7.96014817507244,0.001
int,band,1.0,ALL,TOT,0.13047062519333325,2.7219017335582607,0.0064907439820372625
int,band,1.0,ALL,KAB,0.25871790256321336,5.356047514441967,8.506214881666403e-08
int,band,1.0,ALL,KSI,0.12723936080323073,2.655532905816524,0.007918320776718621
int,band,1.0,ANGLE,KAB,0.20380515371911262,4.228162473520339,2.3560763385604745e-05
int,band,1.0,REAREND,KAB,0.18401132329182052,3.8216054223542417,0.00013258571220646097
int,band,1.0,PED,KAB,0.18787211839585963,3.9009045493433465,9.583393389992118e-05
int,band,1.0,OFFROAD,KAB,0.042094854004753435,0.906700120058628,0.36456539992941406
int,band,2.0,ALL,TOT,0.18373247590417335,5.637857472124376,1.7217892063804048e-08
int,band,2.0,ALL,KAB,0.2504505802376551,7.662530793868714,1.8230440138202462e-14
int,band,2.0,ALL,KSI,0.19512941017806043,5.98371665089653,2.181025984421272e-09
int,band,2.0,ANGLE,KAB,0.12265122112664477,3.7842438504215656,0.00015417660357557335
int,band,2.0,REAREND,KAB,0.17115088072620846,5.256047761607331,1.4718408128228485e-07
int,band,2.0,PED,KAB,0.1801369602533732,5.528745489869868,3.2252885841216965e-08
int,band,2.0,OFFROAD,KAB,0.022646370730630774,0.749428118400948,0.45359920852291136
int,band,3.0,ALL,TOT,0.15606025782825964,6.318098271773739,2.6480161536196324e-10
int,band,3.0,ALL,KAB,0.2182636641123063,8.803764139193946,1.3230228049603126e-18
int,band,3.0,ALL,KSI,0.17871942596460527,7.223565097231095,5.064203953391233e-13
int,band,3.0,ANGLE,KAB,0.10208249303928027,4.161131386022769,3.166748220220688e-05
int,band,3.0,REAREND,KAB,0.16276648346113712,6.586080961961836,4.515876381374424e-11
int,band,3.0,PED,KAB,0.1552505710956339,6.285742958860482,3.262894309788366e-10
int,band,3.0,OFFROAD,KAB,0.04754451619385738,1.9817782666166819,0.047504062939208704
int,band,4.0,ALL,TOT,0.1480222341021414,7.404162574916145,1.319806562805762e-13
int,band,4.0,ALL,KAB,0.19516859784847576,9.730250746469926,2.2404000839662753e-22
int,band,4.0,ALL,KSI,0.1599469863665151,7.992501165355699,1.3222826175124806e-15
int,band,4.0,ANGLE,KAB,0.056855953009901844,2.906237576199923,0.0036580359274278364
int,band,4.0,REAREND,KAB,0.15712778120448617,7.8534083645649115,4.0488065538690435e-15
int,band,4.0,PED,KAB,0.14078085851532082,7.046890523376617,1.8296015005349026e-12
int,band,4.0,OFFROAD,KAB,0.06147185625634848,3.13397513832381,0.0017245546688387746
int,band,5.0,ALL,TOT,0.15847996298637967,9.142275514822867,6.115180949627875e-20
int,band,5.0,ALL,KAB,0.19992530441340903,11.502624061566609,1.2796490531993333e-30
int,band,5.0,ALL,KSI,0.16250181681912443,9.371323618239957,7.162855012101933e-21
int,band,5.0,ANGLE,KAB,0.05040335761366852,2.9872180428603277,0.0028152885196800173
int,band,5.0,REAREND,KAB,0.16177012741117536,9.329653264678964,1.0621781415438703e-20
int,band,5.0,PED,KAB,0.12987385154011566,7.513132377009455,5.772909939186028e-14
int,band,5.0,OFFROAD,KAB,0.04312955862333837,2.5729688103775916,0.010083029389891132
int,band,6.0,ALL,TOT,0.14906678869261075,9.575461463311129,1.0140344553547138e-21
int,band,6.0,ALL,KAB,0.18233685030875968,11.683618496299792,1.5457235711844345e-31
int,band,6.0,ALL,KSI,0.14748412054374097,9.475175716100265,2.663121057592935e-21
int,band,6.0,ANGLE,KAB,0.04932309879980661,3.2552038163673744,0.001133110164014968
int,band,6.0,REAREND,KAB,0.1445100235014407,9.286722094677673,1.5911299825148308e-20
int,band,6.0,PED,KAB,0.12710962366870537,8.18414597962803,2.7424148199942454e-16
int,band,6.0,OFFROAD,KAB,0.03878759410055241,2.5876216945165056,0.009664105216773458
int,band,7.0,ALL,TOT,0.138968292772358,9.823138720445785,8.951224120756959e-23
int,band,7.0,ALL,KAB,0.1645380094498978,11.604300078992106,3.918808247303481e-31
int,band,7.0,ALL,KSI,0.14614763471661496,10.323244631362419,5.532141597435913e-25
int,band,7.0,ANGLE,KAB,0.04012053186798346,2.937500747915935,0.0033086937382443143
int,band,7.0,REAREND,KAB,0.13907141006586443,9.830321769867401,8.335202800372734e-23
int,band,7.0,PED,KAB,0.11865342941869031,8.408025285047989,4.1697127375864094e-17
int,band,7.0,OFFROAD,KAB,0.029892971929158754,2.22505896434105,0.026077280049811438
int,band,8.0,ALL,TOT,0.12055437251274954,9.250799890140778,2.2281887061882422e-20
int,band,8.0,ALL,KAB,0.14498102220535145,11.093862697517814,1.3435804297696853e-28
int,band,8.0,ALL,KSI,0.1265035349489496,9.699681753154751,3.0244050333006925e-22
int,band,8.0,ANGLE,KAB,0.03475988714130178,2.7773527716822946,0.005480366206423231
int,band,8.0,REAREND,KAB,0.12241163053157586,9.390935488811857,5.9469685163144055e-21
int,band,8.0,PED,KAB,0.09938288611739009,7.653348760197483,1.958119035047924e-14
int,band,8.0,OFFROAD,KAB,0.022587284506825237,1.8588939790555554,0.0630421677095261
int,band,9.0,ALL,TOT,0.1115324182430838,9.205204782874747,3.4102035025169294e-20
int,band,9.0,ALL,KAB,0.1249511858276795,10.292726926462489,7.599317163355148e-25
int,band,9.0,ALL,KSI,0.11222742827623719,9.261531773882298,2.0152013144490458e-20
int,band,9.0,ANGLE,KAB,0.02731717889032602,2.3799924788175835,0.0173129914141678
int,band,9.0,REAREND,KAB,0.10639478420961819,8.788825950629533,1.5113099196803203e-18
int,band,9.0,PED,KAB,0.08677358157356385,7.1986283251018985,6.082128929084024e-13
int,band,9.0,OFFROAD,KAB,0.01555226787871125,1.4265069100565513,0.15372207373063998
int,band,10.0,ALL,TOT,0.10404849336236457,9.179679295904043,4.323772043416493e-20
int,band,10.0,ALL,KAB,0.11247109250400959,9.908411192363852,3.8268311291611186e-23
int,band,10.0,ALL,KSI,0.09666011071369687,8.540428868715507,1.3372458722203787e-17
int,band,10.0,ANGLE,KAB,0.023398901556835976,2.2017940853212092,0.02767985707615129
int,band,10.0,REAREND,KAB,0.0968758208132451,8.559092327261464,1.137595883798651e-17
int,band,10.0,PED,KAB,0.0761933084343598,6.769620192122563,1.2912090822733171e-11
int,band,10.0,OFFROAD,KAB,0.012195168113812112,1.2324356032113306,0.21778640819088513
seg,knn,4.0,ALL,KSI,0.4123355470008062,11.862731571576948,0.001
seg,knn,4.0,ALL,KAB,0.5022613759676541,13.953021036477494,0.001
seg,knn,4.0,ALL,TOT,0.49392599836315665,13.3014862622907,0.001
seg,knn,6.0,ALL,KSI,0.35066340538300517,11.761657477103686,0.001
seg,knn,6.0,ALL,KAB,0.4339794083330129,15.042374734718408,0.001
seg,knn,6.0,ALL,TOT,0.42959031188013547,14.817625632096481,0.001
seg,knn,8.0,ALL,KSI,0.3221656312987746,13.182512967297221,0.001
seg,knn,8.0,ALL,KAB,0.389411040031783,15.751384301981142,0.001
seg,knn,8.0,ALL,TOT,0.38404827413889325,14.907514087284493,0.001
seg,knn,10.0,ALL,KSI,0.300582096318767,13.292021328329822,0.001
seg,knn,10.0,ALL,KAB,0.3630509460563855,15.987843180184294,0.001
seg,knn,10.0,ALL,TOT,0.3599164715522172,16.600944303062494,0.001
seg,band,2.0,ALL,TOT,0.49765438452716854,10.01485336489757,1.3115625793799011e-23
seg,band,2.0,ALL,KAB,0.4781272810183113,9.624244770770721,6.316924402767692e-22
seg,band,2.0,ALL,KSI,0.33761521384650506,6.813524737922961,9.523597274291783e-12
seg,band,2.0,ANGLE,KAB,0.3235044614023051,6.531261617240424,6.521796203654425e-11
seg,band,2.0,REAREND,KAB,0.48181501582105496,9.698012030014212,3.074300683062691e-22
seg,band,2.0,PED,KAB,0.4591362407224226,9.244359267136312,2.3665430117893935e-20
seg,band,2.0,OFFROAD,KAB,0.21476999088900084,4.356201775873565,1.3233879060448848e-05
seg,band,3.0,ALL,TOT,0.46682186309244567,12.137567797202681,6.678169769723359e-34
seg,band,3.0,ALL,KAB,0.4565379670073853,11.871891169677289,1.656794416723365e-32
seg,band,3.0,ALL,KSI,0.322306458920869,8.404122331767681,4.310731722315756e-17
seg,band,3.0,ANGLE,KAB,0.26521779344078855,6.929280113485584,4.229875276443706e-12
seg,band,3.0,REAREND,KAB,0.4502407144024923,11.709206441933501,1.1434478891826672e-31
seg,band,3.0,PED,KAB,0.4025796779663469,10.47791984393735,1.0911735471980927e-25
seg,band,3.0,OFFROAD,KAB,0.18820884861787449,4.939812641175874,7.819767101262678e-07
seg,band,4.0,ALL,TOT,0.4193579117580988,13.515993288599637,1.258455873446305e-41
seg,band,4.0,ALL,KAB,0.42738371229735417,13.772827343155969,3.713888772731007e-43
seg,band,4.0,ALL,KSI,0.31048827187011213,10.032050360569484,1.1020398464477006e-23
seg,band,4.0,ANGLE,KAB,0.30476888378344336,9.849023929162978,6.921284714156099e-23
seg,band,4.0,REAREND,KAB,0.3730897685177358,12.03536406450007,2.3161003812266634e-33
seg,band,4.0,PED,KAB,0.35216964347797075,11.365898070483878,6.182532327860108e-30
seg,band,4.0,OFFROAD,KAB,0.15160169016449754,4.947512712959947,7.516779609384424e-07
seg,band,5.0,ALL,TOT,0.39086982411267324,14.56773909715971,4.505570972775645e-48
seg,band,5.0,ALL,KAB,0.3978544719291123,14.826072549153713,9.937978938430003e-50
seg,band,5.0,ALL,KSI,0.2828355124759012,10.571993371335553,4.0186073484886365e-26
seg,band,5.0,ANGLE,KAB,0.28405120056076566,10.616956683411484,2.4853193038372943e-26
seg,band,5.0,REAREND,KAB,0.35377254583797446,13.195663051502905,9.293355571196303e-40
seg,band,5.0,PED,KAB,0.2851965306554867,10.659317742239036,1.5775039725605276e-26
seg,band,5.0,OFFROAD,KAB,0.12331239046840299,4.671887902300218,2.9844383343271314e-06
seg,band,6.0,ALL,TOT,0.37597376210935224,15.752829192414978,6.5676107850731055e-56
seg,band,6.0,ALL,KAB,0.3929819844088481,16.45980557042894,7.13291957787468e-61
seg,band,6.0,ALL,KSI,0.29130970241254894,12.23362011703864,2.055686119469928e-34
seg,band,6.0,ANGLE,KAB,0.26563138324643376,11.16625606464824,5.964214174749406e-29
seg,band,6.0,REAREND,KAB,0.3415503359148278,14.321959537650573,1.5955990455224205e-46
seg,band,6.0,PED,KAB,0.23947184236121788,10.078889193503434,6.849607316878726e-24
seg,band,6.0,OFFROAD,KAB,0.11647304046224372,4.966229802335237,6.826705515704376e-07
seg,band,7.0,ALL,TOT,0.34548856458795,15.977046804755284,1.846909484513926e-57
seg,band,7.0,ALL,KAB,0.3619887408089083,16.733518732014062,7.469224330434402e-63
seg,band,7.0,ALL,KSI,0.26200632158664755,12.149695362601221,5.75797417424821e-34
seg,band,7.0,ANGLE,KAB,0.24279471693225205,11.268914490686374,1.868593538915438e-29
seg,band,7.0,REAREND,KAB,0.3295549859960508,15.246551278881247,1.7356129718502502e-52
seg,band,7.0,PED,KAB,0.20524838504143833,9.547554326613412,1.3279405387410902e-21
seg,band,7.0,OFFROAD,KAB,0.10181146080210357,4.805354705153532,1.5447738770613237e-06
seg,band,8.0,ALL,TOT,0.32544354604040654,16.420431550877993,1.3659179303536777e-60
seg,band,8.0,ALL,KAB,0.34268202483639276,17.28225598451922,6.399520579605791e-67
seg,band,8.0,ALL,KSI,0.23795118754566214,12.046318660753057,2.0280701932734312e-33
seg,band,8.0,ANGLE,KAB,0.22997058905243092,11.647334802725602,2.3674772670009044e-31
seg,band,8.0,REAREND,KAB,0.31531582049070245,15.91410373394905,5.0586218483485575e-57
seg,band,8.0,PED,KAB,0.18734091021609756,9.516096933408217,1.7980575936309764e-21
seg,band,8.0,OFFROAD,KAB,0.09418486281342099,4.858832290558137,1.1808010009606715e-06
seg,band,9.0,ALL,TOT,0.3041411667182718,16.535483473435363,2.0373692443673343e-61
seg,band,9.0,ALL,KAB,0.3154264596829174,17.14304107571417,7.084643589020849e-66
seg,band,9.0,ALL,KSI,0.21998466182281473,12.004814709174838,3.3521381197236166e-33
seg,band,9.0,ANGLE,KAB,0.2167311563067241,11.8296582452222,2.742561208797821e-32
seg,band,9.0,REAREND,KAB,0.2923715143266203,15.90184978673103,6.152102682369593e-57
seg,band,9.0,PED,KAB,0.16883188743656588,9.250942297233049,2.2252217484219502e-20
seg,band,9.0,OFFROAD,KAB,0.08539140649512057,4.758821561635709,1.9472648167933817e-06
seg,band,10.0,ALL,TOT,0.276506937888181,16.102003746850684,2.46975158725226e-58
seg,band,10.0,ALL,KAB,0.2889556316621796,16.819147878301663,1.766816829510002e-63
seg,band,10.0,ALL,KSI,0.2039188653975795,11.920351346604336,9.271671095688885e-33
seg,band,10.0,ANGLE,KAB,0.19061764307823859,11.154094765744116,6.838527337876752e-29
seg,band,10.0,REAREND,KAB,0.26637168689268087,15.518132386195395,2.615532638758291e-54
seg,band,10.0,PED,KAB,0.14921623542782592,8.76904320376275,1.801908961886126e-18
seg,band,10.0,OFFROAD,KAB,0.08185477046955653,4.888485118089255,1.0161487767318062e-06
