,Intersections,Segments
Regional shopping centers,1.6,0.9
Hospitals,0.8,2.7
Repair shops,2.0,8.1
Bars,1.8,9.6
Parks & recreation,7.2,11.1
Department / big-box stores,4.9,11.7
Hotels,7.6,20.7
Supermarkets,13.9,22.2
Schools,9.4,22.5
Gas stations,17.4,26.3
Mixed-use buildings,13.5,32.3
Banks,21.1,33.5
Community shopping centers,24.9,36.2
Industrial,19.2,41.3
Fast-food restaurants,22.7,42.2
Sit-down restaurants,20.9,47.3
Auto sales & service,30.5,53.6
Office buildings,45.0,72.5
Single-tenant retail stores,68.3,76.9
