lu,facility,sev,n_pos,n_neg,pos_types,all_types_sig,neg_types
LU_MXDUSE,int,TOT,1,0,Head on,False,
LU_MXDUSE,int,KAB,1,0,Head on,False,
LU_MXDUSE,int,KSI,0,0,,False,
LU_MXDUSE,int,FAT,0,0,,False,
LU_MXDUSE,seg,TOT,1,0,Sideswipe,False,
LU_MXDUSE,seg,KAB,2,0,"Head on, Alcohol",False,
LU_MXDUSE,seg,KSI,0,0,,False,
LU_MXDUSE,seg,FAT,2,0,Pedestrian,True,
LU_GASSTNS,int,TOT,7,0,"Angle*, Right turn*, Rear end, Sideswipe*, Pedestrian*, Bicycle",True,
LU_GASSTNS,int,KAB,4,0,"Sideswipe, Pedestrian*, Alcohol",True,
LU_GASSTNS,int,KSI,4,0,"Angle*, Sideswipe, Pedestrian*",True,
LU_GASSTNS,int,FAT,2,0,Pedestrian,True,
LU_GASSTNS,seg,TOT,7,0,"Angle*, Left turn, Rear end, Sideswipe, Rollover, Bicycle*",True,
LU_GASSTNS,seg,KAB,1,0,Sideswipe*,False,
LU_GASSTNS,seg,KSI,1,0,Pedestrian*,False,
LU_GASSTNS,seg,FAT,1,0,Pedestrian*,False,
LU_SUPERMKTS,int,TOT,1,0,Angle,False,
LU_SUPERMKTS,int,KAB,0,0,,False,
LU_SUPERMKTS,int,KSI,0,0,,False,
LU_SUPERMKTS,int,FAT,0,0,,False,
LU_SUPERMKTS,seg,TOT,6,0,"Angle, Left turn*, Right turn, Rear end, Rollover",True,
LU_SUPERMKTS,seg,KAB,7,0,"Left turn, Right turn*, Sideswipe*, Head on, Rollover*, Pedestrian",True,
LU_SUPERMKTS,seg,KSI,3,0,"Angle, Left turn, Pedestrian*",False,
LU_SUPERMKTS,seg,FAT,2,0,Pedestrian,True,
LU_REGSHOPCNTRS,int,TOT,0,0,,False,
LU_REGSHOPCNTRS,int,KAB,0,0,,False,
LU_REGSHOPCNTRS,int,KSI,0,0,,False,
LU_REGSHOPCNTRS,int,FAT,0,0,,False,
LU_REGSHOPCNTRS,seg,TOT,0,0,,False,
LU_REGSHOPCNTRS,seg,KAB,0,0,,False,
LU_REGSHOPCNTRS,seg,KSI,0,0,,False,
LU_REGSHOPCNTRS,seg,FAT,0,0,,False,
LU_COMMSHOPCNTRS,int,TOT,8,0,"Angle*, Left turn*, Right turn*, Rear end, Sideswipe*, Head on, Pedestrian*",True,
LU_COMMSHOPCNTRS,int,KAB,3,0,"Head on, Pedestrian*",True,
LU_COMMSHOPCNTRS,int,KSI,2,0,Left turn,True,
LU_COMMSHOPCNTRS,int,FAT,1,0,Left turn,False,
LU_COMMSHOPCNTRS,seg,TOT,3,0,"Left turn, Right turn",True,
LU_COMMSHOPCNTRS,seg,KAB,3,0,"Right turn, Sideswipe*, Head on*",False,
LU_COMMSHOPCNTRS,seg,KSI,1,0,Left turn,False,
LU_COMMSHOPCNTRS,seg,FAT,0,0,,False,
LU_FASTFOOD,int,TOT,6,0,"Left turn, Rear end, Sideswipe, Run-off-road*, Pedestrian",True,
LU_FASTFOOD,int,KAB,2,0,"Left turn, Rollover*",False,
LU_FASTFOOD,int,KSI,4,0,"Run-off-road, Single veh., Pedestrian, Bicycle",False,
LU_FASTFOOD,int,FAT,2,0,Pedestrian*,True,
LU_FASTFOOD,seg,TOT,5,0,"Angle, Left turn*, Right turn, Rear end",True,
LU_FASTFOOD,seg,KAB,0,0,,False,
LU_FASTFOOD,seg,KSI,1,0,Single veh.,False,
LU_FASTFOOD,seg,FAT,0,0,,False,
LU_RESTOS,int,TOT,0,0,,False,
LU_RESTOS,int,KAB,0,1,,False,Left turn
LU_RESTOS,int,KSI,0,2,,False,"Angle, Single veh."
LU_RESTOS,int,FAT,0,0,,False,
LU_RESTOS,seg,TOT,0,0,,False,
LU_RESTOS,seg,KAB,1,0,Single veh.,False,
LU_RESTOS,seg,KSI,0,0,,False,
LU_RESTOS,seg,FAT,0,0,,False,
LU_BARS,int,TOT,0,0,,False,
LU_BARS,int,KAB,0,0,,False,
LU_BARS,int,KSI,0,0,,False,
LU_BARS,int,FAT,1,0,Left turn,False,
LU_BARS,seg,TOT,0,0,,False,
LU_BARS,seg,KAB,0,1,,False,Sideswipe
LU_BARS,seg,KSI,0,0,,False,
LU_BARS,seg,FAT,0,0,,False,
LU_HOTELS,int,TOT,2,0,"Rollover*, Pedestrian*",False,
LU_HOTELS,int,KAB,3,0,"Rollover, Single veh., Pedestrian*",False,
LU_HOTELS,int,KSI,2,0,"Sideswipe, Single veh.",False,
LU_HOTELS,int,FAT,0,0,,False,
LU_HOTELS,seg,TOT,1,0,Single veh.,False,
LU_HOTELS,seg,KAB,2,0,"Single veh., Pedestrian",False,
LU_HOTELS,seg,KSI,1,0,Pedestrian*,False,
LU_HOTELS,seg,FAT,1,0,Pedestrian*,False,
LU_OFFBLDGS,int,TOT,0,2,,False,"Run-off-road, Pedestrian"
LU_OFFBLDGS,int,KAB,0,0,,False,
LU_OFFBLDGS,int,KSI,0,2,,False,Run-off-road
LU_OFFBLDGS,int,FAT,0,0,,False,
LU_OFFBLDGS,seg,TOT,0,0,,False,
LU_OFFBLDGS,seg,KAB,1,2,Head on,False,"Angle, Rear end"
LU_OFFBLDGS,seg,KSI,0,2,,False,Rear end
LU_OFFBLDGS,seg,FAT,0,0,,False,
LU_DEPTSTRS,int,TOT,2,0,"Right turn, Bicycle",False,
LU_DEPTSTRS,int,KAB,0,0,,False,
LU_DEPTSTRS,int,KSI,0,0,,False,
LU_DEPTSTRS,int,FAT,0,0,,False,
LU_DEPTSTRS,seg,TOT,0,0,,False,
LU_DEPTSTRS,seg,KAB,0,0,,False,
LU_DEPTSTRS,seg,KSI,1,0,Rear end,False,
LU_DEPTSTRS,seg,FAT,0,0,,False,
LU_BANKINS,int,TOT,4,0,"Angle, Left turn, Right turn*",True,
LU_BANKINS,int,KAB,1,0,Rollover,False,
LU_BANKINS,int,KSI,0,0,,False,
LU_BANKINS,int,FAT,0,0,,False,
LU_BANKINS,seg,TOT,5,0,"Angle, Left turn*, Right turn*, Pedestrian",True,
LU_BANKINS,seg,KAB,0,0,,False,
LU_BANKINS,seg,KSI,0,1,,False,Alcohol
LU_BANKINS,seg,FAT,0,0,,False,
LU_AUTOSALSER,int,TOT,2,0,"Head on, Bicycle",False,
LU_AUTOSALSER,int,KAB,1,0,Bicycle,False,
LU_AUTOSALSER,int,KSI,1,0,Sideswipe,False,
LU_AUTOSALSER,int,FAT,0,0,,False,
LU_AUTOSALSER,seg,TOT,6,0,"Rear end, Sideswipe*, Head on, Rollover, Alcohol*",True,
LU_AUTOSALSER,seg,KAB,3,0,"Rollover*, Bicycle, Alcohol*",False,
LU_AUTOSALSER,seg,KSI,4,0,"Pedestrian*, Bicycle*, Alcohol*",True,
LU_AUTOSALSER,seg,FAT,4,0,"Left turn*, Pedestrian*, Alcohol",True,
LU_REPAIRSTRS,int,TOT,0,0,,False,
LU_REPAIRSTRS,int,KAB,0,0,,False,
LU_REPAIRSTRS,int,KSI,0,0,,False,
LU_REPAIRSTRS,int,FAT,1,0,Left turn,False,
LU_REPAIRSTRS,seg,TOT,0,0,,False,
LU_REPAIRSTRS,seg,KAB,0,0,,False,
LU_REPAIRSTRS,seg,KSI,0,0,,False,
LU_REPAIRSTRS,seg,FAT,0,0,,False,
LU_SINGLESTORE,int,TOT,9,0,"Right turn*, Rear end, Sideswipe*, Head on, Run-off-road, Single veh., Pedestrian*, Alcohol",True,
LU_SINGLESTORE,int,KAB,3,0,"Rear end, Sideswipe, Pedestrian",False,
LU_SINGLESTORE,int,KSI,1,0,Pedestrian,False,
LU_SINGLESTORE,int,FAT,2,0,Left turn,True,
LU_SINGLESTORE,seg,TOT,5,0,"Angle*, Rear end, Sideswipe*, Pedestrian*",True,
LU_SINGLESTORE,seg,KAB,2,0,Single veh.,True,
LU_SINGLESTORE,seg,KSI,1,0,Single veh.,False,
LU_SINGLESTORE,seg,FAT,0,0,,False,
LU_PARKSREC,int,TOT,1,0,Bicycle,False,
LU_PARKSREC,int,KAB,1,0,Bicycle,False,
LU_PARKSREC,int,KSI,2,0,"Sideswipe, Run-off-road",False,
LU_PARKSREC,int,FAT,0,0,,False,
LU_PARKSREC,seg,TOT,0,0,,False,
LU_PARKSREC,seg,KAB,0,1,,False,Sideswipe
LU_PARKSREC,seg,KSI,0,0,,False,
LU_PARKSREC,seg,FAT,0,0,,False,
LU_SCHOOLS,int,TOT,0,1,,False,Head on
LU_SCHOOLS,int,KAB,0,0,,False,
LU_SCHOOLS,int,KSI,0,0,,False,
LU_SCHOOLS,int,FAT,0,0,,False,
LU_SCHOOLS,seg,TOT,0,0,,False,
LU_SCHOOLS,seg,KAB,1,0,Sideswipe,False,
LU_SCHOOLS,seg,KSI,1,0,Angle,False,
LU_SCHOOLS,seg,FAT,1,0,Left turn,False,
LU_HOSPITALS,int,TOT,0,0,,False,
LU_HOSPITALS,int,KAB,0,0,,False,
LU_HOSPITALS,int,KSI,0,0,,False,
LU_HOSPITALS,int,FAT,0,0,,False,
LU_HOSPITALS,seg,TOT,0,1,,False,Sideswipe
LU_HOSPITALS,seg,KAB,0,0,,False,
LU_HOSPITALS,seg,KSI,1,0,Alcohol,False,
LU_HOSPITALS,seg,FAT,1,0,Alcohol*,False,
LU_INDUSTRIAL,int,TOT,0,2,,False,Rear end
LU_INDUSTRIAL,int,KAB,0,2,,False,"Head on, Alcohol"
LU_INDUSTRIAL,int,KSI,0,1,,False,Alcohol
LU_INDUSTRIAL,int,FAT,0,0,,False,
LU_INDUSTRIAL,seg,TOT,0,6,,False,"Angle, Left turn, Rear end, Sideswipe, Single veh."
LU_INDUSTRIAL,seg,KAB,0,1,,False,Single veh.
LU_INDUSTRIAL,seg,KSI,2,0,"Run-off-road, Bicycle",False,
LU_INDUSTRIAL,seg,FAT,2,0,Left turn,True,
