facility,k,silhouette,calinski_harabasz,smallest_cluster
int,3,0.18458705947744283,88.8470123276338,88
int,4,0.19565140039794104,91.1569363859882,76
int,5,0.20269559032477052,93.40302302434729,75
int,6,0.20570559642005357,91.26810435658375,52
int,7,0.21683987535665836,90.846374498358,53
int,8,0.22180664323770855,86.84994597053289,41
seg,3,0.21479991133158993,93.10008089661473,94
seg,4,0.21102880472361588,81.48410739104072,70
seg,5,0.21836962312967118,75.06717534676896,39
seg,6,0.20040283386474467,71.00636849119296,38
seg,7,0.19388508305068822,67.3814760573259,28
seg,8,0.19771589478125237,63.729987278364995,25
