# Included studies per publication year. 2026 is a partial year (export date 2026-07-28); 2027 has no indexed records.
year,n_studies,cumulative,period
2000,5,5,2000-2010
2001,5,10,2000-2010
2002,6,16,2000-2010
2003,5,21,2000-2010
2004,8,29,2000-2010
2005,8,37,2000-2010
2006,10,47,2000-2010
2007,9,56,2000-2010
2008,18,74,2000-2010
2009,20,94,2000-2010
2010,16,110,2000-2010
2011,14,124,2011-2020
2012,25,149,2011-2020
2013,24,173,2011-2020
2014,20,193,2011-2020
2015,28,221,2011-2020
2016,28,249,2011-2020
2017,50,299,2011-2020
2018,34,333,2011-2020
2019,66,399,2011-2020
2020,52,451,2011-2020
2021,71,522,2021-2027
2022,56,578,2021-2027
2023,65,643,2021-2027
2024,96,739,2021-2027
2025,110,849,2021-2027
2026,64,913,2021-2027
