data_source,2000-2010_n,2000-2010_pct_of_period,2011-2020_n,2011-2020_pct_of_period,2021-2027_n,2021-2027_pct_of_period,total_n,pct_of_corpus
POI & commercial geodatabases,1,0.9,32,9.4,120,26.0,153,16.8
Remote sensing & earth observation,12,10.9,34,10.0,88,19.0,134,14.7
Mobile phone & GPS trajectory data,0,0.0,27,7.9,54,11.7,81,8.9
LiDAR & 3D point clouds,5,4.5,17,5.0,37,8.0,59,6.5
Simulated / synthetic data,8,7.3,21,6.2,21,4.5,50,5.5
Field survey & in-situ sampling,6,5.5,14,4.1,11,2.4,31,3.4
Official / administrative records,6,5.5,8,2.3,4,0.9,18,2.0
Volunteered geographic information,1,0.9,3,0.9,12,2.6,16,1.8
Sensor networks & IoT,2,1.8,8,2.3,5,1.1,15,1.6
Social-media & geosocial data,0,0.0,9,2.6,5,1.1,14,1.5
