software_environment,2000-2010_n,2000-2010_pct_of_period,2011-2020_n,2011-2020_pct_of_period,2021-2027_n,2021-2027_pct_of_period,total_n,pct_of_corpus
ArcGIS / ArcMap / ArcGIS Pro,2,1.8,2,0.6,8,1.7,12,1.3
R (base/tidyverse),1,0.9,6,1.8,4,0.9,11,1.2
SaTScan,1,0.9,4,1.2,2,0.4,7,0.8
Google Earth Engine,0,0.0,2,0.6,3,0.6,5,0.5
INLA / R-INLA,0,0.0,2,0.6,3,0.6,5,0.5
MATLAB,0,0.0,3,0.9,2,0.4,5,0.5
Python (scientific stack),0,0.0,1,0.3,3,0.6,4,0.4
spatstat (R),1,0.9,2,0.6,0,0.0,3,0.3
GS\+ / Surfer / other geostat,0,0.0,0,0.0,2,0.4,2,0.2
SPSS / SAS / Stata,0,0.0,0,0.0,2,0.4,2,0.2
GeoDa,0,0.0,1,0.3,0,0.0,1,0.1
QGIS,0,0.0,0,0.0,1,0.2,1,0.1
WinBUGS / JAGS / Stan,1,0.9,0,0.0,0,0.0,1,0.1
