# Abstract-level evidence of rigour practices. Absence of evidence in an abstract is not evidence of absence in the full text; see Section 8.1.
construct_family,construct,2000-2010_n,2000-2010_pct_of_period,2011-2020_n,2011-2020_pct_of_period,2021-2027_n,2021-2027_pct_of_period,total_n,pct_of_corpus
uncertainty,Edge effects,1,0.9,2,0.6,0,0.0,3,0.3
uncertainty,MAUP / scale effects,1,0.9,7,2.1,5,1.1,13,1.4
uncertainty,Positional / geocoding uncertainty,2,1.8,2,0.6,6,1.3,10,1.1
uncertainty,Sensitivity analysis,1,0.9,6,1.8,3,0.6,10,1.1
uncertainty,Statistical uncertainty reported,0,0.0,9,2.6,12,2.6,21,2.3
validation,Accuracy metrics reported,4,3.6,20,5.9,49,10.6,73,8.0
validation,Cross-validation / holdout,11,10.0,19,5.6,16,3.5,46,5.0
validation,Independent / ground-truth validation,1,0.9,7,2.1,6,1.3,14,1.5
validation,Model comparison / selection,0,0.0,0,0.0,6,1.3,6,0.7
validation,Monte Carlo / simulation envelope,6,5.5,7,2.1,6,1.3,19,2.1
reproducibility,Code or software shared,0,0.0,5,1.5,4,0.9,9,1.0
reproducibility,Data availability stated,1,0.9,5,1.5,0,0.0,6,0.7
reproducibility,Workflow / protocol formalised,0,0.0,7,2.1,21,4.5,28,3.1
ethics,Privacy / confidentiality,1,0.9,3,0.9,8,1.7,12,1.3
ethics,Surveillance / algorithmic bias,7,6.4,6,1.8,8,1.7,21,2.3
