"# Country of the empirical case study, detected from title and abstract. Studies without a detectable case geography (methodological or simulation papers) are excluded."
iso3,country,hemisphere,n_studies,pct_of_corpus,n_2000_2010,n_2011_2020,n_2021_2027
CHN,China,Global South,247,27.1,2,69,176
USA,United States,Global North,92,10.1,26,44,22
AUS,Australia,Global North,21,2.3,5,11,5
IRN,Iran,Global South,17,1.9,2,7,8
ESP,Spain,Global North,16,1.8,3,7,6
CAN,Canada,Global North,15,1.6,3,9,3
GBR,United Kingdom,Global North,11,1.2,0,7,4
BRA,Brazil,Global South,10,1.1,1,2,7
DEU,Germany,Global North,10,1.1,2,2,6
ITA,Italy,Global North,10,1.1,4,4,2
FRA,France,Global North,10,1.1,1,5,4
IND,India,Global South,9,1.0,1,2,6
DNK,Denmark,Global North,7,0.8,1,3,3
PRT,Portugal,Global North,7,0.8,0,4,3
TUR,Türkiye,Global South,6,0.7,1,1,4
KOR,South Korea,Global North,6,0.7,0,3,3
HKG,Hong Kong SAR,Global North,6,0.7,0,0,6
TWN,Taiwan,Global North,5,0.5,1,2,2
JPN,Japan,Global North,5,0.5,1,2,2
SWE,Sweden,Global North,5,0.5,2,3,0
MNG,Mongolia,Global South,4,0.4,0,1,3
COL,Colombia,Global South,4,0.4,0,1,3
IDN,Indonesia,Global South,4,0.4,1,0,3
GRC,Greece,Global North,4,0.4,1,2,1
NLD,Netherlands,Global North,4,0.4,1,2,1
ETH,Ethiopia,Global South,4,0.4,0,1,3
MAC,Macao SAR,Global North,4,0.4,0,0,4
CHE,Switzerland,Global North,4,0.4,0,3,1
LTU,Lithuania,Global North,3,0.3,1,0,2
NGA,Nigeria,Global South,3,0.3,0,0,3
KEN,Kenya,Global South,3,0.3,1,0,2
ECU,Ecuador,Global South,3,0.3,0,2,1
CMR,Cameroon,Global South,3,0.3,1,1,1
POL,Poland,Global North,3,0.3,0,1,2
PAN,Panama,Global South,3,0.3,1,1,1
ZAF,South Africa,Global South,3,0.3,0,2,1
FIN,Finland,Global North,3,0.3,2,1,0
AUT,Austria,Global North,3,0.3,1,2,0
AFG,Afghanistan,Global South,2,0.2,0,0,2
NZL,New Zealand,Global North,2,0.2,0,1,1
GUY,Guyana,Global South,2,0.2,0,0,2
MWI,Malawi,Global South,2,0.2,1,0,1
MYS,Malaysia,Global South,2,0.2,0,0,2
MEX,Mexico,Global South,2,0.2,0,0,2
ZMB,Zambia,Global South,2,0.2,0,0,2
TZA,Tanzania,Global South,2,0.2,1,0,1
BFA,Burkina Faso,Global South,2,0.2,0,2,0
BEL,Belgium,Global North,2,0.2,0,2,0
LVA,Latvia,Global North,1,0.1,0,0,1
SAU,Saudi Arabia,Global South,1,0.1,0,0,1
MOZ,Mozambique,Global South,1,0.1,0,0,1
SGP,Singapore,Global North,1,0.1,0,0,1
AGO,Angola,Global South,1,0.1,0,0,1
BWA,Botswana,Global South,1,0.1,0,0,1
NAM,Namibia,Global South,1,0.1,0,0,1
THA,Thailand,Global South,1,0.1,0,0,1
PER,Peru,Global South,1,0.1,0,0,1
EGY,Egypt,Global South,1,0.1,0,0,1
HUN,Hungary,Global North,1,0.1,0,0,1
RUS,Russia,Global North,1,0.1,0,1,0
CPV,Cabo Verde,Global South,1,0.1,0,1,0
IRQ,Iraq,Global South,1,0.1,0,1,0
VNM,Vietnam,Global South,1,0.1,0,1,0
JAM,Jamaica,Global South,1,0.1,0,1,0
SEN,Senegal,Global South,1,0.1,0,1,0
CZE,Czechia,Global North,1,0.1,0,1,0
ROU,Romania,Global North,1,0.1,0,1,0
MAR,Morocco,Global South,1,0.1,0,1,0
HRV,Croatia,Global North,1,0.1,1,0,0
SRB,Serbia,Global North,1,0.1,0,1,0
BLR,Belarus,Global North,1,0.1,1,0,0
