# Publisher derived deterministically from the DOI registrant prefix. Journal-level analysis is not possible from this export (no source-title field); see Section 3.6.
publisher,n_studies,pct_of_corpus,n_2000_2010,n_2011_2020,n_2021_2027
Elsevier,239,26.2,35,95,109
MDPI,212,23.2,0,61,151
Springer Nature (Springer),112,12.3,11,54,47
Wiley,106,11.6,18,51,37
Taylor & Francis,55,6.0,9,26,20
PLOS,37,4.1,1,15,21
IEEE,25,2.7,0,3,22
Springer Nature (Nature Portfolio),20,2.2,0,1,19
BMC / Springer Nature,16,1.8,7,5,4
Copernicus (EGU),13,1.4,2,10,1
Other / unmapped registrant,11,1.2,5,6,0
AGU (Wiley),10,1.1,6,2,2
Frontiers,10,1.1,0,1,9
Institute of Mathematical Statistics,9,1.0,0,3,6
De Gruyter,7,0.8,0,2,5
Springer (legacy Kluwer),6,0.7,6,0,0
American Chemical Society,5,0.5,2,2,1
ASA (Taylor & Francis),4,0.4,4,0,0
Oxford University Press,3,0.3,0,1,2
IOP Publishing,3,0.3,0,1,2
SAGE,3,0.3,0,0,3
ASCE,3,0.3,1,2,0
JSTOR,3,0.3,3,0,0
Society of Exploration Geophysicists,1,0.1,0,0,1
