"# Title terms that most distinguish each period from the rest of the corpus (informative Dirichlet log-odds, min. 8 occurrences corpus-wide)."
period,term,n_titles,pct_of_period,log_odds_vs_rest_of_corpus,direction
2000-2010,test,5,4.5,2.024,distinctive
2000-2010,nonparametric,3,2.7,1.553,distinctive
2000-2010,management,3,2.7,1.385,distinctive
2000-2010,geostatistics,3,2.7,1.385,distinctive
2000-2010,statistical,5,4.5,1.371,distinctive
2000-2010,landscape,4,3.6,1.262,distinctive
2000-2010,rainfall,4,3.6,1.161,distinctive
2000-2010,estimating,4,3.6,1.161,distinctive
2000-2010,occurrence,2,1.8,1.039,distinctive
2000-2010,investigating,2,1.8,1.039,distinctive
2000-2010,inference,2,1.8,1.039,distinctive
2000-2010,techniques,3,2.7,1.002,distinctive
2000-2010,testing,2,1.8,0.895,distinctive
2000-2010,observations,2,1.8,0.895,distinctive
2000-2010,cluster,2,1.8,0.895,distinctive
2000-2010,analysing,2,1.8,0.895,distinctive
2000-2010,modeling,9,8.2,0.864,distinctive
2000-2010,forest,7,6.4,0.835,distinctive
2000-2010,space,4,3.6,0.833,distinctive
2000-2010,regional,3,2.7,0.808,distinctive
2000-2010,spatially,2,1.8,0.768,distinctive
2000-2010,multivariate,2,1.8,0.768,distinctive
2000-2010,daily,2,1.8,0.768,distinctive
2000-2010,clusters,2,1.8,0.768,distinctive
2000-2010,applications,2,1.8,0.768,distinctive
2000-2010,improved,1,0.9,-0.361,depleted
2000-2010,development,1,0.9,-0.361,depleted
2000-2010,detection,1,0.9,-0.425,depleted
2000-2010,points,1,0.9,-0.485,depleted
2000-2010,mining,1,0.9,-0.485,depleted
2000-2010,framework,1,0.9,-0.596,depleted
2000-2010,process,2,1.8,-0.603,depleted
2000-2010,prediction,1,0.9,-0.788,depleted
2000-2010,monitoring,1,0.9,-0.788,depleted
2000-2010,land,1,0.9,-0.872,depleted
2000-2010,area,1,0.9,-0.912,depleted
2000-2010,identification,1,0.9,-1.091,depleted
2000-2010,spatiotemporal,1,0.9,-1.689,depleted
2000-2010,urban,2,1.8,-1.965,depleted
2000-2010,case,1,0.9,-1.994,depleted
2011-2020,precipitation,9,2.6,1.875,distinctive
2011-2020,variation,7,2.1,1.632,distinctive
2011-2020,disease,6,1.8,1.486,distinctive
2011-2020,time,7,2.1,1.294,distinctive
2011-2020,bayesian,19,5.6,1.175,distinctive
2011-2020,hierarchical,8,2.3,1.169,distinctive
2011-2020,rainfall,9,2.6,1.081,distinctive
2011-2020,digital,7,2.1,1.041,distinctive
2011-2020,beijing,7,2.1,1.041,distinctive
2011-2020,spatio-temporal,17,5.0,0.968,distinctive
2011-2020,geostatistical,15,4.4,0.933,distinctive
2011-2020,soil,17,5.0,0.883,distinctive
2011-2020,taxi,7,2.1,0.839,distinctive
2011-2020,flow,7,2.1,0.839,distinctive
2011-2020,kernel,9,2.6,0.767,distinctive
2011-2020,geographic,5,1.5,0.725,distinctive
2011-2020,algorithm,11,3.2,0.725,distinctive
2011-2020,novel,6,1.8,0.693,distinctive
2011-2020,ecological,7,2.1,0.67,distinctive
2011-2020,kriging,8,2.3,0.653,distinctive
2011-2020,mapping,26,7.6,0.632,distinctive
2011-2020,species,11,3.2,0.623,distinctive
2011-2020,interpolation,17,5.0,0.598,distinctive
2011-2020,uncertainty,8,2.3,0.526,distinctive
2011-2020,statistics,8,2.3,0.526,distinctive
2011-2020,integrating,2,0.6,-1.108,depleted
2011-2020,framework,3,0.9,-1.114,depleted
2011-2020,temperature,1,0.3,-1.229,depleted
2011-2020,cities,1,0.3,-1.229,depleted
2011-2020,machine,3,0.9,-1.327,depleted
2011-2020,measurement,1,0.3,-1.342,depleted
2011-2020,clouds,1,0.3,-1.342,depleted
2011-2020,multi-source,3,0.9,-1.42,depleted
2011-2020,shanghai,1,0.3,-1.444,depleted
2011-2020,neural,1,0.3,-1.444,depleted
2011-2020,landslide,1,0.3,-1.444,depleted
2011-2020,dbscan,1,0.3,-1.444,depleted
2011-2020,factors,2,0.6,-1.511,depleted
2011-2020,extraction,1,0.3,-1.537,depleted
2011-2020,learning,2,0.6,-2.033,depleted
2021-2027,influencing,12,2.6,3.221,distinctive
2021-2027,carbon,11,2.4,3.135,distinctive
2021-2027,coupling,10,2.2,3.042,distinctive
2021-2027,facilities,8,1.7,2.827,distinctive
2021-2027,covid-,8,1.7,2.827,distinctive
2021-2027,learning,30,6.5,2.54,distinctive
2021-2027,extraction,11,2.4,2.035,distinctive
2021-2027,factors,18,3.9,2.013,distinctive
2021-2027,shanghai,10,2.2,1.941,distinctive
2021-2027,landslide,10,2.2,1.941,distinctive
2021-2027,dbscan,10,2.2,1.941,distinctive
2021-2027,multi-source,23,5.0,1.925,distinctive
2021-2027,measurement,9,1.9,1.839,distinctive
2021-2027,clouds,9,1.9,1.839,distinctive
2021-2027,machine,21,4.5,1.831,distinctive
2021-2027,deep,8,1.7,1.726,distinctive
2021-2027,cities,8,1.7,1.726,distinctive
2021-2027,trajectory,12,2.6,1.607,distinctive
2021-2027,integrating,12,2.6,1.607,distinctive
2021-2027,multisource,7,1.5,1.598,distinctive
2021-2027,data-driven,7,1.5,1.598,distinctive
2021-2027,correlation,7,1.5,1.598,distinctive
2021-2027,geospatial,10,2.2,1.428,distinctive
2021-2027,rock,9,1.9,1.326,distinctive
2021-2027,neural,9,1.9,1.326,distinctive
2021-2027,test,3,0.6,-0.795,depleted
2021-2027,clusters,3,0.6,-0.795,depleted
2021-2027,estimating,4,0.9,-0.885,depleted
2021-2027,soil,8,1.7,-0.982,depleted
2021-2027,nonparametric,2,0.4,-0.989,depleted
2021-2027,investigating,2,0.4,-0.989,depleted
2021-2027,disease,2,0.4,-0.989,depleted
2021-2027,geostatistics,2,0.4,-1.134,depleted
2021-2027,landscape,3,0.6,-1.139,depleted
2021-2027,time,2,0.4,-1.261,depleted
2021-2027,bayesian,6,1.3,-1.348,depleted
2021-2027,hierarchical,2,0.4,-1.477,depleted
2021-2027,variation,1,0.2,-1.774,depleted
2021-2027,precipitation,1,0.2,-1.99,depleted
2021-2027,rainfall,1,0.2,-2.248,depleted
