Authors,Year,Title,Journal,Method family,Domain,Study area,Spatio-temporal,Citations,Record URL
Ripley BD,1977,Modelling Spatial Patterns,Journal of the Royal Statistical Society Series B,RIPLEY,METH,United Kingdom,N,2113,https://consensus.app/papers/details/f742dddb4cee56058da8a9679687dcca/
"Szwagrzyk J, Czerwczak M",1993,Spatial patterns of trees in natural forests of East-Central Europe,Journal of Vegetation Science,RIPLEY,ECOL,Poland,N,174,https://consensus.app/papers/details/95dd823156485207948f244ae29467d3/
Haase P,1995,Spatial pattern analysis in ecology based on Ripley's K-function: Introduction and methods of edge correction,Journal of Vegetation Science,RIPLEY,ECOL,Not specified,N,668,https://consensus.app/papers/details/f4affe2a07b350d88fe77e1b419f197a/
Schoenberg FP,2003,Multidimensional Residual Analysis of Point Process Models for Earthquake Occurrences,Journal of the American Statistical Association,STPP,SEISM,United States,Y,180,https://consensus.app/papers/details/aa2271977094502d8ab5565e6524034b/
"Spooner PG, Lunt ID, Okabe A, Shiode S",2004,Spatial analysis of roadside Acacia populations on a road network using the network K-function,Landscape Ecology,NET,ECOL,Australia,N,102,https://consensus.app/papers/details/c400cde7c03757caaf18c818d9e83206/
"Diggle P, Rowlingson B, Su TL",2005,Point process methodology for on-line spatio-temporal disease surveillance,Environmetrics,STPP,HEALTH,United Kingdom,Y,192,https://consensus.app/papers/details/e21de120bc955ddcbb3830e998209b38/
Wolf A,2005,Fifty year record of change in tree spatial patterns within a mixed deciduous forest,Forest Ecology and Management,RIPLEY,ECOL,Denmark,Y,112,https://consensus.app/papers/details/46a171bac83d56e1b6cf24a818d8bafb/
"Aamodt G, Samuelsen SO, Skrondal A",2006,A simulation study of three methods for detecting disease clusters,International Journal of Health Geographics,SCAN,HEALTH,Not applicable,N,140,https://consensus.app/papers/details/06f4043e72765d439d9bf3ac14a994ac/
"Bevan A, Conolly J",2006,Multiscalar Approaches to Settlement Pattern Analysis,Confronting Scale in Archaeology,RIPLEY,ARCH,Greece,N,84,https://consensus.app/papers/details/0411425a3d825f4ba0a97a975a2407da/
"Genton MG, Butry DT, Gumpertz ML, Prestemon JP",2006,"Spatio-temporal analysis of wildfire ignitions in the St Johns River Water Management District, Florida",International Journal of Wildland Fire,RIPLEY,FIRE,United States,Y,103,https://consensus.app/papers/details/5e648f1f060b5945aecf11037669c91f/
"Ogata Y, Zhuang J",2006,Space-time ETAS models and an improved extension,Tectonophysics,STPP,SEISM,Japan,Y,339,https://consensus.app/papers/details/f10dedf4273e5cd790a2800fa8a166c3/
"Perry GLW, Miller BP, Enright NJ",2006,A comparison of methods for the statistical analysis of spatial point patterns in plant ecology,Plant Ecology,RIPLEY,ECOL,Australia,N,366,https://consensus.app/papers/details/0be5ecf1c4b05ab18ae75d724fc9c35f/
"Phillips SJ, Anderson RP, Schapire RE",2006,Maximum entropy modeling of species geographic distributions,Ecological Modelling,ML,ECOL,Multiple,N,17145,https://consensus.app/papers/details/62bb774fbc4454118f74f0bc42b9f738/
"Amatulli G, Perez-Cabello F, de la Riva J",2007,Mapping lightning/human-caused wildfires occurrence under ignition point location uncertainty,Ecological Modelling,KDE,FIRE,Spain,N,137,https://consensus.app/papers/details/cf3d8343919b5ca3b84bac55eb3c4e94/
"Wiegand T, Gunatilleke S, Gunatilleke N, Okuda T",2007,Species Associations in a Heterogeneous Sri Lankan Dipterocarp Forest,The American Naturalist,RIPLEY,ECOL,Sri Lanka,N,294,https://consensus.app/papers/details/cfe2a90597a5526cbd02a0eb900674c9/
"Yamada I, Thill JC",2007,Local Indicators of Network-Constrained Clusters in Spatial Point Patterns,Geographical Analysis,NET,TRAFFIC,United States,N,169,https://consensus.app/papers/details/fe8c103229da515db921eda2de6990d6/
"Chainey S, Tompson L, Uhlig S",2008,The Utility of Hotspot Mapping for Predicting Spatial Patterns of Crime,Security Journal,KDE,CRIME,United Kingdom,N,408,https://consensus.app/papers/details/75c159c3ce6b51e194da3b3d785c0230/
"Huang L, Pickle LW, Das B",2008,Evaluating spatial methods for investigating global clustering and cluster detection of cancer cases,Statistics in Medicine,SCAN,HEALTH,United States,N,82,https://consensus.app/papers/details/ca1ea3e7d07b5ffeabca062db5e8997e/
"Phillips SJ, Dudik M",2008,Modeling of species distributions with Maxent: new extensions and a comprehensive evaluation,Ecography,ML,ECOL,Multiple,N,6896,https://consensus.app/papers/details/1d66546cf3fb5749b98aa333bb7f21b7/
"Takahashi K, Kulldorff M, Tango T, Yih K",2008,A flexibly shaped space-time scan statistic for disease outbreak detection and monitoring,International Journal of Health Geographics,SCAN,HEALTH,United States,Y,581,https://consensus.app/papers/details/17bf5ba4d7405f89895fcd5bd037b584/
"Zhou HC, et al",2008,Spatial distribution patterns of tree species in a secondary forest in Changbai Mountain,Chinese Journal of Ecology,RIPLEY,ECOL,China,N,2,https://consensus.app/papers/details/697f7c2d77895bd7939554289a1bd7bc/
"Coleman M, Coleman M, Mabuza AM, et al",2009,Using the SaTScan method to detect local malaria clusters for guiding malaria control programmes,Malaria Journal,SCAN,HEALTH,South Africa,Y,190,https://consensus.app/papers/details/d7705a56605350909031c4e9abd8bc8a/
"Hering AS, Bell CL, Genton MG",2009,Modeling spatio-temporal wildfire ignition point patterns,Environmental and Ecological Statistics,RIPLEY,FIRE,United States,Y,78,https://consensus.app/papers/details/1803526074155e1a9f2b268e6db5edcd/
"Huang L, Tiwari RC, Zhu L, et al",2009,Weighted Normal Spatial Scan Statistic for Heterogeneous Population Data,Journal of the American Statistical Association,SCAN,HEALTH,United States,N,74,https://consensus.app/papers/details/9ba3c390bbfb5dedb8411a203636b550/
"Law R, Illian J, Burslem DFRP, et al",2009,Ecological information from spatial patterns of plants: insights from point process theory,Journal of Ecology,RIPLEY,ECOL,Not applicable,N,454,https://consensus.app/papers/details/08e63bc6456a5ddf901f41b932992e54/
"Okabe A, Satoh T, Sugihara K",2009,"A kernel density estimation method for networks, its computational method and a GIS-based tool",International Journal of Geographical Information Science,NET,TRAFFIC,Japan,N,438,https://consensus.app/papers/details/fe295b42d87a5909ab15a110a6213524/
"Phillips SJ, et al",2009,Sample selection bias and presence-only distribution models: implications for background and pseudo-absence data,Ecological Applications,PPM,ECOL,Multiple,N,2898,https://consensus.app/papers/details/3a6f06eb499e55aa85ef3841d0fe91eb/
"Nakaya T, Yano K",2010,Visualising Crime Clusters in a Space-time Cube: An Exploratory Data-analysis Approach Using Space-time Kernel Density Estimation and Scan Statistics,Transactions in GIS,KDE,CRIME,Japan,Y,340,https://consensus.app/papers/details/10c5e0ce7d905a058cbce19955b3d713/
"Anderson RP, Gonzalez I",2011,Species-specific tuning increases robustness to sampling bias in models of species distributions: An implementation with Maxent,Ecological Modelling,ML,ECOL,Venezuela,N,560,https://consensus.app/papers/details/64170dd7d943564c87f9ce403e9bb893/
"Benes V, et al",2011,A case study on point process modelling in disease mapping,Image Analysis & Stereology,PPM,HEALTH,Czech Republic,N,34,https://consensus.app/papers/details/7f730cee0c535ba499a81a4f28a1205a/
"Elith J, et al",2011,A statistical explanation of MaxEnt for ecologists,Diversity and Distributions,ML,ECOL,Australia,N,5945,https://consensus.app/papers/details/39bb7550f6595c5aa20a8aff8d980532/
"Leslie TF, Kronenfeld BJ",2011,The Colocation Quotient: A New Measure of Spatial Association Between Categorical Subsets of Points,Geographical Analysis,COLOC,METH,United States,N,144,https://consensus.app/papers/details/b55021cd28485956b9472f8f8fa220d0/
"Li Y, Brown P, Gesink DC, Rue H",2012,Log Gaussian Cox processes and spatially aggregated disease incidence data,Statistical Methods in Medical Research,PPM,HEALTH,United States,N,49,https://consensus.app/papers/details/1aa4d482f13c5246aba8eef7ad3f6887/
"Orozco CV, Tonini M, Conedera M, Kanevski M",2012,Cluster recognition in spatial-temporal sequences: the case of forest fires,GeoInformatica,SCAN,FIRE,Switzerland,Y,62,https://consensus.app/papers/details/6d17229e798859e4b9e554f8234bbce5/
"Scalon JD, et al",2012,Spatial analysis of a forest fragment based on the Dirichlet mosaic,Revista Arvore,RIPLEY,ECOL,Brazil,N,3,https://consensus.app/papers/details/52dba32deeb45c0aa30734763b8d3932/
"Tango T, Takahashi K",2012,A flexible spatial scan statistic with a restricted likelihood ratio for detecting disease clusters,Statistics in Medicine,SCAN,HEALTH,Japan,N,120,https://consensus.app/papers/details/a4b1655f4d5153dca3d6f52bdd8aaa4a/
"Diggle PJ, Moraga P, Rowlingson B, Taylor BM",2013,Spatial and spatio-temporal log-Gaussian Cox processes: extending the geostatistical paradigm,Statistical Science,PPM,METH,Not applicable,Y,279,https://consensus.app/papers/details/7c7ebcc0f421509791b1c9a4e68c0b40/
"Fuentes-Santos I, Marey-Perez MF, Gonzalez-Manteiga W",2013,Forest fire spatial pattern analysis in Galicia (NW Spain),Journal of Environmental Management,RIPLEY,FIRE,Spain,Y,67,https://consensus.app/papers/details/db6abdd1f450503ba8a028ccd677a627/
"Mundo IA, Wiegand T, Kanagaraj R, Kitzberger T",2013,Environmental drivers and spatial dependency in wildfire ignition patterns of northwestern Patagonia,Journal of Environmental Management,RIPLEY,FIRE,Argentina,N,36,https://consensus.app/papers/details/7b5ca05b7bb6566ebe20d82e8ccd1bc5/
"Syfert MM, Smith MJ, Coomes DA",2013,The Effects of Sampling Bias and Model Complexity on the Predictive Performance of MaxEnt Species Distribution Models,PLoS ONE,ML,ECOL,New Zealand,N,608,https://consensus.app/papers/details/2ae74e12b3ce5be7b06fe38b10d6a3a2/
"Yackulic CB, et al",2013,Presence-only modelling using MAXENT: when can we trust the inferences?,Methods in Ecology and Evolution,ML,ECOL,Not applicable,N,760,https://consensus.app/papers/details/b7641aedbf0853a7bf908b72d6b9276c/
"Ahn J, et al",2014,A space-time point process model for analyzing and predicting case patterns of diarrheal disease in northwestern Ecuador,Spatial and Spatio-temporal Epidemiology,STPP,HEALTH,Ecuador,Y,9,https://consensus.app/papers/details/393859fabd0058b198e554038da0425f/
Chainey S,2014,Examining the influence of cell size and bandwidth size on kernel density estimation crime hotspot maps for predicting spatial patterns of crime,Bulletin of the Geographical Society of Liege,KDE,CRIME,United Kingdom,N,80,https://consensus.app/papers/details/da7bddee9ce4582c874c67ff0ace8a66/
"Fourcade Y, et al",2014,Mapping Species Distributions with MAXENT Using a Geographically Biased Sample of Presence Data: A Performance Assessment of Methods for Correcting Sampling Bias,PLoS ONE,ML,ECOL,Multiple,N,1103,https://consensus.app/papers/details/e43b04f3bde0589c992283eaa88bd96c/
"Hart T, Zandbergen P",2014,"Kernel density estimation and hotspot mapping: examining the influence of interpolation method, grid cell size, and bandwidth on crime forecasting",Policing: An International Journal,KDE,CRIME,United States,N,183,https://consensus.app/papers/details/e947e50e1d5651b4b51eced8a20032de/
"Saei EK, et al",2014,Spatial distribution pattern of oak and almond trees on Chahartagh forest reservation site,International Journal of Biosciences,RIPLEY,ECOL,Iran,N,2,https://consensus.app/papers/details/d3269e464e995c499c4f8822374d7bf1/
"Sherman RL, et al",2014,Applying Spatial Analysis Tools in Public Health: An Example Using SaTScan to Detect Geographic Targets for Colorectal Cancer Screening Interventions,Preventing Chronic Disease,SCAN,HEALTH,United States,N,67,https://consensus.app/papers/details/ca4adb0fb88d53dc83582dbf0e106176/
"Collins KM, Price OF, Penman TD",2015,Spatial patterns of wildfire ignitions in south-eastern Australia,International Journal of Wildland Fire,PPM,FIRE,Australia,N,59,https://consensus.app/papers/details/a58df4d5c6225b369e46977b78d36bb0/
"Nie K, et al",2015,"A Network-Constrained Integrated Method for Detecting Spatial Cluster and Risk Location of Traffic Crash: A Case Study from Wuhan, China",Sustainability,NET,TRAFFIC,China,N,71,https://consensus.app/papers/details/43216c63bbbc589386cd74b8589b3a72/
"Renner IW, et al",2015,Point process models for presence-only analysis,Methods in Ecology and Evolution,PPM,ECOL,Not applicable,N,405,https://consensus.app/papers/details/b1e29647640254328201d2cf3823e79a/
"Al Boni M, Gerber MS",2016,Automatic Optimization of Localized Kernel Density Estimation for Hotspot Policing,IEEE ICMLA,KDE,CRIME,United States,N,20,https://consensus.app/papers/details/a35eb2f585365896ab15adc851697f34/
"Demjan P, Dreslerova D",2016,Modelling distribution of archaeological settlement evidence based on heterogeneous spatial and temporal data,Journal of Archaeological Science,KDE,ARCH,Czech Republic,Y,41,https://consensus.app/papers/details/468acdbe53435782b4e7979416df799a/
"Ebert A, et al",2016,"Spatial distribution pattern of Mezilaurus itauba in a seasonal forest area of the southern Amazon, Brazil",iForest - Biogeosciences and Forestry,RIPLEY,ECOL,Brazil,N,8,https://consensus.app/papers/details/8a3f4608ec8354969af6b2423e971ec3/
"Fibich P, Leps J, Novotny V, et al",2016,Spatial patterns of tree species distribution in New Guinea primary and secondary lowland rain forest,Journal of Vegetation Science,RIPLEY,ECOL,Papua New Guinea,N,54,https://consensus.app/papers/details/c27bea906e985123b8458d8df3f97e4a/
"Gonzalez JA, Rodriguez-Cortes FJ, Cronie O, Mateu J",2016,Spatio-temporal point process statistics: a review,Spatial Statistics,STPP,METH,Not applicable,Y,125,https://consensus.app/papers/details/3e47b5f6e6d1585099fb04d8581e84de/
"Han J, Zhu L, Kulldorff M, et al",2016,Using Gini coefficient to determining optimal cluster reporting sizes for spatial scan statistics,International Journal of Health Geographics,SCAN,HEALTH,United States,N,139,https://consensus.app/papers/details/be0c6c2f636053a6aac64d5b5c4b7939/
"Han J, et al",2016,Cancer cluster detection using scan statistic,Journal of the Korean Data and Information Science Society,SCAN,HEALTH,United States,N,8,https://consensus.app/papers/details/0906a77e458a53bd80996bfe9f87ec3d/
"Merow C, et al",2016,Improving niche and range estimates with Maxent and point process models by integrating spatially explicit information,Global Ecology and Biogeography,PPM,ECOL,Not applicable,N,77,https://consensus.app/papers/details/3e4fed48af335d3f8e6edc2f29a32868/
"Parente J, Pereira MG",2016,"Space-time clustering analysis of wildfires: The influence of dataset characteristics, fire prevention policy decisions, weather and climate",Science of the Total Environment,SCAN,FIRE,Portugal,Y,72,https://consensus.app/papers/details/4cdbede087f35751953a3e086ea05d96/
"Pottker G, et al",2016,Spatial pattern of forest species: case study with Ocotea odorifera,Ciencia Florestal,RIPLEY,ECOL,Brazil,N,8,https://consensus.app/papers/details/1debda5229a3527f85068f4b6763b03d/
"Velazquez E, Martinez I, Getzin S, Moloney KA, Wiegand T",2016,An evaluation of the state of spatial point pattern analysis in ecology,Ecography,RIPLEY,ECOL,Not applicable,N,203,https://consensus.app/papers/details/2aa4b445c57054339b1c50ffdfddf768/
"Yoo E, et al",2016,Modeling spatial risk of the Foot-Mouth-Disease epidemic in South Korea,Conference proceedings,PPM,HEALTH,South Korea,N,0,https://consensus.app/papers/details/8c2e39c2f2e658fda8c2956b12fb08d0/
"Bajocco S, et al",2017,Linking fire ignitions hotspots and fuel phenology: The importance of being seasonal,Ecological Indicators,KDE,FIRE,Italy,Y,32,https://consensus.app/papers/details/ed87c18a89025742b1ee652b3a72bb5d/
"Deng M, Cai J, et al",2017,Multi-level method for discovery of regional co-location patterns,International Journal of Geographical Information Science,COLOC,METH,Not specified,N,48,https://consensus.app/papers/details/4f8de135049a5303b2a1e218bf50544d/
"Gao S, Janowicz K, Couclelis H",2017,Extracting urban functional regions from points of interest and human activities on location-based social networks,Transactions in GIS,ML,URBAN,United States,N,432,https://consensus.app/papers/details/a987293b3c0255a480ba5d51bcc67e53/
"Kaygisiz O, et al",2017,Network-Based Point Pattern Analysis of Bicycle Accidents to Improve Cyclist Safety,Transportation Research Record,NET,TRAFFIC,Austria,Y,6,https://consensus.app/papers/details/ae3966b0b27b59e0ae8d390ac39ab408/
"Khalid S, Shoaib F, Qian T, et al",2017,Network Constrained Spatio-Temporal Hotspot Mapping of Crimes in Faisalabad,Applied Spatial Analysis and Policy,NET,CRIME,Pakistan,Y,30,https://consensus.app/papers/details/211499f1159d58a5861f59e342337fb9/
"Leininger TJ, Gelfand AE",2017,Bayesian Inference and Model Assessment for Spatial Point Patterns Using Posterior Predictive Samples,Bayesian Analysis,PPM,METH,Not applicable,N,50,https://consensus.app/papers/details/6560b5681a7a51b488eb5b29167a001c/
"Pratiwi H, et al",2017,Self-exciting point process in modeling earthquake occurrences,Journal of Physics: Conference Series,STPP,SEISM,Indonesia,Y,9,https://consensus.app/papers/details/306566a780cf55f09330cd6bfe2e0529/
"Rakshit S, Nair G, Baddeley A",2017,Second-order analysis of point patterns on a network using any distance metric,Spatial Statistics,NET,METH,Not applicable,N,41,https://consensus.app/papers/details/504a97db4f3e57fbb4658390ad2c425a/
Reinhart A,2017,A Review of Self-Exciting Spatio-Temporal Point Processes and Their Applications,Statistical Science,STPP,METH,Not applicable,Y,241,https://consensus.app/papers/details/a517a8a864f451f4a6b6ed77239f02cd/
"Wang F, Hu Y, Wang S, Li X",2017,Local Indicator of Colocation Quotient with a Statistical Significance Test: Examining Spatial Association of Crime and Facilities,The Professional Geographer,COLOC,CRIME,China,N,75,https://consensus.app/papers/details/f77cf766f268535390c94bdbff2022c4/
"Wong DWS, Lee J",2017,Spatial Analysis Methods,Geographic Information Science & Technology Body of Knowledge,COLOC,METH,Not applicable,N,11,https://consensus.app/papers/details/ab3374e49b215d6abe0fa2f88ac17312/
"Cuadros DF, et al",2018,Capturing the spatial variability of HIV epidemics in South Africa and Tanzania using routine healthcare facility data,International Journal of Health Geographics,KDE,HEALTH,Multiple,N,24,https://consensus.app/papers/details/4fcade3bad1955dc8196a3365e354927/
"Deng M, et al",2018,A density-based approach for detecting network-constrained clusters in spatial point events,International Journal of Geographical Information Science,NET,URBAN,China,Y,26,https://consensus.app/papers/details/b9100951920450059ab8ec67ea3a5089/
"Di Leo P, et al",2018,"Ancient settlement dynamics and predictive archaeological models for the Metapontum coastal area in Basilicata, southern Italy",Journal of Coastal Conservation,PPM,ARCH,Italy,Y,15,https://consensus.app/papers/details/93c52b15703e5842aa2d53ad4cfa84ef/
"El-Gabbas A, Dormann CF",2018,Improved species-occurrence predictions in data-poor regions: using large-scale data and bias correction with down-weighted Poisson regression and Maxent,Ecography,PPM,ECOL,Egypt,N,81,https://consensus.app/papers/details/509c7857bcc152629e6a619f280dd2b7/
"Fan Y, et al",2018,"Network-constrained spatio-temporal clustering analysis of traffic collisions in Jianghan District of Wuhan, China",PLoS ONE,NET,TRAFFIC,China,Y,35,https://consensus.app/papers/details/fe3b1b4e7f2d5d7f996366337711c9e7/
"Hu Y, Wang F, Guin C, Zhu H",2018,A Spatio-Temporal Kernel Density Estimation Framework for Predictive Crime Hotspot Mapping and Evaluation,Applied Geography,KDE,CRIME,United States,Y,156,https://consensus.app/papers/details/3e8f43cfadf3525ba8bb3b4ef2db04d2/
"Konstantinoudis G, Schuhmacher D, Rue H, Spycher BD",2018,Discrete versus continuous domain models for disease mapping,Spatial and Spatio-temporal Epidemiology,PPM,HEALTH,Switzerland,N,22,https://consensus.app/papers/details/36c0e47dfc4f5acf8c8160fe89a75f00/
"Liu Y, et al",2018,"A network-constrained spatial identification of high-risk roads for hit-parked-vehicle collisions in Brisbane, Australia",Environment and Planning A,NET,TRAFFIC,Australia,Y,2,https://consensus.app/papers/details/9d6198854b57525aa9d62f1197dd3ce6/
"Nguyen H, Uria-Diez J, Wiegand K",2018,Nearest Neighborhood Characteristics of a Tropical Mixed Broadleaved Forest Stand,Forests,NN,ECOL,Vietnam,N,11,https://consensus.app/papers/details/7bd927136b3a5b8fae14a08c2a4b66a9/
"Stoa B, et al",2018,Sampling bias in presence-only data used for species distribution modelling: theory and methods for detecting sample bias and its effects on models,Sommerfeltia,PPM,ECOL,Norway,N,24,https://consensus.app/papers/details/252aeab176835b29b0a354dcbefd9111/
"Tewara MA, et al",2018,Small-area spatial statistical analysis of malaria clusters and hotspots in Cameroon; 2000-2015,BMC Infectious Diseases,LISA,HEALTH,Cameroon,Y,44,https://consensus.app/papers/details/35e091e5f18c5299ada6dd96e3b627db/
"Araujo E, et al",2019,Space pattern of forest species and its relationship with agricultural factors in an agroforestry system,FLORESTA,RIPLEY,ECOL,Brazil,N,2,https://consensus.app/papers/details/ac8b5f5c5b7d5c03b840726aecca9b64/
"Briz-Redon A, Martinez-Ruiz F, Montes F",2019,Spatial analysis of traffic accidents near and between road intersections in a directed linear network,Accident Analysis and Prevention,NET,TRAFFIC,Spain,N,51,https://consensus.app/papers/details/e177dbe0b1635768af538d654bc78cd9/
"Eslaminezhad SA, et al",2019,"An integrated network-constrained spatial analysis for car accidents: a case study of Tehran city, Iran",ISPRS Archives,NET,TRAFFIC,Iran,N,3,https://consensus.app/papers/details/18be673341d6577997e9eeceeae8330d/
"Johnson O, Diggle P, Giorgi E",2019,A spatially discrete approximation to log-Gaussian Cox processes for modelling aggregated disease count data,Statistics in Medicine,PPM,HEALTH,United Kingdom,N,25,https://consensus.app/papers/details/e8ad3a72c1335c4aa5a85c9615e2bef5/
"Mfundisi KB, et al",2019,Application of spatial analysis tools to assess the dynamics in utilization of public health facilities in northern Botswana,Conference proceedings,KDE,HEALTH,Botswana,N,0,https://consensus.app/papers/details/270d51d309665893ac479ea06c51161f/
"Okawa M, et al",2019,Deep Mixture Point Processes: Spatio-temporal Event Prediction with Rich Contextual Information,ACM SIGKDD,ML,URBAN,Not specified,Y,70,https://consensus.app/papers/details/36ac01d3f8dd53198383fec099f576c9/
"Palmi-Perales F, Gomez-Rubio V, Lopez-Quilez A",2019,Approximate Bayesian inference for multivariate point pattern analysis in disease mapping,Biometrical Journal,PPM,HEALTH,Spain,N,5,https://consensus.app/papers/details/04fa57ed52635c52852f7e20ca410968/
"Tao R, Thill JC",2019,Flow Cross K-function: a bivariate flow analytical method,International Journal of Geographical Information Science,COLOC,URBAN,United States,N,39,https://consensus.app/papers/details/75bc1caffada5c8ba9c7173fc44f4e26/
"Wang F, et al",2019,Vitality continuation or over-commercialization? Spatial structure characteristics of commercial services and population agglomeration in historic and cultural areas,Tourism Economics,KDE,URBAN,China,N,47,https://consensus.app/papers/details/f94c91a629ff58c39b35b8c1121fcf80/
"Zhou Q, et al",2019,Spatial distribution and interspecific associations in a deciduous broad-leaved forest in north-central China,Journal of Vegetation Science,RIPLEY,ECOL,China,N,21,https://consensus.app/papers/details/2ae6a33b8a135d4e9a6b0889c1b13e07/
"Baddeley A, Nair G, Rakshit S, McSwiggan G, Davies TM",2020,Analysing point patterns on networks - A review,Spatial Statistics,NET,METH,Not applicable,N,87,https://consensus.app/papers/details/baf74bb0373d5cffb173cab7cc4108df/
"Chavez Flores GA, et al",2020,Spatial structure of mixed and uneven-aged forests in the state of Durango,Revista Mexicana de Ciencias Forestales,RIPLEY,ECOL,Mexico,N,3,https://consensus.app/papers/details/65e12e4f14505262ac74b3a58fb33867/
"Chen RTQ, Amos B, Nickel M",2020,Neural Spatio-Temporal Point Processes,ICLR,ML,METH,Multiple,Y,139,https://consensus.app/papers/details/658228a09d6c57b2a67745b5813b86fc/
"Desjardins MR, Hohl A, Delmelle EM",2020,Rapid surveillance of COVID-19 in the United States using a prospective space-time scan statistic: Detecting and evaluating emerging clusters,Applied Geography,SCAN,HEALTH,United States,Y,327,https://consensus.app/papers/details/5a18b3b2d1cf5c30a8e6fcd8718c8a02/
"Komori O, et al",2020,Sampling bias correction in species distribution models by quasi-linear Poisson point process,Ecological Informatics,PPM,ECOL,Japan,N,28,https://consensus.app/papers/details/1701782aa6f558828b904cadc0fb3140/
"Le KG, Liu P, Lin LT",2020,Traffic accident hotspot identification by integrating kernel density estimation and spatial autocorrelation analysis: a case study,International Journal of Crashworthiness,KDE,TRAFFIC,Vietnam,N,65,https://consensus.app/papers/details/357792e1274c504c9722ce2493a9233e/
"Miron A, et al",2020,Spatial distribution of six managed tree species is influenced by topography conditions in the Central Amazon,Journal of Environmental Management,RIPLEY,ECOL,Brazil,N,13,https://consensus.app/papers/details/29dfc50514ce55aebd006d6e60aab050/
"Molkenthin C, et al",2020,GP-ETAS: semiparametric Bayesian inference for the spatio-temporal epidemic type aftershock sequence model,Statistics and Computing,STPP,SEISM,Italy,Y,23,https://consensus.app/papers/details/c3eea24735af5065ac01d2beacae90e6/
"Murad A, Khashoggi BF",2020,"Using GIS for Disease Mapping and Clustering in Jeddah, Saudi Arabia",ISPRS International Journal of Geo-Information,KDE,HEALTH,Saudi Arabia,N,61,https://consensus.app/papers/details/bc7388c084375d0a96cc60a2900c9d37/
"Prathap BR, Ramesha K",2020,Geospatial Crime Analysis to Determine Crime Density Using Kernel Density Estimation for the Indian Context,Journal of Computational and Theoretical Nanoscience,KDE,CRIME,India,N,11,https://consensus.app/papers/details/4b9bbaec8e095a79abb61ea744e96b19/
"Shah R, et al",2020,Temporal Point Process Models for Nepal Earthquake Aftershocks,arXiv,STPP,SEISM,Nepal,Y,2,https://consensus.app/papers/details/08d4877517da53c7a614eccfae090ae9/
"Takahashi K, Shimadzu H",2020,Detecting multiple spatial disease clusters: information criterion and scan statistic approach,International Journal of Health Geographics,SCAN,HEALTH,United Kingdom,N,15,https://consensus.app/papers/details/0baef211871a57e5ac8b2804cdc61733/
"Wedjangnon AA, et al",2020,"Spatial distribution and interspecific association patterns between Mansonia altissima, Ceiba pentandra and Triplochiton scleroxylon in a moist semi-deciduous forest",Annals of Forest Science,RIPLEY,ECOL,Not specified,N,9,https://consensus.app/papers/details/eb2f93bcb4bf55f599ad42a0aea85b20/
"Wright DK, et al",2020,"Spatial modeling of archaeological site locations based on summed probability distributions and hot-spot analyses: A case study from the Three Kingdoms Period, Korea",Journal of Archaeological Science,RIPLEY,ARCH,South Korea,Y,20,https://consensus.app/papers/details/686785be87f4575292c5b77309f53f74/
"Araujo ESB, et al",2021,Exploratory spectral analysis in three-dimensional spatial point patterns,Revista Brasileira de Biometria,OTHER,METH,Brazil,N,2,https://consensus.app/papers/details/c41fc0381cb05fc5a23c1529064224b5/
"Barber RA, et al",2021,Target-group backgrounds prove effective at correcting sampling bias in Maxent models,Diversity and Distributions,PPM,ECOL,Not applicable,N,144,https://consensus.app/papers/details/87e71e08121a5839a67f3741525136da/
Ben-Said M,2021,Spatial point-pattern analysis as a powerful tool in identifying pattern-process relationships in plant ecology: an updated review,Ecological Processes,RIPLEY,ECOL,Not applicable,N,105,https://consensus.app/papers/details/12b3ea59c8225761954746893054ee6e/
"Cai J, Kwan MP",2021,Discovering co-location patterns in multivariate spatial flow data,International Journal of Geographical Information Science,COLOC,URBAN,United States,N,30,https://consensus.app/papers/details/16998b2f15345e00b46052f9528581f6/
"Chauvier Y, et al",2021,Novel methods to correct for observer and sampling bias in presence-only species distribution models,Global Ecology and Biogeography,PPM,ECOL,Switzerland,N,50,https://consensus.app/papers/details/eb78bec137325c9391b3498fcc53a871/
"Liu W, Deng M, et al",2021,Discovery of statistically significant regional co-location patterns on urban road networks,International Journal of Geographical Information Science,NET,URBAN,China,N,25,https://consensus.app/papers/details/320e5e1047d35ec5b2871ed9622b8b64/
"Morioka W, Okabe A, et al",2021,An exact statistical method for analyzing co-location on a street network and its computational implementation,International Journal of Geographical Information Science,NET,URBAN,Japan,N,18,https://consensus.app/papers/details/8c4b41e5dd8750a4af74bdc34a6d8cab/
"Mugumaarhahama Y, et al",2021,Inhomogeneous Poisson point process for species distribution modelling: relative performance of methods accounting for sampling bias and imperfect detection,Modeling Earth Systems and Environment,PPM,ECOL,Not applicable,N,3,https://consensus.app/papers/details/c4e920dcd87859b5ae965d82352c2e0c/
"Otani T, Takahashi K",2021,Flexible Scan Statistics for Detecting Spatial Disease Clusters: The rflexscan R Package,Journal of Statistical Software,SCAN,HEALTH,United States,N,29,https://consensus.app/papers/details/915ed19984005154b233b9aafa66d35c/
"Stindl T, Chen F",2021,Spatiotemporal ETAS model with a renewal main-shock arrival process,Journal of the Royal Statistical Society Series C,STPP,SEISM,Multiple,Y,7,https://consensus.app/papers/details/f8fcdad0e62d525f884297ca6d0a12af/
Tango T,2021,Spatial scan statistics can be dangerous,Statistical Methods in Medical Research,SCAN,HEALTH,Japan,N,38,https://consensus.app/papers/details/5a0193621b2c5c3ea2855fd60be4d1b6/
"Vadrevu K, et al",2021,Spatial Point Patterns and Scale Analysis of Vegetation Fires in Laos and Cambodia,Springer (Land-Atmospheric Research Applications),NN,FIRE,Multiple,N,0,https://consensus.app/papers/details/293c0cda43a855ffbec57d04cfc357af/
"Valavi R, Elith J, Lahoz-Monfort JJ, Guillera-Arroita G",2021,Predictive performance of presence-only species distribution models: a benchmark study with reproducible code,Ecological Monographs,PPM,ECOL,Multiple,N,679,https://consensus.app/papers/details/386a99569da15bf6b46298be9376375b/
"Zhou Z, Yang X, Rossi R, Zhao H, Yu R",2021,Neural Point Process for Learning Spatiotemporal Event Dynamics,Proceedings of Machine Learning Research (L4DC),ML,METH,Not applicable,Y,52,https://consensus.app/papers/details/177c5f4019435b8e9b414e825b4e716c/
"Zhu S, et al",2021,Imitation Learning of Neural Spatio-Temporal Point Processes,IEEE Transactions on Knowledge and Data Engineering,ML,CRIME,United States,Y,38,https://consensus.app/papers/details/2a0388cdb39353febb58d45ad0f8f409/
"Afolayan A, et al",2022,GIS-Based Spatial Analysis of Accident Hotspots: A Nigerian Case Study,Infrastructures,KDE,TRAFFIC,Nigeria,Y,30,https://consensus.app/papers/details/6c32eddac4185773b3c1b50732e1070c/
Aftergood O,2022,Identifying and analyzing spatial and temporal patterns of lightning-ignited wildfires in Western Canada from 1981-2018,Canadian Journal of Forest Research,RIPLEY,FIRE,Canada,Y,21,https://consensus.app/papers/details/2f6740a9c4db5712a452dbb687203cec/
"Amaral A, et al",2022,Spatio-temporal modeling of infectious diseases by integrating compartment and point process models,Stochastic Environmental Research and Risk Assessment,STPP,HEALTH,Multiple,Y,20,https://consensus.app/papers/details/3bd5788a6144500c949789d8b265ba4d/
"Bihin J, et al",2022,Spatial accessibility to health facilities in Sub-Saharan Africa: comparing existing models with survey-based perceived accessibility,International Journal of Health Geographics,KDE,HEALTH,Multiple,N,17,https://consensus.app/papers/details/06f9551f4bd057448b6c7572e7c018c2/
"Chen B, et al",2022,Spatial patterns and drivers for wildfire ignitions in California,Environmental Research Letters,PPM,FIRE,United States,N,40,https://consensus.app/papers/details/92d70c50d1a75cd1ba251679b02c2de7/
"Diaz-Rodriguez M, et al",2022,"Evaluating the effectiveness of three spatial cluster analysis methods on Palaeolithic site location distributions in Galicia, NW Iberian Peninsula",Journal of Archaeological Science: Reports,ML,ARCH,Spain,N,8,https://consensus.app/papers/details/457502880e6f5de5a7a96bc50fa6339c/
"Erfanian N, et al",2022,Beyond Hawkes: Neural Multi-event Forecasting on Spatio-temporal Point Processes,arXiv,ML,METH,Multiple,Y,1,https://consensus.app/papers/details/7c26b002dc2259cfb1124fc8325aeec0/
"Fang Z, et al",2022,Length L-function for network-constrained point data,Transactions in GIS,NET,URBAN,China,N,5,https://consensus.app/papers/details/56ebd64c91e75a748029646f839a6611/
"Freeman M, et al",2022,Dealing with non-equilibrium bias and survey effort in presence-only invasive Species Distribution Models (iSDM),Ecological Informatics,ML,ECOL,United Kingdom,N,21,https://consensus.app/papers/details/c9559dfd8ac55f2b845af8fd3a9fffac/
"Gachohi J, et al",2022,Anthrax hotspot mapping in Kenya support establishing a sustainable two-phase elimination program targeting less than 6% of the country landmass,Scientific Reports,KDE,HEALTH,Kenya,N,6,https://consensus.app/papers/details/07fee521a9cf522da1c90c335bfbdadf/
"Harrower MJ, et al",2022,Aksumite Settlement Patterns: Site Size Hierarchies and Spatial Clustering,Journal of Archaeological Research,RIPLEY,ARCH,Ethiopia,N,13,https://consensus.app/papers/details/98da02cbff1f5a9ebf073bed8c6ddc88/
"Huang C, et al",2022,Integrating Point-of-Interest Density and Spatial Heterogeneity to Identify Urban Functional Areas,Remote Sensing,NN,URBAN,China,N,59,https://consensus.app/papers/details/e9111b6d2c025d0ea41733f3370415ca/
"Kwon J, et al",2022,Flexible spatio-temporal Hawkes process models for earthquake occurrences,Spatial Statistics,STPP,SEISM,Not specified,Y,27,https://consensus.app/papers/details/3dc2ae4340615550bd48106f30f0ab80/
"Li L, Jiang Z, Duan N, et al",2022,Geographically and temporally weighted co-location quotient: an analysis of spatiotemporal crime patterns in greater Manchester,International Journal of Geographical Information Science,COLOC,CRIME,United Kingdom,Y,32,https://consensus.app/papers/details/c7115a6a3f245990aa864104e2398aca/
"Liu S, et al",2022,Identification of Urban Functional Areas and Governance Measures Based on Point of Interest Data: A Case Study of the Shenyang Railway Station Area,Buildings,LISA,URBAN,China,N,7,https://consensus.app/papers/details/1e20257b38495c588d2efde0fd705f9b/
"Llagostera P, Comas C, Torres R",2022,Modeling road traffic safety based on point patterns of wildlife-vehicle collisions,Science of the Total Environment,NET,TRAFFIC,Spain,N,7,https://consensus.app/papers/details/aba6fb307cad5c4aa2adde931983485b/
"Maduako I, et al",2022,Computing traffic accident high-risk locations using graph analytics,Spatial Information Research,NET,TRAFFIC,United States,Y,10,https://consensus.app/papers/details/5130f389fd2a54d1bc643dee22bc4dda/
"Mateu J, Jalilian A",2022,Spatial point processes and neural networks: A convenient couple,Spatial Statistics,ML,METH,Not applicable,Y,12,https://consensus.app/papers/details/97e8c780d64558a3af5ae8c4e614ddf2/
"Mondal S, et al",2022,"Crime hotspot detection using statistical and geospatial methods: a case study of Pune City, Maharashtra, India",GeoJournal,SCAN,CRIME,India,Y,42,https://consensus.app/papers/details/dfe1bb06bcbc538eb01e6b1a749a8ae0/
"Morioka W, Okabe A, et al",2022,A statistical method for analyzing agglomeration zones of co-location between diverse facilities on a street network,Transactions in GIS,NET,URBAN,Japan,N,8,https://consensus.app/papers/details/fe7863e97e845bb79df2de3b54ba4eb0/
"Ross GJ, Kolev A",2022,Semiparametric Bayesian forecasting of spatio-temporal earthquake occurrences,The Annals of Applied Statistics,STPP,SEISM,Multiple,Y,9,https://consensus.app/papers/details/86ba9e1f7c5a5e5c8b1192b927fb26d2/
"Tong M, et al",2022,Research on the Spatial-Temporal Distribution and Morphological Characteristics of Ancient Settlements in the Luzhong Region of China,Land,KDE,ARCH,China,Y,11,https://consensus.app/papers/details/a15e76681d1851a99b459fccaeb9d9ae/
"Wu Y, et al",2022,Hot street of crime detection in London borough and lockdown impacts,Geo-spatial Information Science,NET,CRIME,United Kingdom,N,10,https://consensus.app/papers/details/ccd60a64491257f9b777ee5cbb53902d/
"Yang Z, et al",2022,Spatiotemporal Analysis of Gastrointestinal Tumor (GI) with Kernel Density Estimation (KDE) Based on Heterogeneous Background,International Journal of Environmental Research and Public Health,KDE,HEALTH,China,Y,7,https://consensus.app/papers/details/f9a3024d8f7952ad9e961f5c17de71c3/
"Boemke B, et al",2023,Testing the representativity of Palaeolithic site distribution: The role of sampling bias in the european upper and Final Palaeolithic record,Quaternary Science Reviews,PPM,ARCH,Multiple,N,11,https://consensus.app/papers/details/223eb4a9acc25a2c96108193a03122d8/
Briz-Redon A,2023,Dealing with location uncertainty for modeling network-constrained lattice data,Spatial Statistics,NET,TRAFFIC,Spain,N,2,https://consensus.app/papers/details/56e92cf8149252ea83c4721616c5f1f9/
Bruvoll H,2023,Quantifying Spatial Complexity of Settlement Plans Through Fractal Analysis,Journal of Archaeological Method and Theory,OTHER,ARCH,Multiple,N,5,https://consensus.app/papers/details/27629887b5c251f5ae3c49e8ef6a09c9/
"Gonzalez JA, Moraga P",2023,Non-Parametric Analysis of Spatial and Spatio-Temporal Point Patterns,R Journal,STPP,HEALTH,United Kingdom,Y,5,https://consensus.app/papers/details/da3cf1dd945d534c9a4a9de86ed8b2cc/
"Govorov M, Beconyte G, et al",2023,Trivariate Kernel Density Estimation of Spatiotemporal Crime Events with Case Study for Lithuania,Sustainability,KDE,CRIME,Lithuania,Y,6,https://consensus.app/papers/details/d36291569d9158a8b46dd97e4180cfa6/
"Han Y, Hu Y, et al",2023,A cyclically adjusted spatio-temporal kernel density estimation method for predictive crime hotspot analysis,Annals of GIS,KDE,CRIME,United States,Y,14,https://consensus.app/papers/details/7aee8537784956159d7ee5da8a0f14e2/
"Jin G, et al",2023,Spatio-Temporal Graph Neural Point Process for Traffic Congestion Event Prediction,AAAI,ML,TRAFFIC,China,Y,72,https://consensus.app/papers/details/08ffefb65b045e86a17f7b58422eb878/
"Kempf M, et al",2023,Point pattern and spatial analyses using archaeological and environmental data - A case study from the Neolithic Carpathian Basin,Journal of Archaeological Science: Reports,PPM,ARCH,Multiple,N,18,https://consensus.app/papers/details/6cfd439012d355499fa93a7b3686dbfe/
"Lin ZR, et al",2023,Spatial analysis and optimization of self-pickup points of a new retail model in the Post-Epidemic Era: the case of Community-Group-Buying in Xi'an City,Computational Urban Science,LISA,URBAN,China,N,5,https://consensus.app/papers/details/b89b0ef2d42a597bb5295e340aa86f73/
"Muir JB, Ross ZE",2023,A Deep Gaussian Process Model for Seismicity Background Rates,Geophysical Journal International,STPP,SEISM,United States,Y,14,https://consensus.app/papers/details/01f9bb4644f35f5ba136aaaf9e023003/
"Natapov A, et al",2023,Urban planning and design with points of interest and visual perception,Environment and Planning B: Urban Analytics and City Science,NET,URBAN,United Kingdom,N,14,https://consensus.app/papers/details/aacb431955f6528dbbadb2462b4b022f/
"Naylor M, et al",2023,Bayesian modeling of the temporal evolution of seismicity using the ETAS.inlabru package,Frontiers in Applied Mathematics and Statistics,STPP,SEISM,Not applicable,Y,9,https://consensus.app/papers/details/977d3b4e8dce57d4810d2f08a449b33f/
"Pourbabaei H, et al",2023,"Spatial Pattern of Trees in Parrotia persica-Carpinus betulus and Parrotia persica-Quercus castaneifolia Types in Chafrood Forests, Guilan, Iran",Int. Congress on Engineering and Life Science,RIPLEY,ECOL,Iran,N,0,https://consensus.app/papers/details/77b0f46b47625afc851f826c5756f4a5/
Prathap BR,2023,Geo-spatial crime density attribution using optimized machine learning algorithms,International Journal of Information Technology,ML,CRIME,India,N,12,https://consensus.app/papers/details/335a4f83015357398e4460bbc63eeb55/
"Soltisz AM, et al",2023,A Point Process Analysis Framework for Quantitatively Describing Spatial Patterns from Fluorescence Microscopy Data,Microscopy and Microanalysis,NN,BIOIMG,United States,N,0,https://consensus.app/papers/details/953a86299acb5e48bb252f1a57de8b6d/
"Stockman S, Lawson DJ, Werner MJ",2023,Forecasting the 2016-2017 Central Apennines Earthquake Sequence With a Neural Point Process,Earth's Future,ML,SEISM,Italy,Y,26,https://consensus.app/papers/details/f8461a147d0b52d5bbe76810ae8e9961/
"Zlydenko O, et al",2023,A neural encoder for earthquake rate forecasting,Scientific Reports,ML,SEISM,Not specified,Y,19,https://consensus.app/papers/details/f1a146007d165f849db770f36face15f/
"Ahmad R, et al",2024,CHART: Intelligent Crime Hotspot Detection and Real-Time Tracking Using Machine Learning,"Computers, Materials & Continua",ML,CRIME,Not specified,Y,9,https://consensus.app/papers/details/a81b7658bea7561580054b92d57254b2/
"Allison K, et al",2024,Impact of spatial aggregation on detection of spatiotemporal disease clusters: analysis of SARS-CoV-2 infections in 3-D high-density settings,Spatial and Spatio-temporal Epidemiology,SCAN,HEALTH,United States,Y,0,https://consensus.app/papers/details/9e76f7bd83aa581e8d64c347ff4514d9/
"Asfaw Z, et al",2024,The root-Gaussian Cox Process for spatial-temporal disease mapping with aggregated data,Computational Statistics,PPM,HEALTH,Not specified,Y,0,https://consensus.app/papers/details/caf04de0b9ae5711bc923d63de3fedf4/
"Berhanu Y, et al",2024,Machine learning for predictions of road traffic accidents and spatial network analysis for safe routing on accident and congestion-prone road networks,Results in Engineering,ML,TRAFFIC,Not specified,N,36,https://consensus.app/papers/details/f04bbf193db45eff962186efa003d899/
"Bernabeu A, Zhuang J, Mateu J",2024,Spatio-Temporal Hawkes Point Processes: A Review,"Journal of Agricultural, Biological and Environmental Statistics",STPP,METH,Not applicable,Y,19,https://consensus.app/papers/details/27e6d524438c5aee82c9a0a5b80dbfb6/
"Bilotti G, Kempf M, et al",2024,Point Pattern Analysis (PPA) as a tool for reproducible archaeological site distribution analyses and location processes in early iron age south-west Germany,PLOS ONE,PPM,ARCH,Germany,N,17,https://consensus.app/papers/details/34138d84bce75949aa5e6536edb88017/
"Davis L, et al",2024,A Fractional Model for Earthquakes,arXiv,STPP,SEISM,United States,Y,3,https://consensus.app/papers/details/c46bd5855f2b5d7692525153cdbf69da/
"Diaz-Sepulveda JF, et al",2024,Clustering in point processes on linear networks using nearest neighbour volumes,Journal of Applied Statistics,NET,TRAFFIC,Colombia,N,0,https://consensus.app/papers/details/f0c107c69ca45b4baf0ebecf42852f08/
"Dupas M, et al",2024,Spatial distribution of poultry farms using point pattern modelling: A method to address livestock environmental impacts and disease transmission risks,PLOS Computational Biology,PPM,HEALTH,Multiple,N,3,https://consensus.app/papers/details/eac333d12bdb5376a45702571a64ef85/
"Fadlurohman A, et al",2024,Inhomogeneous log-Gaussian Cox processes with piecewise constant covariates: a case study in modeling of COVID-19 transmission risk in East Java,Stochastic Environmental Research and Risk Assessment,PPM,HEALTH,Indonesia,N,3,https://consensus.app/papers/details/f5b70f0e36ae51549d3f55f178ca3a29/
"Fang Y, et al",2024,Spatial Distribution Characteristics and Influencing Factors of the Retail Industry in Ningbo City in Eastern China Based on POI Data,Sustainability,KDE,URBAN,China,N,7,https://consensus.app/papers/details/d9a3d5d156875ed6ad935a115db98677/
"Horiike R, et al",2024,Using Spatial Scan Statistics and Geographic Information Systems to Detect Monthly Human Mobility Clusters and Analyze Cluster Area Characteristics,JMA Journal,SCAN,URBAN,Japan,Y,1,https://consensus.app/papers/details/50e7765bc1d2548f9cffd055b37fcec4/
"Levin-Rector A, Kulldorff M, Peterson ER, Hostovich S, Greene SK",2024,Prospective Spatiotemporal Cluster Detection Using SaTScan: Tutorial for Designing and Fine-Tuning a System to Detect Reportable Communicable Disease Outbreaks,JMIR Public Health and Surveillance,SCAN,HEALTH,United States,Y,23,https://consensus.app/papers/details/541211f44176544b8ec2eac43c699b65/
Li X,2024,Determination of the temporal-spatial distribution patterns of ancient heritage sites in China and their influencing factors via GIS,Heritage Science,KDE,ARCH,China,Y,28,https://consensus.app/papers/details/62085b56cf1b5902a341f78a0953df3e/
"Liu C, et al",2024,"Spatial Differences of Commercial Vitality in Main Urban Area of Kunming City, China",Academic Journal of Humanities & Social Sciences,NN,URBAN,China,N,0,https://consensus.app/papers/details/e6bbcbf7c655560d8c81ef1432b46dce/
"Liu X, et al",2024,KCBC - a correlation-based method for co-localization analysis of super-resolution microscopy images using bivariate Ripley's K functions,Journal of Applied Statistics,COLOC,BIOIMG,Not applicable,N,0,https://consensus.app/papers/details/124645b372d25de48b294577f29dfc02/
Mission R,2024,Spatial Analysis Leveraging Geographic Information System and Kernel Density Estimation for Crime Prediction,Journal of Innovative Technology Convergence,KDE,CRIME,Philippines,N,3,https://consensus.app/papers/details/63fa9ec431ab516ba9be1040af18a029/
"Rodriguez Avellaneda F, et al",2024,Estimating Velocities of Infectious Disease Spread Through Spatio-Temporal Log-Gaussian Cox Point Processes,International Statistical Review,STPP,HEALTH,Colombia,Y,2,https://consensus.app/papers/details/f49fb94c734e51189dce5be3c64421be/
"Rotejanaprasert C, et al",2024,Evaluation and comparison of spatial cluster detection methods for improved decision making of disease surveillance: a case study of national dengue surveillance in Thailand,BMC Medical Research Methodology,SCAN,HEALTH,Thailand,N,17,https://consensus.app/papers/details/0df6740a2184587fb7f11e957e111fa8/
"Ryckewaert M, et al",2024,Applying the maximum entropy principle to neural networks enhances multi-species distribution models,Methods in Ecology and Evolution,ML,ECOL,Multiple,N,0,https://consensus.app/papers/details/3913263f663d5c8ebca7988791dd3f60/
"Trangucci R, et al",2024,Bayesian Methods for Modeling Cumulative Exposure to Extensive Environmental Health Hazards,arXiv,PPM,ENV,Mexico,N,0,https://consensus.app/papers/details/94492d7e7611528992a020888543b2c6/
"Wang J, et al",2024,Predicting urban signal-controlled intersection congestion events using spatio-temporal neural point process,International Journal of Digital Earth,ML,TRAFFIC,China,Y,8,https://consensus.app/papers/details/ae71a5317dc35bd5a6ba4bcbaf9ec082/
Watson SI,2024,Twenty ways to estimate the Log Gaussian Cox Process model with point and aggregated case data: the rts2 package for R,arXiv,PPM,HEALTH,Not applicable,Y,1,https://consensus.app/papers/details/5d3697d2a1d55dc18e56f0389e45d977/
"Aboushady A, et al",2025,The use of SaTScan software to map spatiotemporal trends and detect disease clusters: a systematic review,Communications Medicine,SCAN,HEALTH,Multiple,Y,8,https://consensus.app/papers/details/c14b5498b9b45a1292b81b996685a424/
"Abudurexiti A, et al",2025,POI-Based Assessment of Sustainable Commercial Development: Spatial Distribution Characteristics and Influencing Factors of Commercial Facilities Around Urumqi Metro Line 1 Stations,Sustainability,KDE,URBAN,China,Y,2,https://consensus.app/papers/details/08d38074a1db51a1853d59b68fee68d1/
"Andreotti E, et al",2025,Scale-free points-of-interest distribution in a city emerging from homogeneous Poissonian-point processes,Physical Review E,PPM,URBAN,Italy,N,0,https://consensus.app/papers/details/2aec2bfb5d8650edb53cff2ac44a28c0/
"Artis A, Coeurjolly JF, et al",2025,Marked point processes intensity estimation using sparse group Lasso method applied to locations of lucrative and cooperative banks in mainland France,arXiv,COLOC,URBAN,France,N,1,https://consensus.app/papers/details/2726404cbb5652409acc6cc3c8516b73/
"Babagana-Kyari M, et al",2025,"Mapping the Spatial Prevalence of Disease Using a Community-Centric Approach with Hexagonal Grid Tessellation: A Case of CKDu Incidences in Northern Yobe State, Nigeria",GET Journal of Biosecurity and One Health,KDE,HEALTH,Nigeria,N,0,https://consensus.app/papers/details/c2643ad6198c57f99ac7a5abe190d5b0/
"Banales I, et al",2025,Inhomogeneous spatio-temporal epidemic-type aftershock sequence model incorporating seismicity-triggering slow slip events,Scientific Reports,STPP,SEISM,Multiple,Y,1,https://consensus.app/papers/details/bad47d747d5a5078a021a3a10cea2f8b/
"Barros QS, et al",2025,Diameter distributions and spatial distribution patterns of tree species are important for planning sustainable management in natural forests in the eastern Amazon,New Zealand Journal of Forestry Science,RIPLEY,ECOL,Brazil,N,0,https://consensus.app/papers/details/b42cf6020c1f527fbf3c6b3d53a75406/
"Bilotti G, et al",2025,"Points, patterns, and predictions in archaeological settlement data: site-environment relationships of Paracas and Nasca communities in the Peruvian Andes",Journal of Archaeological Science,PPM,ARCH,Peru,N,0,https://consensus.app/papers/details/8983255c8e4453c88ce64f5e2007cb25/
"Briz-Redon A, Mateu J",2025,A self-exciting spatio-temporal model with a smooth space-time-varying productivity parameter,AStA Advances in Statistical Analysis,STPP,CRIME,Not specified,Y,2,https://consensus.app/papers/details/db9cd413417c5a54aee17c7a5b84efe9/
"Chen K, et al",2025,Score-Based Spatial-Temporal Point Process for Traffic Accident Prediction,IEEE Transactions on Intelligent Transportation Systems,ML,TRAFFIC,Multiple,Y,4,https://consensus.app/papers/details/eb12b2735d195cdb89dcc41c54833510/
"Cheng X, Xie Y, Zhu S",2025,Deep spatio-temporal point processes: Advances and new directions,arXiv,ML,METH,Not applicable,Y,3,https://consensus.app/papers/details/249f46c328ba5b8aacdd8e8ad6aaeffc/
"Demoze L, et al",2025,Determinants and geographic distribution of unimproved sanitation facilities in sub-Saharan Africa,BMC Public Health,SCAN,HEALTH,Multiple,N,8,https://consensus.app/papers/details/5d655f8563075185b64d4526db92a999/
"Gao X, et al",2025,Density-Based Spatial Clustering of Vegetation Fire Points Based on Genetic Optimization of Threshold Values,Fire,ML,FIRE,China,Y,1,https://consensus.app/papers/details/6f2ba4990a645434b2b4a7e81b20814d/
"Gbedji EKY, et al",2025,Spatial distribution and association patterns of dominant tree species in natural stands of Terminalia leiocarpa across phytogeographical districts in Benin,"Trees, Forests and People",RIPLEY,ECOL,Benin,N,1,https://consensus.app/papers/details/ba4ad69b7ff55b1e9c348600ed848bc8/
"Luo X, et al",2025,"GIS-Based Analysis of Retail Spatial Distribution and Driving Mechanisms in a Resource-Based Transition City: Evidence from POI Data in Taiyuan, China",ISPRS International Journal of Geo-Information,KDE,URBAN,China,N,4,https://consensus.app/papers/details/02e4101954eb5b8385efb7e134bb2417/
Memisoglu Baykal T,2025,Performance assessment of GIS-based spatial clustering methods in forest fire data,Natural Hazards,LISA,FIRE,Turkiye,N,21,https://consensus.app/papers/details/6ace6c3e73ec5b53a69706b447a844d8/
"Palmi-Perales F, et al",2025,Bayesian inference for case-control point pattern data in spatial epidemiology with the inlabru R package,arXiv,PPM,HEALTH,United Kingdom,N,0,https://consensus.app/papers/details/a1e6588d2de55de285b685dd59c62142/
"Qian R, et al",2025,Spatial and Temporal Distribution Characteristics of Stone Age to Warring States Period Sites in Sichuan Province,Applied Sciences,NN,ARCH,China,Y,0,https://consensus.app/papers/details/043d5bf18dce55ad832c45b5ffd5b093/
"Ren R, Hooten MB, et al",2025,A multi-stage Bayesian approach to fit spatial point process models,Spatial Statistics,PPM,ECOL,United States,N,2,https://consensus.app/papers/details/bddd289b6610590ba68d9d3cb6bc8e5f/
"Rostamirad H, et al",2025,Changing the settlement pattern at the beginning of the Iron Age in the north of the central plateau of Iran (Alborz Province),Journal of Archaeological Science: Reports,PPM,ARCH,Iran,N,2,https://consensus.app/papers/details/99e48499f1e55cb6a6c4426defb21084/
"Samarasekara CL, et al",2025,Modelling the Spatial Dependence of Multi-Species Point Patterns,Ecology and Evolution,PPM,ECOL,Not specified,N,1,https://consensus.app/papers/details/be0d6d27aa8856b18a24bc7b0674eb0e/
"Wang L, Li Y, Zhang X, et al",2025,Comparing circular and flexibly-shaped scan statistics for disease clustering detection,Frontiers in Public Health,SCAN,HEALTH,China,N,5,https://consensus.app/papers/details/d4465dcd91015197bd64de61c7f3fa4b/
"Yeung CCK, et al",2025,Transformer-based neural marked spatio temporal point process model for analyzing football match events,Applied Intelligence,ML,OTHER,United Kingdom,Y,13,https://consensus.app/papers/details/38e3b1ff9f9654ff8126eea46bf5cbec/
"Yitageasu G, et al",2025,Malaria prevalence and its determinants across 19 sub-Saharan African countries: a spatial and geographically weighted regression analysis,Malaria Journal,SCAN,HEALTH,Multiple,N,12,https://consensus.app/papers/details/97d473b863c558baa3e483b011031988/
"Yu S, et al",2025,EventFormer: a hierarchical neural point process framework for spatio-temporal clustering events prediction,Journal of Big Data,ML,METH,Not specified,Y,2,https://consensus.app/papers/details/744d6094aa4d5d27b3d7d0203540c4c6/
"Zewdie HY, et al",2025,Kernel Density Bandwidth Specification in Neighborhood Violence Prevention Research,Journal of Urban Health,KDE,CRIME,United States,N,1,https://consensus.app/papers/details/ebbc4e04ca335e76ad7f26fdf1aee325/
"Zhang Y, et al",2025,Incorporating Non-Seismicity Precursors Into Earthquake Probabilistic Forecasting Model,Geophysical Research Letters,STPP,SEISM,Japan,Y,1,https://consensus.app/papers/details/3f00d301bf535237a909888900acdf6d/
"Baddeley A, Rubak E, Turner R",2026,The Impact of R on Statistical Science for Spatial Point Processes,Australian & New Zealand Journal of Statistics,PPM,METH,Not applicable,N,1,https://consensus.app/papers/details/5deeea53d9635661bd7aef7be5fb5b83/
"D'Angelo N, Adelfio G",2026,Testing the Structural Properties of Marked Point Processes Using Local Inhomogeneous Mark-Weighted K-Functions,arXiv,COLOC,METH,Not specified,N,0,https://consensus.app/papers/details/1e6ad2904c4259ea99dddeb33435b4eb/
"Mejri I, et al",2026,"An integrated, simulation-based framework linking satellite fire patterns and wireless sensor network planning in Tunisia",Scientific Reports,ML,FIRE,Tunisia,Y,0,https://consensus.app/papers/details/7c466f7970975ef790cea7ebca441762/
"Rangsiwutisak C, et al",2026,Prospects and perils of antimicrobial resistance cluster detection using routinely collected data: an illustration from tertiary hospitals in Thailand,Journal of Hospital Infection,SCAN,HEALTH,Thailand,Y,0,https://consensus.app/papers/details/1860bbbffc9653dd98165bc129eeb8d9/
Sengupta A,2026,Disease hot spot mapping for healthcare access inequity in rural West Bengal (India),International Journal for Multidisciplinary Research,KDE,HEALTH,India,N,0,https://consensus.app/papers/details/683521c1352656dab6646cdb2d7b362c/
"Sriram K, et al",2026,Predictive Hotspot Mapping for Data-driven Crime Prediction,arXiv,KDE,CRIME,India,Y,1,https://consensus.app/papers/details/fbea272be0d25d139662143a9a938848/
"Wang Z, et al",2026,The Impact of Geocoding Uncertainty on Crime Hotspot Prediction,Transactions in GIS,KDE,CRIME,United States,Y,0,https://consensus.app/papers/details/2d4331cc49da55aa9c68a5a8eaefd700/
Xu X,2026,Analysis of Commercial Block Vitality Based on POI Density Data: A Case Study of Suzhou Shilu Commercial District,Communications in Humanities Research,KDE,URBAN,China,N,0,https://consensus.app/papers/details/8bdd0c62ec8154ecafce2fea3c011282/
Zhang M,2026,ETAS Spatio-temporal Model and Seismic Activity Analysis,Frontiers in Science and Engineering,STPP,SEISM,China,Y,0,https://consensus.app/papers/details/40c1aab8cb99512b97c0cf1c09a78dfc/
