Country,Studies,Region,Income group,Median year,Leading domain
United States,32,Northern America,High,2018,Public health and epidemiology
China,26,Eastern Asia,Upper-middle,2022,Urban and economic geography
United Kingdom,13,Europe,High,2022,Public health and epidemiology
Japan,10,Eastern Asia,High,2020,Urban and economic geography
Brazil,7,Latin America,Upper-middle,2019,"Ecology, forestry and biodiversity"
Spain,7,Europe,High,2019,Road safety and transport
Australia,5,Oceania,High,2011,"Ecology, forestry and biodiversity"
India,5,Southern Asia,Lower-middle,2023,Crime and policing
Italy,5,Europe,High,2020,Seismology
Iran,4,Western Asia,Lower-middle,2021,"Ecology, forestry and biodiversity"
Switzerland,3,Europe,High,2018,Public health and epidemiology
Czech Republic,2,Europe,High,2013,Public health and epidemiology
Colombia,2,Latin America,Upper-middle,2024,Road safety and transport
Thailand,2,South-eastern Asia,Upper-middle,2025,Public health and epidemiology
South Korea,2,Eastern Asia,High,2018,Public health and epidemiology
Vietnam,2,South-eastern Asia,Lower-middle,2019,Road safety and transport
Indonesia,2,South-eastern Asia,Lower-middle,2020,Seismology
Nigeria,2,Sub-Saharan Africa,Lower-middle,2023,Public health and epidemiology
Mexico,2,Latin America,Upper-middle,2022,"Ecology, forestry and biodiversity"
Ethiopia,1,Sub-Saharan Africa,Low,2022,Archaeology and heritage
