Method family,Health,Ecol.,Crime,Urban,Meth.,Road,Seism.,Fire,Arch.,Micro.,Env.,Other,Total
Kernel density estimation,8,0,13,5,0,2,0,2,3,0,0,0,33
Second-order distance statistics,0,22,0,0,1,0,0,5,3,0,0,0,31
Nearest-neighbour indices,0,1,0,2,0,0,0,1,1,1,0,0,6
Scan statistics,21,0,1,1,0,0,0,2,0,0,0,0,25
Local association on points,1,0,0,2,0,0,0,1,0,0,0,0,4
Parametric point process models,11,12,0,1,3,0,0,2,6,0,1,0,36
Spatio-temporal point processes,5,0,1,0,3,0,14,0,0,0,0,0,23
Network-constrained analysis,0,1,2,6,2,12,0,0,0,0,0,0,23
Co-location and marked patterns,0,0,2,3,4,0,0,0,0,1,0,0,10
Machine-learning point models,0,9,3,2,6,4,2,2,1,0,0,1,30
Other approaches,0,0,0,0,1,0,0,0,1,0,0,0,2
Total,46,45,22,22,20,18,16,15,15,2,1,1,223
