q,authors,year,title,journal,cites,doc_type,method,methods_all,domain,country,st,include,excl,url,auto_duplicate
S01,Ben-Said M,2021,Spatial point-pattern analysis as a powerful tool in identifying pattern-process relationships in plant ecology: an updated review,Ecological Processes,105,review,RIPLEY,"['RIPLEY', 'NN', 'PPM']",ECOL,Not applicable,N,1,,https://consensus.app/papers/details/12b3ea59c8225761954746893054ee6e/,False
S01,"Baddeley A, Nair G, Rakshit S, McSwiggan G, Davies TM",2020,Analysing point patterns on networks - A review,Spatial Statistics,87,review,NET,"['NET', 'KDE', 'RIPLEY', 'PPM']",METH,Not applicable,N,1,,https://consensus.app/papers/details/baf74bb0373d5cffb173cab7cc4108df/,False
S01,"Velazquez E, Martinez I, Getzin S, Moloney KA, Wiegand T",2016,An evaluation of the state of spatial point pattern analysis in ecology,Ecography,203,review,RIPLEY,"['RIPLEY', 'PPM', 'NN']",ECOL,Not applicable,N,1,,https://consensus.app/papers/details/2aa4b445c57054339b1c50ffdfddf768/,False
S01,Diggle PJ,2013,Statistical Analysis of Spatial and Spatio-Temporal Point Patterns,CRC Press,715,book,PPM,"['PPM', 'STPP']",METH,Not applicable,Y,0,Book/monograph,https://consensus.app/papers/details/1e10d5bf3e875fd9a64ddec8e08353ad/,False
S01,"Illian J, Penttinen A, Stoyan H, Stoyan D",2008,Statistical Analysis and Modelling of Spatial Point Patterns,Wiley,1814,book,PPM,"['PPM', 'RIPLEY']",METH,Not applicable,N,0,Book/monograph,https://consensus.app/papers/details/a15569581d035188aef9cf15320dbc75/,False
S01,"Gonzalez JA, Rodriguez-Cortes FJ, Cronie O, Mateu J",2016,Spatio-temporal point process statistics: a review,Spatial Statistics,125,review,STPP,"['STPP', 'PPM']",METH,Not applicable,Y,1,,https://consensus.app/papers/details/3e47b5f6e6d1585099fb04d8581e84de/,False
S01,"Perry GLW, Miller BP, Enright NJ",2006,A comparison of methods for the statistical analysis of spatial point patterns in plant ecology,Plant Ecology,366,article,RIPLEY,"['RIPLEY', 'NN']",ECOL,Australia,N,1,,https://consensus.app/papers/details/0be5ecf1c4b05ab18ae75d724fc9c35f/,False
S01,"Baddeley A, Rubak E, Turner R",2015,Spatial Point Patterns: Methodology and Applications with R,CRC Press,323,book,PPM,"['PPM', 'KDE', 'RIPLEY', 'NET']",METH,Not applicable,N,0,Book/monograph,https://consensus.app/papers/details/96b253f607975e998468c8fc0f609ce3/,False
S01,"Wiegand T, Moloney KA",2013,Handbook of Spatial Point-Pattern Analysis in Ecology,CRC Press,270,book,RIPLEY,"['RIPLEY', 'PPM']",ECOL,Not applicable,N,0,Book/monograph,https://consensus.app/papers/details/3088ecd1c0895d1786382ffe3f706949/,False
S01,Gomez-Rubio V,2016,Review of Spatial Point Patterns: Methodology and Applications with R,Journal of Statistical Software,1357,book_review,PPM,['PPM'],METH,Not applicable,N,0,Book review,https://consensus.app/papers/details/77c3c681b09b5cc58d135e4881f3a643/,False
S01,"Ren R, Hooten MB, et al",2025,A multi-stage Bayesian approach to fit spatial point process models,Spatial Statistics,2,article,PPM,"['PPM', 'ML']",ECOL,United States,N,1,,https://consensus.app/papers/details/bddd289b6610590ba68d9d3cb6bc8e5f/,False
S01,"Mateu J, Jalilian A",2022,Spatial point processes and neural networks: A convenient couple,Spatial Statistics,12,article,ML,"['ML', 'STPP', 'PPM']",METH,Not applicable,Y,1,,https://consensus.app/papers/details/97e8c780d64558a3af5ae8c4e614ddf2/,False
S01,"Samarasekara CL, et al",2025,Modelling the Spatial Dependence of Multi-Species Point Patterns,Ecology and Evolution,1,article,PPM,"['PPM', 'COLOC', 'RIPLEY']",ECOL,Not specified,N,1,,https://consensus.app/papers/details/be0d6d27aa8856b18a24bc7b0674eb0e/,False
S01,"Leininger TJ, Gelfand AE",2017,Bayesian Inference and Model Assessment for Spatial Point Patterns Using Posterior Predictive Samples,Bayesian Analysis,50,article,PPM,['PPM'],METH,Not applicable,N,1,,https://consensus.app/papers/details/6560b5681a7a51b488eb5b29167a001c/,False
S01,Ripley BD,1977,Modelling Spatial Patterns,Journal of the Royal Statistical Society Series B,2113,article,RIPLEY,"['RIPLEY', 'PPM']",METH,United Kingdom,N,1,,https://consensus.app/papers/details/f742dddb4cee56058da8a9679687dcca/,False
S01,Bagui S,2005,Combining Pattern Classifiers: Methods and Algorithms,Technometrics,4291,book_review,OTHER,['OTHER'],METH,Not applicable,N,0,"Off-topic (pattern classification, not spatial point patterns)",https://consensus.app/papers/details/c3ddcbaf3f6d5943a94851471ce30e35/,False
S01,"Gonzalez JA, Moraga P",2023,Non-Parametric Analysis of Spatial and Spatio-Temporal Point Patterns,R Journal,5,article,STPP,"['STPP', 'KDE']",HEALTH,United Kingdom,Y,1,,https://consensus.app/papers/details/da3cf1dd945d534c9a4a9de86ed8b2cc/,False
S01,"Baddeley A, Rubak E, Turner R",2026,The Impact of R on Statistical Science for Spatial Point Processes,Australian & New Zealand Journal of Statistics,1,review,PPM,"['PPM', 'NET', 'STPP']",METH,Not applicable,N,1,,https://consensus.app/papers/details/5deeea53d9635661bd7aef7be5fb5b83/,False
S01,"Soltisz AM, et al",2023,A Point Process Analysis Framework for Quantitatively Describing Spatial Patterns from Fluorescence Microscopy Data,Microscopy and Microanalysis,0,article,NN,['NN'],BIOIMG,United States,N,1,,https://consensus.app/papers/details/953a86299acb5e48bb252f1a57de8b6d/,False
S01,"Araujo ESB, et al",2021,Exploratory spectral analysis in three-dimensional spatial point patterns,Revista Brasileira de Biometria,2,article,OTHER,"['OTHER', 'RIPLEY']",METH,Brazil,N,1,,https://consensus.app/papers/details/c41fc0381cb05fc5a23c1529064224b5/,False
S02,"Hu Y, Wang F, Guin C, Zhu H",2018,A Spatio-Temporal Kernel Density Estimation Framework for Predictive Crime Hotspot Mapping and Evaluation,Applied Geography,156,article,KDE,"['KDE', 'STPP']",CRIME,United States,Y,1,,https://consensus.app/papers/details/3e8f43cfadf3525ba8bb3b4ef2db04d2/,False
S02,"Han Y, Hu Y, et al",2023,A cyclically adjusted spatio-temporal kernel density estimation method for predictive crime hotspot analysis,Annals of GIS,14,article,KDE,"['KDE', 'STPP']",CRIME,United States,Y,1,,https://consensus.app/papers/details/7aee8537784956159d7ee5da8a0f14e2/,False
S02,"Hart T, Zandbergen P",2014,"Kernel density estimation and hotspot mapping: examining the influence of interpolation method, grid cell size, and bandwidth on crime forecasting",Policing: An International Journal,183,article,KDE,['KDE'],CRIME,United States,N,1,,https://consensus.app/papers/details/e947e50e1d5651b4b51eced8a20032de/,False
S02,Chainey S,2014,Examining the influence of cell size and bandwidth size on kernel density estimation crime hotspot maps for predicting spatial patterns of crime,Bulletin of the Geographical Society of Liege,80,article,KDE,['KDE'],CRIME,United Kingdom,N,1,,https://consensus.app/papers/details/da7bddee9ce4582c874c67ff0ace8a66/,False
S02,"Sriram K, et al",2026,Predictive Hotspot Mapping for Data-driven Crime Prediction,arXiv,1,preprint,KDE,"['KDE', 'STPP', 'ML']",CRIME,India,Y,1,,https://consensus.app/papers/details/fbea272be0d25d139662143a9a938848/,False
S02,"Govorov M, Beconyte G, et al",2023,Trivariate Kernel Density Estimation of Spatiotemporal Crime Events with Case Study for Lithuania,Sustainability,6,article,KDE,"['KDE', 'STPP']",CRIME,Lithuania,Y,1,,https://consensus.app/papers/details/d36291569d9158a8b46dd97e4180cfa6/,False
S02,"Khalid S, Shoaib F, Qian T, et al",2017,Network Constrained Spatio-Temporal Hotspot Mapping of Crimes in Faisalabad,Applied Spatial Analysis and Policy,30,article,NET,"['NET', 'KDE', 'LISA', 'RIPLEY']",CRIME,Pakistan,Y,1,,https://consensus.app/papers/details/211499f1159d58a5861f59e342337fb9/,False
S02,"Chainey S, Tompson L, Uhlig S",2008,The Utility of Hotspot Mapping for Predicting Spatial Patterns of Crime,Security Journal,408,article,KDE,"['KDE', 'OTHER']",CRIME,United Kingdom,N,1,,https://consensus.app/papers/details/75c159c3ce6b51e194da3b3d785c0230/,False
S02,"Mondal S, et al",2022,"Crime hotspot detection using statistical and geospatial methods: a case study of Pune City, Maharashtra, India",GeoJournal,42,article,SCAN,"['SCAN', 'KDE', 'LISA']",CRIME,India,Y,1,,https://consensus.app/papers/details/dfe1bb06bcbc538eb01e6b1a749a8ae0/,False
S02,"Wu Y, et al",2022,Hot street of crime detection in London borough and lockdown impacts,Geo-spatial Information Science,10,article,NET,"['NET', 'KDE', 'OTHER']",CRIME,United Kingdom,N,1,,https://consensus.app/papers/details/ccd60a64491257f9b777ee5cbb53902d/,False
S02,"Wang Z, et al",2026,The Impact of Geocoding Uncertainty on Crime Hotspot Prediction,Transactions in GIS,0,article,KDE,['KDE'],CRIME,United States,Y,1,,https://consensus.app/papers/details/2d4331cc49da55aa9c68a5a8eaefd700/,False
S02,"Al Boni M, Gerber MS",2016,Automatic Optimization of Localized Kernel Density Estimation for Hotspot Policing,IEEE ICMLA,20,conference,KDE,"['KDE', 'ML']",CRIME,United States,N,1,,https://consensus.app/papers/details/a35eb2f585365896ab15adc851697f34/,False
S02,Prathap BR,2023,Geo-spatial crime density attribution using optimized machine learning algorithms,International Journal of Information Technology,12,article,ML,"['ML', 'KDE']",CRIME,India,N,1,,https://consensus.app/papers/details/335a4f83015357398e4460bbc63eeb55/,False
S02,Mission R,2024,Spatial Analysis Leveraging Geographic Information System and Kernel Density Estimation for Crime Prediction,Journal of Innovative Technology Convergence,3,article,KDE,['KDE'],CRIME,Philippines,N,1,,https://consensus.app/papers/details/63fa9ec431ab516ba9be1040af18a029/,False
S02,"Okabe A, Satoh T, Sugihara K",2009,"A kernel density estimation method for networks, its computational method and a GIS-based tool",International Journal of Geographical Information Science,438,article,NET,"['NET', 'KDE']",TRAFFIC,Japan,N,1,,https://consensus.app/papers/details/fe295b42d87a5909ab15a110a6213524/,False
S02,"Prathap BR, Ramesha K",2020,Geospatial Crime Analysis to Determine Crime Density Using Kernel Density Estimation for the Indian Context,Journal of Computational and Theoretical Nanoscience,11,article,KDE,['KDE'],CRIME,India,N,1,,https://consensus.app/papers/details/4b9bbaec8e095a79abb61ea744e96b19/,False
S02,"Nakaya T, Yano K",2010,Visualising Crime Clusters in a Space-time Cube: An Exploratory Data-analysis Approach Using Space-time Kernel Density Estimation and Scan Statistics,Transactions in GIS,340,article,KDE,"['KDE', 'SCAN', 'STPP']",CRIME,Japan,Y,1,,https://consensus.app/papers/details/10c5e0ce7d905a058cbce19955b3d713/,False
S02,"Ahmad R, et al",2024,CHART: Intelligent Crime Hotspot Detection and Real-Time Tracking Using Machine Learning,"Computers, Materials & Continua",9,article,ML,"['ML', 'KDE']",CRIME,Not specified,Y,1,,https://consensus.app/papers/details/a81b7658bea7561580054b92d57254b2/,False
S02,"Le KG, Liu P, Lin LT",2020,Traffic accident hotspot identification by integrating kernel density estimation and spatial autocorrelation analysis: a case study,International Journal of Crashworthiness,65,article,KDE,"['KDE', 'LISA']",TRAFFIC,Vietnam,N,1,,https://consensus.app/papers/details/357792e1274c504c9722ce2493a9233e/,False
S02,"Zewdie HY, et al",2025,Kernel Density Bandwidth Specification in Neighborhood Violence Prevention Research,Journal of Urban Health,1,article,KDE,['KDE'],CRIME,United States,N,1,,https://consensus.app/papers/details/ebbc4e04ca335e76ad7f26fdf1aee325/,False
S03,"Wang L, Li Y, Zhang X, et al",2025,Comparing circular and flexibly-shaped scan statistics for disease clustering detection,Frontiers in Public Health,5,article,SCAN,['SCAN'],HEALTH,China,N,1,,https://consensus.app/papers/details/d4465dcd91015197bd64de61c7f3fa4b/,False
S03,"Levin-Rector A, Kulldorff M, Peterson ER, Hostovich S, Greene SK",2024,Prospective Spatiotemporal Cluster Detection Using SaTScan: Tutorial for Designing and Fine-Tuning a System to Detect Reportable Communicable Disease Outbreaks,JMIR Public Health and Surveillance,23,article,SCAN,"['SCAN', 'STPP']",HEALTH,United States,Y,1,,https://consensus.app/papers/details/541211f44176544b8ec2eac43c699b65/,False
S03,Tango T,2021,Spatial scan statistics can be dangerous,Statistical Methods in Medical Research,38,article,SCAN,['SCAN'],HEALTH,Japan,N,1,,https://consensus.app/papers/details/5a0193621b2c5c3ea2855fd60be4d1b6/,False
S03,"Aboushady A, et al",2025,The use of SaTScan software to map spatiotemporal trends and detect disease clusters: a systematic review,Communications Medicine,8,review,SCAN,"['SCAN', 'STPP']",HEALTH,Multiple,Y,1,,https://consensus.app/papers/details/c14b5498b9b45a1292b81b996685a424/,False
S03,"Takahashi K, Kulldorff M, Tango T, Yih K",2008,A flexibly shaped space-time scan statistic for disease outbreak detection and monitoring,International Journal of Health Geographics,581,article,SCAN,"['SCAN', 'STPP']",HEALTH,United States,Y,1,,https://consensus.app/papers/details/17bf5ba4d7405f89895fcd5bd037b584/,False
S03,"Desjardins MR, Hohl A, Delmelle EM",2020,Rapid surveillance of COVID-19 in the United States using a prospective space-time scan statistic: Detecting and evaluating emerging clusters,Applied Geography,327,article,SCAN,"['SCAN', 'STPP']",HEALTH,United States,Y,1,,https://consensus.app/papers/details/5a18b3b2d1cf5c30a8e6fcd8718c8a02/,False
S03,"Rotejanaprasert C, et al",2024,Evaluation and comparison of spatial cluster detection methods for improved decision making of disease surveillance: a case study of national dengue surveillance in Thailand,BMC Medical Research Methodology,17,article,SCAN,"['SCAN', 'LISA', 'PPM']",HEALTH,Thailand,N,1,,https://consensus.app/papers/details/0df6740a2184587fb7f11e957e111fa8/,False
S03,"Otani T, Takahashi K",2021,Flexible Scan Statistics for Detecting Spatial Disease Clusters: The rflexscan R Package,Journal of Statistical Software,29,article,SCAN,['SCAN'],HEALTH,United States,N,1,,https://consensus.app/papers/details/915ed19984005154b233b9aafa66d35c/,False
S03,"Sherman RL, et al",2014,Applying Spatial Analysis Tools in Public Health: An Example Using SaTScan to Detect Geographic Targets for Colorectal Cancer Screening Interventions,Preventing Chronic Disease,67,article,SCAN,['SCAN'],HEALTH,United States,N,1,,https://consensus.app/papers/details/ca4adb0fb88d53dc83582dbf0e106176/,False
S03,"Aamodt G, Samuelsen SO, Skrondal A",2006,A simulation study of three methods for detecting disease clusters,International Journal of Health Geographics,140,article,SCAN,"['SCAN', 'PPM']",HEALTH,Not applicable,N,1,,https://consensus.app/papers/details/06f4043e72765d439d9bf3ac14a994ac/,False
S03,"Rangsiwutisak C, et al",2026,Prospects and perils of antimicrobial resistance cluster detection using routinely collected data: an illustration from tertiary hospitals in Thailand,Journal of Hospital Infection,0,article,SCAN,"['SCAN', 'STPP']",HEALTH,Thailand,Y,1,,https://consensus.app/papers/details/1860bbbffc9653dd98165bc129eeb8d9/,False
S03,"Takahashi K, Shimadzu H",2020,Detecting multiple spatial disease clusters: information criterion and scan statistic approach,International Journal of Health Geographics,15,article,SCAN,['SCAN'],HEALTH,United Kingdom,N,1,,https://consensus.app/papers/details/0baef211871a57e5ac8b2804cdc61733/,False
S03,"Allison K, et al",2024,Impact of spatial aggregation on detection of spatiotemporal disease clusters: analysis of SARS-CoV-2 infections in 3-D high-density settings,Spatial and Spatio-temporal Epidemiology,0,article,SCAN,"['SCAN', 'STPP']",HEALTH,United States,Y,1,,https://consensus.app/papers/details/9e76f7bd83aa581e8d64c347ff4514d9/,False
S03,"Han J, Zhu L, Kulldorff M, et al",2016,Using Gini coefficient to determining optimal cluster reporting sizes for spatial scan statistics,International Journal of Health Geographics,139,article,SCAN,['SCAN'],HEALTH,United States,N,1,,https://consensus.app/papers/details/be0c6c2f636053a6aac64d5b5c4b7939/,False
S03,"Han J, et al",2016,Cancer cluster detection using scan statistic,Journal of the Korean Data and Information Science Society,8,article,SCAN,['SCAN'],HEALTH,United States,N,1,,https://consensus.app/papers/details/0906a77e458a53bd80996bfe9f87ec3d/,False
S03,"Tango T, Takahashi K",2012,A flexible spatial scan statistic with a restricted likelihood ratio for detecting disease clusters,Statistics in Medicine,120,article,SCAN,['SCAN'],HEALTH,Japan,N,1,,https://consensus.app/papers/details/a4b1655f4d5153dca3d6f52bdd8aaa4a/,False
S03,"Horiike R, et al",2024,Using Spatial Scan Statistics and Geographic Information Systems to Detect Monthly Human Mobility Clusters and Analyze Cluster Area Characteristics,JMA Journal,1,article,SCAN,['SCAN'],URBAN,Japan,Y,1,,https://consensus.app/papers/details/50e7765bc1d2548f9cffd055b37fcec4/,False
S03,"Huang L, Pickle LW, Das B",2008,Evaluating spatial methods for investigating global clustering and cluster detection of cancer cases,Statistics in Medicine,82,article,SCAN,"['SCAN', 'LISA']",HEALTH,United States,N,1,,https://consensus.app/papers/details/ca1ea3e7d07b5ffeabca062db5e8997e/,False
S03,"Huang L, Tiwari RC, Zhu L, et al",2009,Weighted Normal Spatial Scan Statistic for Heterogeneous Population Data,Journal of the American Statistical Association,74,article,SCAN,['SCAN'],HEALTH,United States,N,1,,https://consensus.app/papers/details/9ba3c390bbfb5dedb8411a203636b550/,False
S03,"Coleman M, Coleman M, Mabuza AM, et al",2009,Using the SaTScan method to detect local malaria clusters for guiding malaria control programmes,Malaria Journal,190,article,SCAN,"['SCAN', 'STPP']",HEALTH,South Africa,Y,1,,https://consensus.app/papers/details/d7705a56605350909031c4e9abd8bc8a/,False
S04,"Gbedji EKY, et al",2025,Spatial distribution and association patterns of dominant tree species in natural stands of Terminalia leiocarpa across phytogeographical districts in Benin,"Trees, Forests and People",1,article,RIPLEY,"['RIPLEY', 'COLOC']",ECOL,Benin,N,1,,https://consensus.app/papers/details/ba4ad69b7ff55b1e9c348600ed848bc8/,False
S04,"Fibich P, Leps J, Novotny V, et al",2016,Spatial patterns of tree species distribution in New Guinea primary and secondary lowland rain forest,Journal of Vegetation Science,54,article,RIPLEY,"['RIPLEY', 'COLOC']",ECOL,Papua New Guinea,N,1,,https://consensus.app/papers/details/c27bea906e985123b8458d8df3f97e4a/,False
S04,"Miron A, et al",2020,Spatial distribution of six managed tree species is influenced by topography conditions in the Central Amazon,Journal of Environmental Management,13,article,RIPLEY,"['RIPLEY', 'KDE']",ECOL,Brazil,N,1,,https://consensus.app/papers/details/29dfc50514ce55aebd006d6e60aab050/,False
S04,"Zhou HC, et al",2008,Spatial distribution patterns of tree species in a secondary forest in Changbai Mountain,Chinese Journal of Ecology,2,article,RIPLEY,"['RIPLEY', 'COLOC']",ECOL,China,N,1,,https://consensus.app/papers/details/697f7c2d77895bd7939554289a1bd7bc/,False
S04,"Szwagrzyk J, Czerwczak M",1993,Spatial patterns of trees in natural forests of East-Central Europe,Journal of Vegetation Science,174,article,RIPLEY,['RIPLEY'],ECOL,Poland,N,1,,https://consensus.app/papers/details/95dd823156485207948f244ae29467d3/,False
S04,"Wedjangnon AA, et al",2020,"Spatial distribution and interspecific association patterns between Mansonia altissima, Ceiba pentandra and Triplochiton scleroxylon in a moist semi-deciduous forest",Annals of Forest Science,9,article,RIPLEY,"['RIPLEY', 'COLOC']",ECOL,Not specified,N,1,,https://consensus.app/papers/details/eb2f93bcb4bf55f599ad42a0aea85b20/,False
S04,Wolf A,2005,Fifty year record of change in tree spatial patterns within a mixed deciduous forest,Forest Ecology and Management,112,article,RIPLEY,['RIPLEY'],ECOL,Denmark,Y,1,,https://consensus.app/papers/details/46a171bac83d56e1b6cf24a818d8bafb/,False
S04,"Ebert A, et al",2016,"Spatial distribution pattern of Mezilaurus itauba in a seasonal forest area of the southern Amazon, Brazil",iForest - Biogeosciences and Forestry,8,article,RIPLEY,['RIPLEY'],ECOL,Brazil,N,1,,https://consensus.app/papers/details/8a3f4608ec8354969af6b2423e971ec3/,False
S04,"Barros QS, et al",2025,Diameter distributions and spatial distribution patterns of tree species are important for planning sustainable management in natural forests in the eastern Amazon,New Zealand Journal of Forestry Science,0,article,RIPLEY,['RIPLEY'],ECOL,Brazil,N,1,,https://consensus.app/papers/details/b42cf6020c1f527fbf3c6b3d53a75406/,False
S04,"Zhou Q, et al",2019,Spatial distribution and interspecific associations in a deciduous broad-leaved forest in north-central China,Journal of Vegetation Science,21,article,RIPLEY,"['RIPLEY', 'COLOC', 'PPM']",ECOL,China,N,1,,https://consensus.app/papers/details/2ae6a33b8a135d4e9a6b0889c1b13e07/,False
S04,"Pottker G, et al",2016,Spatial pattern of forest species: case study with Ocotea odorifera,Ciencia Florestal,8,article,RIPLEY,"['RIPLEY', 'KDE']",ECOL,Brazil,N,1,,https://consensus.app/papers/details/1debda5229a3527f85068f4b6763b03d/,False
S04,"Chavez Flores GA, et al",2020,Spatial structure of mixed and uneven-aged forests in the state of Durango,Revista Mexicana de Ciencias Forestales,3,article,RIPLEY,"['RIPLEY', 'COLOC']",ECOL,Mexico,N,1,,https://consensus.app/papers/details/65e12e4f14505262ac74b3a58fb33867/,False
S04,"Pourbabaei H, et al",2023,"Spatial Pattern of Trees in Parrotia persica-Carpinus betulus and Parrotia persica-Quercus castaneifolia Types in Chafrood Forests, Guilan, Iran",Int. Congress on Engineering and Life Science,0,conference,RIPLEY,['RIPLEY'],ECOL,Iran,N,1,,https://consensus.app/papers/details/77b0f46b47625afc851f826c5756f4a5/,False
S04,"Saei EK, et al",2014,Spatial distribution pattern of oak and almond trees on Chahartagh forest reservation site,International Journal of Biosciences,2,article,RIPLEY,['RIPLEY'],ECOL,Iran,N,1,,https://consensus.app/papers/details/d3269e464e995c499c4f8822374d7bf1/,False
S04,"Araujo E, et al",2019,Space pattern of forest species and its relationship with agricultural factors in an agroforestry system,FLORESTA,2,article,RIPLEY,"['RIPLEY', 'COLOC']",ECOL,Brazil,N,1,,https://consensus.app/papers/details/ac8b5f5c5b7d5c03b840726aecca9b64/,False
S04,"Law R, Illian J, Burslem DFRP, et al",2009,Ecological information from spatial patterns of plants: insights from point process theory,Journal of Ecology,454,review,RIPLEY,"['RIPLEY', 'COLOC', 'PPM']",ECOL,Not applicable,N,1,,https://consensus.app/papers/details/08e63bc6456a5ddf901f41b932992e54/,False
S04,"Wiegand T, Gunatilleke S, Gunatilleke N, Okuda T",2007,Species Associations in a Heterogeneous Sri Lankan Dipterocarp Forest,The American Naturalist,294,article,RIPLEY,"['RIPLEY', 'NN', 'PPM', 'COLOC']",ECOL,Sri Lanka,N,1,,https://consensus.app/papers/details/cfe2a90597a5526cbd02a0eb900674c9/,False
S04,"Scalon JD, et al",2012,Spatial analysis of a forest fragment based on the Dirichlet mosaic,Revista Arvore,3,article,RIPLEY,"['RIPLEY', 'OTHER']",ECOL,Brazil,N,1,,https://consensus.app/papers/details/52dba32deeb45c0aa30734763b8d3932/,False
S04,Haase P,1995,Spatial pattern analysis in ecology based on Ripley's K-function: Introduction and methods of edge correction,Journal of Vegetation Science,668,article,RIPLEY,['RIPLEY'],ECOL,Not specified,N,1,,https://consensus.app/papers/details/f4affe2a07b350d88fe77e1b419f197a/,False
S04,"Nguyen H, Uria-Diez J, Wiegand K",2018,Nearest Neighborhood Characteristics of a Tropical Mixed Broadleaved Forest Stand,Forests,11,article,NN,"['NN', 'RIPLEY', 'COLOC']",ECOL,Vietnam,N,1,,https://consensus.app/papers/details/7bd927136b3a5b8fae14a08c2a4b66a9/,False
S05,"Ross GJ, Kolev A",2022,Semiparametric Bayesian forecasting of spatio-temporal earthquake occurrences,The Annals of Applied Statistics,9,article,STPP,"['STPP', 'PPM']",SEISM,Multiple,Y,1,,https://consensus.app/papers/details/86ba9e1f7c5a5e5c8b1192b927fb26d2/,False
S05,Reinhart A,2017,A Review of Self-Exciting Spatio-Temporal Point Processes and Their Applications,Statistical Science,241,review,STPP,"['STPP', 'PPM']",METH,Not applicable,Y,1,,https://consensus.app/papers/details/a517a8a864f451f4a6b6ed77239f02cd/,False
S05,"Muir JB, Ross ZE",2023,A Deep Gaussian Process Model for Seismicity Background Rates,Geophysical Journal International,14,article,STPP,"['STPP', 'ML', 'PPM']",SEISM,United States,Y,1,,https://consensus.app/papers/details/01f9bb4644f35f5ba136aaaf9e023003/,False
S05,"Pratiwi H, et al",2017,Self-exciting point process in modeling earthquake occurrences,Journal of Physics: Conference Series,9,conference,STPP,['STPP'],SEISM,Indonesia,Y,1,,https://consensus.app/papers/details/306566a780cf55f09330cd6bfe2e0529/,False
S05,"Kwon J, et al",2022,Flexible spatio-temporal Hawkes process models for earthquake occurrences,Spatial Statistics,27,article,STPP,"['STPP', 'KDE']",SEISM,Not specified,Y,1,,https://consensus.app/papers/details/3dc2ae4340615550bd48106f30f0ab80/,False
S05,"Bernabeu A, Zhuang J, Mateu J",2024,Spatio-Temporal Hawkes Point Processes: A Review,"Journal of Agricultural, Biological and Environmental Statistics",19,review,STPP,['STPP'],METH,Not applicable,Y,1,,https://consensus.app/papers/details/27e6d524438c5aee82c9a0a5b80dbfb6/,False
S05,"Molkenthin C, et al",2020,GP-ETAS: semiparametric Bayesian inference for the spatio-temporal epidemic type aftershock sequence model,Statistics and Computing,23,article,STPP,"['STPP', 'PPM', 'ML']",SEISM,Italy,Y,1,,https://consensus.app/papers/details/c3eea24735af5065ac01d2beacae90e6/,False
S05,"Shah R, et al",2020,Temporal Point Process Models for Nepal Earthquake Aftershocks,arXiv,2,preprint,STPP,['STPP'],SEISM,Nepal,Y,1,,https://consensus.app/papers/details/08d4877517da53c7a614eccfae090ae9/,False
S05,"Briz-Redon A, Mateu J",2025,A self-exciting spatio-temporal model with a smooth space-time-varying productivity parameter,AStA Advances in Statistical Analysis,2,article,STPP,['STPP'],CRIME,Not specified,Y,1,,https://consensus.app/papers/details/db9cd413417c5a54aee17c7a5b84efe9/,False
S05,"Kolev A, Ross GJ",2020,Semiparametric Bayesian Forecasting of Spatial Earthquake Occurrences,arXiv,1,preprint,STPP,"['STPP', 'PPM']",SEISM,Multiple,Y,0,"Duplicate (preprint of Ross & Kolev 2022, Ann Appl Stat)",https://consensus.app/papers/details/2c93abdac63f5fc1ac6bf63ecb879a96/,False
S05,"Naylor M, et al",2023,Bayesian modeling of the temporal evolution of seismicity using the ETAS.inlabru package,Frontiers in Applied Mathematics and Statistics,9,article,STPP,"['STPP', 'PPM']",SEISM,Not applicable,Y,1,,https://consensus.app/papers/details/977d3b4e8dce57d4810d2f08a449b33f/,False
S05,Zhang M,2026,ETAS Spatio-temporal Model and Seismic Activity Analysis,Frontiers in Science and Engineering,0,article,STPP,['STPP'],SEISM,China,Y,1,,https://consensus.app/papers/details/40c1aab8cb99512b97c0cf1c09a78dfc/,False
S05,"Ogata Y, Zhuang J",2006,Space-time ETAS models and an improved extension,Tectonophysics,339,article,STPP,"['STPP', 'PPM']",SEISM,Japan,Y,1,,https://consensus.app/papers/details/f10dedf4273e5cd790a2800fa8a166c3/,False
S05,"Stindl T, Chen F",2021,Spatiotemporal ETAS model with a renewal main-shock arrival process,Journal of the Royal Statistical Society Series C,7,article,STPP,"['STPP', 'PPM']",SEISM,Multiple,Y,1,,https://consensus.app/papers/details/f8fcdad0e62d525f884297ca6d0a12af/,False
S05,"Davis L, et al",2024,A Fractional Model for Earthquakes,arXiv,3,preprint,STPP,['STPP'],SEISM,United States,Y,1,,https://consensus.app/papers/details/c46bd5855f2b5d7692525153cdbf69da/,False
S05,"Banales I, et al",2025,Inhomogeneous spatio-temporal epidemic-type aftershock sequence model incorporating seismicity-triggering slow slip events,Scientific Reports,1,article,STPP,"['STPP', 'PPM']",SEISM,Multiple,Y,1,,https://consensus.app/papers/details/bad47d747d5a5078a021a3a10cea2f8b/,False
S05,"Zhang Y, et al",2025,Incorporating Non-Seismicity Precursors Into Earthquake Probabilistic Forecasting Model,Geophysical Research Letters,1,article,STPP,['STPP'],SEISM,Japan,Y,1,,https://consensus.app/papers/details/3f00d301bf535237a909888900acdf6d/,False
S05,"Stockman S, Lawson DJ, Werner MJ",2023,Forecasting the 2016-2017 Central Apennines Earthquake Sequence With a Neural Point Process,Earth's Future,26,article,ML,"['ML', 'STPP']",SEISM,Italy,Y,1,,https://consensus.app/papers/details/f8461a147d0b52d5bbe76810ae8e9961/,False
S05,Schoenberg FP,2003,Multidimensional Residual Analysis of Point Process Models for Earthquake Occurrences,Journal of the American Statistical Association,180,article,STPP,"['STPP', 'PPM']",SEISM,United States,Y,1,,https://consensus.app/papers/details/aa2271977094502d8ab5565e6524034b/,False
S05,"Zlydenko O, et al",2023,A neural encoder for earthquake rate forecasting,Scientific Reports,19,article,ML,"['ML', 'STPP']",SEISM,Not specified,Y,1,,https://consensus.app/papers/details/f1a146007d165f849db770f36face15f/,False
S06,"Baddeley A, Nair G, Rakshit S, McSwiggan G, Davies TM",2020,Analysing point patterns on networks - A review,Spatial Statistics,87,review,NET,['NET'],METH,Not applicable,N,0,Duplicate (already retrieved in S01),https://consensus.app/papers/details/baf74bb0373d5cffb173cab7cc4108df/,True
S06,"Fan Y, et al",2018,"Network-constrained spatio-temporal clustering analysis of traffic collisions in Jianghan District of Wuhan, China",PLoS ONE,35,article,NET,"['NET', 'KDE', 'RIPLEY', 'LISA']",TRAFFIC,China,Y,1,,https://consensus.app/papers/details/fe3b1b4e7f2d5d7f996366337711c9e7/,False
S06,"Eslaminezhad SA, et al",2019,"An integrated network-constrained spatial analysis for car accidents: a case study of Tehran city, Iran",ISPRS Archives,3,conference,NET,"['NET', 'KDE', 'LISA', 'RIPLEY']",TRAFFIC,Iran,N,1,,https://consensus.app/papers/details/18be673341d6577997e9eeceeae8330d/,False
S06,"Sashinka D, et al",2025,"Identifying road accident hotspots using linear network point processes: a case study in the Kandy police division, Sri Lanka",IRC Open University of Sri Lanka,0,abstract,NET,"['NET', 'KDE']",TRAFFIC,Sri Lanka,N,0,Conference abstract without full text,https://consensus.app/papers/details/d37adad00e1352c68ccacdbd0ef29161/,False
S06,"Yamada I, Thill JC",2007,Local Indicators of Network-Constrained Clusters in Spatial Point Patterns,Geographical Analysis,169,article,NET,"['NET', 'RIPLEY', 'LISA']",TRAFFIC,United States,N,1,,https://consensus.app/papers/details/fe8c103229da515db921eda2de6990d6/,False
S06,"Liu Y, et al",2018,"A network-constrained spatial identification of high-risk roads for hit-parked-vehicle collisions in Brisbane, Australia",Environment and Planning A,2,article,NET,"['NET', 'RIPLEY']",TRAFFIC,Australia,Y,1,,https://consensus.app/papers/details/9d6198854b57525aa9d62f1197dd3ce6/,False
S06,"Maduako I, et al",2022,Computing traffic accident high-risk locations using graph analytics,Spatial Information Research,10,article,NET,"['NET', 'OTHER']",TRAFFIC,United States,Y,1,,https://consensus.app/papers/details/5130f389fd2a54d1bc643dee22bc4dda/,False
S06,"Llagostera P, Comas C, Torres R",2022,Modeling road traffic safety based on point patterns of wildlife-vehicle collisions,Science of the Total Environment,7,article,NET,"['NET', 'OTHER']",TRAFFIC,Spain,N,1,,https://consensus.app/papers/details/aba6fb307cad5c4aa2adde931983485b/,False
S06,"Nie K, et al",2015,"A Network-Constrained Integrated Method for Detecting Spatial Cluster and Risk Location of Traffic Crash: A Case Study from Wuhan, China",Sustainability,71,article,NET,"['NET', 'KDE', 'LISA']",TRAFFIC,China,N,1,,https://consensus.app/papers/details/43216c63bbbc589386cd74b8589b3a72/,False
S06,"Fang Z, et al",2022,Length L-function for network-constrained point data,Transactions in GIS,5,article,NET,"['NET', 'RIPLEY']",URBAN,China,N,1,,https://consensus.app/papers/details/56ebd64c91e75a748029646f839a6611/,False
S06,"Clemente GP, et al",2024,Hierarchical spatial network models for road accident risk assessment,Annals of Operations Research,2,article,OTHER,['OTHER'],TRAFFIC,Italy,N,0,"Areal/segment-level count regression, not point pattern analysis",https://consensus.app/papers/details/f70d33fc4ddb540db496e9e6e264a512/,False
S06,"Kaygisiz O, et al",2017,Network-Based Point Pattern Analysis of Bicycle Accidents to Improve Cyclist Safety,Transportation Research Record,6,article,NET,"['NET', 'KDE', 'NN', 'COLOC']",TRAFFIC,Austria,Y,1,,https://consensus.app/papers/details/ae3966b0b27b59e0ae8d390ac39ab408/,False
S06,Briz-Redon A,2023,Dealing with location uncertainty for modeling network-constrained lattice data,Spatial Statistics,2,article,NET,"['NET', 'PPM']",TRAFFIC,Spain,N,1,,https://consensus.app/papers/details/56e92cf8149252ea83c4721616c5f1f9/,False
S06,"Briz-Redon A, Martinez-Ruiz F, Montes F",2019,Spatial analysis of traffic accidents near and between road intersections in a directed linear network,Accident Analysis and Prevention,51,article,NET,"['NET', 'LISA']",TRAFFIC,Spain,N,1,,https://consensus.app/papers/details/e177dbe0b1635768af538d654bc78cd9/,False
S06,"Diaz-Sepulveda JF, et al",2024,Clustering in point processes on linear networks using nearest neighbour volumes,Journal of Applied Statistics,0,article,NET,"['NET', 'NN']",TRAFFIC,Colombia,N,1,,https://consensus.app/papers/details/f0c107c69ca45b4baf0ebecf42852f08/,False
S06,"Deng M, et al",2018,A density-based approach for detecting network-constrained clusters in spatial point events,International Journal of Geographical Information Science,26,article,NET,"['NET', 'KDE', 'ML']",URBAN,China,Y,1,,https://consensus.app/papers/details/b9100951920450059ab8ec67ea3a5089/,False
S06,"Berhanu Y, et al",2024,Machine learning for predictions of road traffic accidents and spatial network analysis for safe routing on accident and congestion-prone road networks,Results in Engineering,36,article,ML,"['ML', 'NET']",TRAFFIC,Not specified,N,1,,https://consensus.app/papers/details/f04bbf193db45eff962186efa003d899/,False
S06,"Rakshit S, Nair G, Baddeley A",2017,Second-order analysis of point patterns on a network using any distance metric,Spatial Statistics,41,article,NET,"['NET', 'RIPLEY']",METH,Not applicable,N,1,,https://consensus.app/papers/details/504a97db4f3e57fbb4658390ad2c425a/,False
S06,"Duan Y, et al",2025,Analysis of traffic accident characteristics and recovery strategy of urban road network,Journal of Engineering and Applied Science,1,article,OTHER,['OTHER'],TRAFFIC,China,N,0,"Traffic simulation/optimisation, no point pattern analysis",https://consensus.app/papers/details/6b7a0355946f556ba54e23c6757428ee/,False
S06,"Tao W, et al",2022,Resilience assessment and enhancement of urban road networks subject to traffic accidents: a network-scale optimization strategy,Journal of Intelligent Transportation Systems,30,article,OTHER,['OTHER'],TRAFFIC,China,N,0,"Network resilience optimisation, no point pattern analysis",https://consensus.app/papers/details/583ecd1496f9599389f4985dc4cc008b/,False
S07,"Li Y, Brown P, Gesink DC, Rue H",2012,Log Gaussian Cox processes and spatially aggregated disease incidence data,Statistical Methods in Medical Research,49,article,PPM,['PPM'],HEALTH,United States,N,1,,https://consensus.app/papers/details/1aa4d482f13c5246aba8eef7ad3f6887/,False
S07,Li Y,2012,Disease Mapping with log Gaussian Cox Processes,University of Toronto (thesis),0,thesis,PPM,['PPM'],HEALTH,Canada,N,0,Doctoral thesis,https://consensus.app/papers/details/5aa21416ea195670bb2af0bddad7ba7c/,False
S07,"Johnson O, Diggle P, Giorgi E",2019,A spatially discrete approximation to log-Gaussian Cox processes for modelling aggregated disease count data,Statistics in Medicine,25,article,PPM,['PPM'],HEALTH,United Kingdom,N,1,,https://consensus.app/papers/details/e8ad3a72c1335c4aa5a85c9615e2bef5/,False
S07,"Konstantinoudis G, Schuhmacher D, Rue H, Spycher BD",2018,Discrete versus continuous domain models for disease mapping,Spatial and Spatio-temporal Epidemiology,22,article,PPM,['PPM'],HEALTH,Switzerland,N,1,,https://consensus.app/papers/details/36c0e47dfc4f5acf8c8160fe89a75f00/,False
S07,"Diggle PJ, Moraga P, Rowlingson B, Taylor BM",2013,Spatial and spatio-temporal log-Gaussian Cox processes: extending the geostatistical paradigm,Statistical Science,279,review,PPM,"['PPM', 'STPP']",METH,Not applicable,Y,1,,https://consensus.app/papers/details/7c7ebcc0f421509791b1c9a4e68c0b40/,False
S07,"Rodriguez Avellaneda F, et al",2024,Estimating Velocities of Infectious Disease Spread Through Spatio-Temporal Log-Gaussian Cox Point Processes,International Statistical Review,2,article,STPP,"['STPP', 'PPM']",HEALTH,Colombia,Y,1,,https://consensus.app/papers/details/f49fb94c734e51189dce5be3c64421be/,False
S07,"Palmi-Perales F, Gomez-Rubio V, Lopez-Quilez A",2019,Approximate Bayesian inference for multivariate point pattern analysis in disease mapping,Biometrical Journal,5,article,PPM,"['PPM', 'COLOC']",HEALTH,Spain,N,1,,https://consensus.app/papers/details/04fa57ed52635c52852f7e20ca410968/,False
S07,"Dupas M, et al",2024,Spatial distribution of poultry farms using point pattern modelling: A method to address livestock environmental impacts and disease transmission risks,PLOS Computational Biology,3,article,PPM,"['PPM', 'ML']",HEALTH,Multiple,N,1,,https://consensus.app/papers/details/eac333d12bdb5376a45702571a64ef85/,False
S07,"Amaral A, et al",2022,Spatio-temporal modeling of infectious diseases by integrating compartment and point process models,Stochastic Environmental Research and Risk Assessment,20,article,STPP,"['STPP', 'PPM']",HEALTH,Multiple,Y,1,,https://consensus.app/papers/details/3bd5788a6144500c949789d8b265ba4d/,False
S07,"Fadlurohman A, et al",2024,Inhomogeneous log-Gaussian Cox processes with piecewise constant covariates: a case study in modeling of COVID-19 transmission risk in East Java,Stochastic Environmental Research and Risk Assessment,3,article,PPM,['PPM'],HEALTH,Indonesia,N,1,,https://consensus.app/papers/details/f5b70f0e36ae51549d3f55f178ca3a29/,False
S07,"Benes V, et al",2011,A case study on point process modelling in disease mapping,Image Analysis & Stereology,34,article,PPM,['PPM'],HEALTH,Czech Republic,N,1,,https://consensus.app/papers/details/7f730cee0c535ba499a81a4f28a1205a/,False
S07,"Palmi-Perales F, et al",2025,Bayesian inference for case-control point pattern data in spatial epidemiology with the inlabru R package,arXiv,0,preprint,PPM,"['PPM', 'COLOC']",HEALTH,United Kingdom,N,1,,https://consensus.app/papers/details/a1e6588d2de55de285b685dd59c62142/,False
S07,Watson SI,2024,Twenty ways to estimate the Log Gaussian Cox Process model with point and aggregated case data: the rts2 package for R,arXiv,1,preprint,PPM,['PPM'],HEALTH,Not applicable,Y,1,,https://consensus.app/papers/details/5d3697d2a1d55dc18e56f0389e45d977/,False
S07,"Asfaw Z, et al",2024,The root-Gaussian Cox Process for spatial-temporal disease mapping with aggregated data,Computational Statistics,0,article,PPM,"['PPM', 'STPP']",HEALTH,Not specified,Y,1,,https://consensus.app/papers/details/caf04de0b9ae5711bc923d63de3fedf4/,False
S07,"Konstantinoudis G, et al",2018,Towards Continuous Domain Models in Spatial Epidemiology,ISEE Conference Abstracts,0,abstract,PPM,['PPM'],HEALTH,Switzerland,N,0,Conference abstract; duplicate of Konstantinoudis et al. 2018 (SSTE),https://consensus.app/papers/details/ac66a2bae03b5f89aaf1764b1e086327/,False
S07,Ziniti B,2016,Computationally efficient specifications of spatial point process models and spatio-temporal Gaussian models,University of New Hampshire (dissertation),0,thesis,PPM,"['PPM', 'STPP']",HEALTH,United States,Y,0,Doctoral dissertation,https://consensus.app/papers/details/bdfb17840e15552eb495426be8fdcd90/,False
S07,"Trangucci R, et al",2024,Bayesian Methods for Modeling Cumulative Exposure to Extensive Environmental Health Hazards,arXiv,0,preprint,PPM,['PPM'],ENV,Mexico,N,1,,https://consensus.app/papers/details/94492d7e7611528992a020888543b2c6/,False
S07,"Diggle P, Rowlingson B, Su TL",2005,Point process methodology for on-line spatio-temporal disease surveillance,Environmetrics,192,article,STPP,"['STPP', 'PPM']",HEALTH,United Kingdom,Y,1,,https://consensus.app/papers/details/e21de120bc955ddcbb3830e998209b38/,False
S07,"Ahn J, et al",2014,A space-time point process model for analyzing and predicting case patterns of diarrheal disease in northwestern Ecuador,Spatial and Spatio-temporal Epidemiology,9,article,STPP,"['STPP', 'PPM']",HEALTH,Ecuador,Y,1,,https://consensus.app/papers/details/393859fabd0058b198e554038da0425f/,False
S07,"Yoo E, et al",2016,Modeling spatial risk of the Foot-Mouth-Disease epidemic in South Korea,Conference proceedings,0,article,PPM,"['PPM', 'RIPLEY']",HEALTH,South Korea,N,1,,https://consensus.app/papers/details/8c2e39c2f2e658fda8c2956b12fb08d0/,False
S08,"Wang F, et al",2019,Vitality continuation or over-commercialization? Spatial structure characteristics of commercial services and population agglomeration in historic and cultural areas,Tourism Economics,47,article,KDE,['KDE'],URBAN,China,N,1,,https://consensus.app/papers/details/f94c91a629ff58c39b35b8c1121fcf80/,False
S08,"Abudurexiti A, et al",2025,POI-Based Assessment of Sustainable Commercial Development: Spatial Distribution Characteristics and Influencing Factors of Commercial Facilities Around Urumqi Metro Line 1 Stations,Sustainability,2,article,KDE,['KDE'],URBAN,China,Y,1,,https://consensus.app/papers/details/08d38074a1db51a1853d59b68fee68d1/,False
S08,"Luo X, et al",2025,"GIS-Based Analysis of Retail Spatial Distribution and Driving Mechanisms in a Resource-Based Transition City: Evidence from POI Data in Taiyuan, China",ISPRS International Journal of Geo-Information,4,article,KDE,"['KDE', 'NN', 'LISA']",URBAN,China,N,1,,https://consensus.app/papers/details/02e4101954eb5b8385efb7e134bb2417/,False
S08,"Yao L, et al",2024,Prediction of Commercial Street Location Based on Point of Interest (POI) Big Data and Machine Learning,ISPRS International Journal of Geo-Information,10,article,ML,['ML'],URBAN,China,N,0,Grid-based ML prediction; no point pattern statistic applied to event locations,https://consensus.app/papers/details/b34851f10ee5548db69f293bb3512e49/,False
S08,"Wu Y, et al",2025,Study on the Influence of Strip-Shaped Urban Rail Transit Stations on Urban Vitality Distribution Based on Point of Interest Data,Applied Sciences,4,article,OTHER,['OTHER'],URBAN,China,Y,0,Areal regression on aggregated POI counts; no point pattern statistic,https://consensus.app/papers/details/2bac3c1d35145889bce7fd173e36b3ed/,False
S08,"Jiang L, et al",2025,Exploring the Spatial Pattern of Retail Businesses in Chengdu Based on the Coupling of Nighttime Light Image and POI Data,Sustainability,0,article,OTHER,['OTHER'],URBAN,China,N,0,Grid coupling-coordination model; no point pattern statistic,https://consensus.app/papers/details/9ee7c5a6a835574180054dc536ac0e81/,False
S08,"Hu H, et al",2025,Evaluation of comprehensive vitality of Shanghai's commercial centers using multi-dimensional geospatial big data,Scientific Reports,3,article,OTHER,"['OTHER', 'ML']",URBAN,China,N,0,PCA/K-means index construction; no point pattern statistic,https://consensus.app/papers/details/6422ec01f7565c6e9874941017ec88db/,False
S08,Xu X,2026,Analysis of Commercial Block Vitality Based on POI Density Data: A Case Study of Suzhou Shilu Commercial District,Communications in Humanities Research,0,article,KDE,['KDE'],URBAN,China,N,1,,https://consensus.app/papers/details/8bdd0c62ec8154ecafce2fea3c011282/,False
S08,Tudor C,2025,A Geospatial Framework for Retail Suitability Modelling and Opportunity Identification in Germany,ISPRS International Journal of Geo-Information,1,article,LISA,"['LISA', 'OTHER']",URBAN,Germany,N,0,"Analysis conducted on 1 km census grid (areal), not on event locations",https://consensus.app/papers/details/4d5abcf698b75efbabda70e2ae6f0962/,False
S08,"Huang C, et al",2022,Integrating Point-of-Interest Density and Spatial Heterogeneity to Identify Urban Functional Areas,Remote Sensing,59,article,NN,"['NN', 'KDE']",URBAN,China,N,1,,https://consensus.app/papers/details/e9111b6d2c025d0ea41733f3370415ca/,False
S08,"Wang M, et al",2025,Assessing urban vitality in high-density cities: a spatial accessibility approach using POI reviews and residential data,Humanities and Social Sciences Communications,20,article,OTHER,['OTHER'],URBAN,China,N,0,Two-step floating catchment area accessibility; no point pattern statistic,https://consensus.app/papers/details/2d0b60cd6e9b582c981d0ed9ccb9a152/,False
S08,"Liu S, et al",2022,Identification of Urban Functional Areas and Governance Measures Based on Point of Interest Data: A Case Study of the Shenyang Railway Station Area,Buildings,7,article,LISA,"['LISA', 'KDE']",URBAN,China,N,1,,https://consensus.app/papers/details/1e20257b38495c588d2efde0fd705f9b/,False
S08,"Liu S, et al",2019,Urban Vitality Area Identification and Pattern Analysis from the Perspective of Time and Space Fusion,Sustainability,76,article,OTHER,"['OTHER', 'ML']",URBAN,China,Y,0,Spatiotemporal feature clustering of mobile-phone data; no point pattern statistic,https://consensus.app/papers/details/b10f29c2b44953a693cf6eb6ccde714d/,False
S08,"Andreotti E, et al",2025,Scale-free points-of-interest distribution in a city emerging from homogeneous Poissonian-point processes,Physical Review E,0,article,PPM,['PPM'],URBAN,Italy,N,1,,https://consensus.app/papers/details/2aec2bfb5d8650edb53cff2ac44a28c0/,False
S08,"Natapov A, et al",2023,Urban planning and design with points of interest and visual perception,Environment and Planning B: Urban Analytics and City Science,14,article,NET,"['NET', 'OTHER']",URBAN,United Kingdom,N,1,,https://consensus.app/papers/details/aacb431955f6528dbbadb2462b4b022f/,False
S08,"Fang Y, et al",2024,Spatial Distribution Characteristics and Influencing Factors of the Retail Industry in Ningbo City in Eastern China Based on POI Data,Sustainability,7,article,KDE,"['KDE', 'LISA']",URBAN,China,N,1,,https://consensus.app/papers/details/d9a3d5d156875ed6ad935a115db98677/,False
S08,"Wu S, et al",2025,Planning and layout of tourism and leisure facilities based on POI big data and machine learning,PLOS One,7,article,ML,['ML'],URBAN,China,N,0,Decision-tree site suitability; no point pattern statistic,https://consensus.app/papers/details/abe30a641e0751cdba269e7a59b4bb7b/,False
S08,"Lin ZR, et al",2023,Spatial analysis and optimization of self-pickup points of a new retail model in the Post-Epidemic Era: the case of Community-Group-Buying in Xi'an City,Computational Urban Science,5,article,LISA,"['LISA', 'KDE']",URBAN,China,N,1,,https://consensus.app/papers/details/b89b0ef2d42a597bb5295e340aa86f73/,False
S08,"Liu C, et al",2024,"Spatial Differences of Commercial Vitality in Main Urban Area of Kunming City, China",Academic Journal of Humanities & Social Sciences,0,article,NN,"['NN', 'KDE']",URBAN,China,N,1,,https://consensus.app/papers/details/e6bbcbf7c655560d8c81ef1432b46dce/,False
S08,"Gao S, Janowicz K, Couclelis H",2017,Extracting urban functional regions from points of interest and human activities on location-based social networks,Transactions in GIS,432,article,ML,"['ML', 'COLOC']",URBAN,United States,N,1,,https://consensus.app/papers/details/a987293b3c0255a480ba5d51bcc67e53/,False
S09,"Hering AS, Bell CL, Genton MG",2009,Modeling spatio-temporal wildfire ignition point patterns,Environmental and Ecological Statistics,78,article,RIPLEY,"['RIPLEY', 'PPM', 'COLOC']",FIRE,United States,Y,1,,https://consensus.app/papers/details/1803526074155e1a9f2b268e6db5edcd/,False
S09,"Vadrevu K, et al",2021,Spatial Point Patterns and Scale Analysis of Vegetation Fires in Laos and Cambodia,Springer (Land-Atmospheric Research Applications),0,article,NN,"['NN', 'LISA', 'OTHER']",FIRE,Multiple,N,1,,https://consensus.app/papers/details/293c0cda43a855ffbec57d04cfc357af/,False
S09,"Gao X, et al",2025,Density-Based Spatial Clustering of Vegetation Fire Points Based on Genetic Optimization of Threshold Values,Fire,1,article,ML,"['ML', 'KDE']",FIRE,China,Y,1,,https://consensus.app/papers/details/6f2ba4990a645434b2b4a7e81b20814d/,False
S09,"Nunes A, et al",2026,Wildfire causes in mainland Portugal: Municipal-scale hotspots and non-stationary spatial drivers,Journal of Environmental Management,0,article,LISA,"['LISA', 'OTHER']",FIRE,Portugal,N,0,"Hotspot statistics computed on municipal areal units, not on event locations",https://consensus.app/papers/details/090fe100ff9d5a23bcd06e7ef29e2246/,False
S09,"Genton MG, Butry DT, Gumpertz ML, Prestemon JP",2006,"Spatio-temporal analysis of wildfire ignitions in the St Johns River Water Management District, Florida",International Journal of Wildland Fire,103,article,RIPLEY,"['RIPLEY', 'STPP']",FIRE,United States,Y,1,,https://consensus.app/papers/details/5e648f1f060b5945aecf11037669c91f/,False
S09,"Mundo IA, Wiegand T, Kanagaraj R, Kitzberger T",2013,Environmental drivers and spatial dependency in wildfire ignition patterns of northwestern Patagonia,Journal of Environmental Management,36,article,RIPLEY,"['RIPLEY', 'PPM', 'COLOC']",FIRE,Argentina,N,1,,https://consensus.app/papers/details/7b5ca05b7bb6566ebe20d82e8ccd1bc5/,False
S09,"Fuentes-Santos I, Marey-Perez MF, Gonzalez-Manteiga W",2013,Forest fire spatial pattern analysis in Galicia (NW Spain),Journal of Environmental Management,67,article,RIPLEY,"['RIPLEY', 'KDE', 'COLOC']",FIRE,Spain,Y,1,,https://consensus.app/papers/details/db6abdd1f450503ba8a028ccd677a627/,False
S09,Memisoglu Baykal T,2025,Performance assessment of GIS-based spatial clustering methods in forest fire data,Natural Hazards,21,article,LISA,"['LISA', 'KDE']",FIRE,Turkiye,N,1,,https://consensus.app/papers/details/6ace6c3e73ec5b53a69706b447a844d8/,False
S09,"Amatulli G, Perez-Cabello F, de la Riva J",2007,Mapping lightning/human-caused wildfires occurrence under ignition point location uncertainty,Ecological Modelling,137,article,KDE,['KDE'],FIRE,Spain,N,1,,https://consensus.app/papers/details/cf3d8343919b5ca3b84bac55eb3c4e94/,False
S09,Aftergood O,2022,Identifying and analyzing spatial and temporal patterns of lightning-ignited wildfires in Western Canada from 1981-2018,Canadian Journal of Forest Research,21,article,RIPLEY,"['RIPLEY', 'NN', 'LISA']",FIRE,Canada,Y,1,,https://consensus.app/papers/details/2f6740a9c4db5712a452dbb687203cec/,False
S09,"Orozco CV, Tonini M, Conedera M, Kanevski M",2012,Cluster recognition in spatial-temporal sequences: the case of forest fires,GeoInformatica,62,article,SCAN,"['SCAN', 'STPP']",FIRE,Switzerland,Y,1,,https://consensus.app/papers/details/6d17229e798859e4b9e554f8234bbce5/,False
S09,"Chen B, et al",2022,Spatial patterns and drivers for wildfire ignitions in California,Environmental Research Letters,40,article,PPM,"['PPM', 'ML']",FIRE,United States,N,1,,https://consensus.app/papers/details/92d70c50d1a75cd1ba251679b02c2de7/,False
S09,"Mejri I, et al",2026,"An integrated, simulation-based framework linking satellite fire patterns and wireless sensor network planning in Tunisia",Scientific Reports,0,article,ML,"['ML', 'KDE']",FIRE,Tunisia,Y,1,,https://consensus.app/papers/details/7c466f7970975ef790cea7ebca441762/,False
S09,"Zigner K, et al",2022,Wildfire Risk in the Complex Terrain of the Santa Barbara Wildland-Urban Interface during Extreme Winds,Fire,11,article,OTHER,['OTHER'],FIRE,United States,N,0,"Fire-spread simulation; ignition points sampled, not analysed as a point pattern",https://consensus.app/papers/details/d96391d19d735bff86ef74d85e8b0af5/,False
S09,"Arca B, et al",2006,Evaluation of FARSITE simulator in Mediterranean shrubland,Forest Ecology and Management,14,article,OTHER,['OTHER'],FIRE,Italy,N,0,Record metadata corrupted (indexed abstract duplicated from Mundo et al. 2013),https://consensus.app/papers/details/7e4d71b935c95c65bb3c3ddbc1c669f2/,False
S09,"Bugallo M, et al",2025,Pattern recognition and modelling of virulent wildfires in Spain,International Journal of Wildland Fire,0,article,OTHER,"['OTHER', 'ML']",FIRE,Spain,Y,0,"Weekly provincial aggregated modelling, not point pattern analysis",https://consensus.app/papers/details/e1ebba83101e5cfd96356af7be46c516/,False
S09,"Lim S, et al",2025,A Novel Divergence-Based Approach for Fire Ignition Point Localization Through Smoke Pattern Analysis,IEEE Access,0,article,OTHER,['OTHER'],FIRE,Not applicable,N,0,Image processing of smoke fields; not geographic point pattern analysis,https://consensus.app/papers/details/6a70ff74a9d15bfe9385918d649b3cb3/,False
S09,"Collins KM, Price OF, Penman TD",2015,Spatial patterns of wildfire ignitions in south-eastern Australia,International Journal of Wildland Fire,59,article,PPM,['PPM'],FIRE,Australia,N,1,,https://consensus.app/papers/details/a58df4d5c6225b369e46977b78d36bb0/,False
S09,"Parente J, Pereira MG",2016,"Space-time clustering analysis of wildfires: The influence of dataset characteristics, fire prevention policy decisions, weather and climate",Science of the Total Environment,72,article,SCAN,"['SCAN', 'STPP']",FIRE,Portugal,Y,1,,https://consensus.app/papers/details/4cdbede087f35751953a3e086ea05d96/,False
S09,"Bajocco S, et al",2017,Linking fire ignitions hotspots and fuel phenology: The importance of being seasonal,Ecological Indicators,32,article,KDE,['KDE'],FIRE,Italy,Y,1,,https://consensus.app/papers/details/ed87c18a89025742b1ee652b3a72bb5d/,False
S10,"Bilotti G, et al",2025,"Points, patterns, and predictions in archaeological settlement data: site-environment relationships of Paracas and Nasca communities in the Peruvian Andes",Journal of Archaeological Science,0,article,PPM,"['PPM', 'KDE']",ARCH,Peru,N,1,,https://consensus.app/papers/details/8983255c8e4453c88ce64f5e2007cb25/,False
S10,"Bilotti G, Kempf M, et al",2024,Point Pattern Analysis (PPA) as a tool for reproducible archaeological site distribution analyses and location processes in early iron age south-west Germany,PLOS ONE,17,article,PPM,"['PPM', 'RIPLEY', 'KDE']",ARCH,Germany,N,1,,https://consensus.app/papers/details/34138d84bce75949aa5e6536edb88017/,False
S10,"Harrower MJ, et al",2022,Aksumite Settlement Patterns: Site Size Hierarchies and Spatial Clustering,Journal of Archaeological Research,13,review,RIPLEY,"['RIPLEY', 'ML']",ARCH,Ethiopia,N,1,,https://consensus.app/papers/details/98da02cbff1f5a9ebf073bed8c6ddc88/,False
S10,"Rostamirad H, et al",2025,Changing the settlement pattern at the beginning of the Iron Age in the north of the central plateau of Iran (Alborz Province),Journal of Archaeological Science: Reports,2,article,PPM,"['PPM', 'ML']",ARCH,Iran,N,1,,https://consensus.app/papers/details/99e48499f1e55cb6a6c4426defb21084/,False
S10,"Hodder I, Orton C",1977,Spatial Analysis in Archaeology,Cambridge University Press,619,book,NN,"['NN', 'RIPLEY']",ARCH,Not applicable,N,0,Book/monograph,https://consensus.app/papers/details/738b4d950ab55d80a527caa0a42958aa/,False
S10,"Diaz-Rodriguez M, et al",2022,"Evaluating the effectiveness of three spatial cluster analysis methods on Palaeolithic site location distributions in Galicia, NW Iberian Peninsula",Journal of Archaeological Science: Reports,8,article,ML,['ML'],ARCH,Spain,N,1,,https://consensus.app/papers/details/457502880e6f5de5a7a96bc50fa6339c/,False
S10,"Kempf M, et al",2023,Point pattern and spatial analyses using archaeological and environmental data - A case study from the Neolithic Carpathian Basin,Journal of Archaeological Science: Reports,18,article,PPM,"['PPM', 'KDE']",ARCH,Multiple,N,1,,https://consensus.app/papers/details/6cfd439012d355499fa93a7b3686dbfe/,False
S10,Li X,2024,Determination of the temporal-spatial distribution patterns of ancient heritage sites in China and their influencing factors via GIS,Heritage Science,28,article,KDE,"['KDE', 'NN']",ARCH,China,Y,1,,https://consensus.app/papers/details/62085b56cf1b5902a341f78a0953df3e/,False
S10,"Boemke B, et al",2023,Testing the representativity of Palaeolithic site distribution: The role of sampling bias in the european upper and Final Palaeolithic record,Quaternary Science Reviews,11,article,PPM,['PPM'],ARCH,Multiple,N,1,,https://consensus.app/papers/details/223eb4a9acc25a2c96108193a03122d8/,False
S10,"Bilotti G, et al",2024,Correction: Point Pattern Analysis (PPA) as a tool for reproducible archaeological site distribution analyses,PLOS ONE,1,correction,PPM,['PPM'],ARCH,Germany,N,0,Correction notice to an already included record,https://consensus.app/papers/details/b9801c6f9a5a5235b03ad27c9dadb5ae/,False
S10,"Tong M, et al",2022,Research on the Spatial-Temporal Distribution and Morphological Characteristics of Ancient Settlements in the Luzhong Region of China,Land,11,article,KDE,['KDE'],ARCH,China,Y,1,,https://consensus.app/papers/details/a15e76681d1851a99b459fccaeb9d9ae/,False
S10,"Demjan P, Dreslerova D",2016,Modelling distribution of archaeological settlement evidence based on heterogeneous spatial and temporal data,Journal of Archaeological Science,41,article,KDE,"['KDE', 'STPP']",ARCH,Czech Republic,Y,1,,https://consensus.app/papers/details/468acdbe53435782b4e7979416df799a/,False
S10,"Wright DK, et al",2020,"Spatial modeling of archaeological site locations based on summed probability distributions and hot-spot analyses: A case study from the Three Kingdoms Period, Korea",Journal of Archaeological Science,20,article,RIPLEY,"['RIPLEY', 'LISA']",ARCH,South Korea,Y,1,,https://consensus.app/papers/details/686785be87f4575292c5b77309f53f74/,False
S10,Casarotto A,2019,Spatial Patterns in Landscape Archaeology: A GIS Procedure to Study Settlement Organization in Early Roman Colonial Territories,Leiden University Press,14,book,KDE,"['KDE', 'RIPLEY']",ARCH,Italy,N,0,Book/monograph,https://consensus.app/papers/details/12f9135b7deb51398ab4760d1647e0cc/,False
S10,"Weitzel EM, Codding BF",2020,The Ideal Distribution Model and Archaeological Settlement Patterning,Environmental Archaeology,40,review,OTHER,['OTHER'],ARCH,Not applicable,N,0,Theoretical review of distribution models; no point pattern statistic,https://consensus.app/papers/details/24f2d9f63c79516288adfe77d405daf0/,False
S10,"Bevan A, Conolly J",2006,Multiscalar Approaches to Settlement Pattern Analysis,Confronting Scale in Archaeology,84,article,RIPLEY,"['RIPLEY', 'NN', 'KDE']",ARCH,Greece,N,1,,https://consensus.app/papers/details/0411425a3d825f4ba0a97a975a2407da/,False
S10,Bruvoll H,2023,Quantifying Spatial Complexity of Settlement Plans Through Fractal Analysis,Journal of Archaeological Method and Theory,5,article,OTHER,['OTHER'],ARCH,Multiple,N,1,,https://consensus.app/papers/details/27629887b5c251f5ae3c49e8ef6a09c9/,False
S10,"Brandolini F, et al",2020,"Investigate human responses to Late-Holocene changes of fluvial landforms through Spatial Point Pattern Analysis (Po Plain, N Italy)",EGU General Assembly,0,abstract,PPM,['PPM'],ARCH,Italy,N,0,Conference abstract without full text,https://consensus.app/papers/details/27268bd0eeba5a27ab10e54bd82fad78/,False
S10,"Di Leo P, et al",2018,"Ancient settlement dynamics and predictive archaeological models for the Metapontum coastal area in Basilicata, southern Italy",Journal of Coastal Conservation,15,article,PPM,"['PPM', 'OTHER']",ARCH,Italy,Y,1,,https://consensus.app/papers/details/93c52b15703e5842aa2d53ad4cfa84ef/,False
S10,"Qian R, et al",2025,Spatial and Temporal Distribution Characteristics of Stone Age to Warring States Period Sites in Sichuan Province,Applied Sciences,0,article,NN,"['NN', 'KDE']",ARCH,China,Y,1,,https://consensus.app/papers/details/043d5bf18dce55ad832c45b5ffd5b093/,False
S11,"Wong DWS, Lee J",2017,Spatial Analysis Methods,Geographic Information Science & Technology Body of Knowledge,11,review,COLOC,"['COLOC', 'NN', 'RIPLEY', 'KDE', 'LISA']",METH,Not applicable,N,1,,https://consensus.app/papers/details/ab3374e49b215d6abe0fa2f88ac17312/,False
S11,"Tao R, Thill JC",2019,Flow Cross K-function: a bivariate flow analytical method,International Journal of Geographical Information Science,39,article,COLOC,"['COLOC', 'RIPLEY']",URBAN,United States,N,1,,https://consensus.app/papers/details/75bc1caffada5c8ba9c7173fc44f4e26/,False
S11,"Leslie TF, Kronenfeld BJ",2011,The Colocation Quotient: A New Measure of Spatial Association Between Categorical Subsets of Points,Geographical Analysis,144,article,COLOC,"['COLOC', 'RIPLEY']",METH,United States,N,1,,https://consensus.app/papers/details/b55021cd28485956b9472f8f8fa220d0/,False
S11,"Liu X, et al",2024,KCBC - a correlation-based method for co-localization analysis of super-resolution microscopy images using bivariate Ripley's K functions,Journal of Applied Statistics,0,article,COLOC,"['COLOC', 'RIPLEY']",BIOIMG,Not applicable,N,1,,https://consensus.app/papers/details/124645b372d25de48b294577f29dfc02/,False
S11,"Li L, Jiang Z, Duan N, et al",2022,Geographically and temporally weighted co-location quotient: an analysis of spatiotemporal crime patterns in greater Manchester,International Journal of Geographical Information Science,32,article,COLOC,['COLOC'],CRIME,United Kingdom,Y,1,,https://consensus.app/papers/details/c7115a6a3f245990aa864104e2398aca/,False
S11,"Morioka W, Okabe A, et al",2021,An exact statistical method for analyzing co-location on a street network and its computational implementation,International Journal of Geographical Information Science,18,article,NET,"['NET', 'COLOC', 'RIPLEY']",URBAN,Japan,N,1,,https://consensus.app/papers/details/8c4b41e5dd8750a4af74bdc34a6d8cab/,False
S11,Komladzei SC,2021,K(r) function coordinate-based colocalization method,University of New Orleans (thesis),0,thesis,COLOC,"['COLOC', 'RIPLEY']",BIOIMG,Not applicable,N,0,Masters thesis; overlapping content with Liu et al. 2024,https://consensus.app/papers/details/fa45a28b7ffe5cd2b0b5424923ff12c7/,False
S11,"Cai J, Kwan MP",2021,Discovering co-location patterns in multivariate spatial flow data,International Journal of Geographical Information Science,30,article,COLOC,"['COLOC', 'ML']",URBAN,United States,N,1,,https://consensus.app/papers/details/16998b2f15345e00b46052f9528581f6/,False
S11,"Ge Y, et al",2021,Computing Co-Location Patterns in Spatial Data with Extended Objects: A Scalable Buffer-Based Approach,IEEE Transactions on Knowledge and Data Engineering,18,article,COLOC,['COLOC'],METH,Not applicable,N,0,Extended (line/polygon) spatial objects rather than point patterns,https://consensus.app/papers/details/22f7aba6d7fa59729194a0e75073bf07/,False
S11,"Artis A, Coeurjolly JF, et al",2025,Marked point processes intensity estimation using sparse group Lasso method applied to locations of lucrative and cooperative banks in mainland France,arXiv,1,preprint,COLOC,"['COLOC', 'PPM', 'RIPLEY']",URBAN,France,N,1,,https://consensus.app/papers/details/2726404cbb5652409acc6cc3c8516b73/,False
S11,"D'Angelo N, Adelfio G",2026,Testing the Structural Properties of Marked Point Processes Using Local Inhomogeneous Mark-Weighted K-Functions,arXiv,0,preprint,COLOC,"['COLOC', 'RIPLEY']",METH,Not specified,N,1,,https://consensus.app/papers/details/1e6ad2904c4259ea99dddeb33435b4eb/,False
S11,"Liu W, Deng M, et al",2021,Discovery of statistically significant regional co-location patterns on urban road networks,International Journal of Geographical Information Science,25,article,NET,"['NET', 'COLOC']",URBAN,China,N,1,,https://consensus.app/papers/details/320e5e1047d35ec5b2871ed9622b8b64/,False
S11,"Andrzejewski W, Boinski P",2025,Co-location pattern mining using approximate Euclidean measure,Information Sciences,3,article,COLOC,['COLOC'],METH,Not applicable,N,0,No abstract indexed; insufficient information for eligibility assessment,https://consensus.app/papers/details/81be34ba80ee5db4b0e42c1a2639af51/,False
S11,"Wang F, Hu Y, Wang S, Li X",2017,Local Indicator of Colocation Quotient with a Statistical Significance Test: Examining Spatial Association of Crime and Facilities,The Professional Geographer,75,article,COLOC,"['COLOC', 'NET']",CRIME,China,N,1,,https://consensus.app/papers/details/f77cf766f268535390c94bdbff2022c4/,False
S11,"Spooner PG, Lunt ID, Okabe A, Shiode S",2004,Spatial analysis of roadside Acacia populations on a road network using the network K-function,Landscape Ecology,102,article,NET,"['NET', 'RIPLEY', 'KDE', 'COLOC']",ECOL,Australia,N,1,,https://consensus.app/papers/details/c400cde7c03757caaf18c818d9e83206/,False
S11,"Morioka W, Okabe A, et al",2022,A statistical method for analyzing agglomeration zones of co-location between diverse facilities on a street network,Transactions in GIS,8,article,NET,"['NET', 'COLOC', 'RIPLEY']",URBAN,Japan,N,1,,https://consensus.app/papers/details/fe7863e97e845bb79df2de3b54ba4eb0/,False
S11,"Jin C, et al",2024,Top-k Local Co-Location Pattern Mining Based on Weighted Voronoi Diagram,Unknown,0,article,COLOC,['COLOC'],METH,Not applicable,N,0,No abstract indexed; insufficient information for eligibility assessment,https://consensus.app/papers/details/cd62ba54fb72597b96f28d12f0ce9054/,False
S11,"Deng M, Cai J, et al",2017,Multi-level method for discovery of regional co-location patterns,International Journal of Geographical Information Science,48,article,COLOC,"['COLOC', 'ML']",METH,Not specified,N,1,,https://consensus.app/papers/details/4f8de135049a5303b2a1e218bf50544d/,False
S11,"Baddeley A, Nair G, Rakshit S, McSwiggan G, Davies TM",2020,Analysing point patterns on networks - A review,Spatial Statistics,87,review,NET,['NET'],METH,Not applicable,N,0,Duplicate (already retrieved in S01),https://consensus.app/papers/details/baf74bb0373d5cffb173cab7cc4108df/,True
S12,"Zhou Z, Yang X, Rossi R, Zhao H, Yu R",2021,Neural Point Process for Learning Spatiotemporal Event Dynamics,Proceedings of Machine Learning Research (L4DC),52,conference,ML,"['ML', 'STPP']",METH,Not applicable,Y,1,,https://consensus.app/papers/details/177c5f4019435b8e9b414e825b4e716c/,False
S12,"Okawa M, et al",2019,Deep Mixture Point Processes: Spatio-temporal Event Prediction with Rich Contextual Information,ACM SIGKDD,70,conference,ML,"['ML', 'STPP', 'KDE']",URBAN,Not specified,Y,1,,https://consensus.app/papers/details/36ac01d3f8dd53198383fec099f576c9/,False
S12,"Jin G, et al",2023,Spatio-Temporal Graph Neural Point Process for Traffic Congestion Event Prediction,AAAI,72,conference,ML,"['ML', 'STPP', 'NET']",TRAFFIC,China,Y,1,,https://consensus.app/papers/details/08ffefb65b045e86a17f7b58422eb878/,False
S12,"Cheng X, Xie Y, Zhu S",2025,Deep spatio-temporal point processes: Advances and new directions,arXiv,3,review,ML,"['ML', 'STPP']",METH,Not applicable,Y,1,,https://consensus.app/papers/details/249f46c328ba5b8aacdd8e8ad6aaeffc/,False
S12,"Yu S, et al",2025,EventFormer: a hierarchical neural point process framework for spatio-temporal clustering events prediction,Journal of Big Data,2,article,ML,"['ML', 'STPP']",METH,Not specified,Y,1,,https://consensus.app/papers/details/744d6094aa4d5d27b3d7d0203540c4c6/,False
S12,"Okawa M, et al",2021,Deep Mixture Point Processes: Spatio-Temporal Event Prediction with External Factor,Transactions of the Japanese Society for Artificial Intelligence,0,article,ML,"['ML', 'STPP']",URBAN,Not specified,Y,0,"Duplicate (journal version of Okawa et al. 2019, KDD)",https://consensus.app/papers/details/89e36572cbef536fbf99fd0c093d3e5b/,False
S12,"Wang J, et al",2024,Predicting urban signal-controlled intersection congestion events using spatio-temporal neural point process,International Journal of Digital Earth,8,article,ML,"['ML', 'STPP', 'NET']",TRAFFIC,China,Y,1,,https://consensus.app/papers/details/ae71a5317dc35bd5a6ba4bcbaf9ec082/,False
S12,"Chen RTQ, Amos B, Nickel M",2020,Neural Spatio-Temporal Point Processes,ICLR,139,conference,ML,"['ML', 'STPP']",METH,Multiple,Y,1,,https://consensus.app/papers/details/658228a09d6c57b2a67745b5813b86fc/,False
S12,"Yeung CCK, et al",2025,Transformer-based neural marked spatio temporal point process model for analyzing football match events,Applied Intelligence,13,article,ML,"['ML', 'STPP', 'COLOC']",OTHER,United Kingdom,Y,1,,https://consensus.app/papers/details/38e3b1ff9f9654ff8126eea46bf5cbec/,False
S12,"Erfanian N, et al",2022,Beyond Hawkes: Neural Multi-event Forecasting on Spatio-temporal Point Processes,arXiv,1,preprint,ML,"['ML', 'STPP']",METH,Multiple,Y,1,,https://consensus.app/papers/details/7c26b002dc2259cfb1124fc8325aeec0/,False
S12,"Shchur O, et al",2021,Neural Temporal Point Processes: A Review,IJCAI,158,review,ML,['ML'],METH,Not applicable,N,0,Purely temporal point processes; no spatial component,https://consensus.app/papers/details/8dfe6c8ea46656caab90569b83245922/,False
S12,"Zhu S, et al",2021,Imitation Learning of Neural Spatio-Temporal Point Processes,IEEE Transactions on Knowledge and Data Engineering,38,article,ML,"['ML', 'STPP']",CRIME,United States,Y,1,,https://consensus.app/papers/details/2a0388cdb39353febb58d45ad0f8f409/,False
S12,"Lin H, et al",2022,Exploring Generative Neural Temporal Point Process,Transactions on Machine Learning Research,35,article,ML,['ML'],METH,Not applicable,N,0,Purely temporal point processes; no spatial component,https://consensus.app/papers/details/d78606ed8add548cbc4aa7bcffc081e2/,False
S12,"Chen K, et al",2025,Score-Based Spatial-Temporal Point Process for Traffic Accident Prediction,IEEE Transactions on Intelligent Transportation Systems,4,article,ML,"['ML', 'STPP']",TRAFFIC,Multiple,Y,1,,https://consensus.app/papers/details/eb12b2735d195cdb89dcc41c54833510/,False
S12,"Chen S, et al",2025,Deep Graph Neural Point Process For Learning Temporal Interactive Networks,arXiv,0,preprint,ML,['ML'],METH,Not applicable,N,0,Purely temporal point processes; no spatial component,https://consensus.app/papers/details/20efd0f8c9b05275959838cf377d91ae/,False
S12,"Berghaus D, et al",2025,In-Context Learning of Temporal Point Processes with Foundation Inference Models,arXiv,8,preprint,ML,['ML'],METH,Not applicable,N,0,Purely temporal point processes; no spatial component,https://consensus.app/papers/details/aace648dc5075b00a06559893f10493b/,False
S12,"Bosser T, Taieb SB",2023,On the Predictive Accuracy of Neural Temporal Point Process Models for Continuous-time Event Data,arXiv,13,preprint,ML,['ML'],METH,Not applicable,N,0,Purely temporal point processes; no spatial component,https://consensus.app/papers/details/e8ecbb88cb0a54b2a6fddf557cb53c35/,False
S12,"Lin H, et al",2025,An Extensive Survey With Empirical Studies on Deep Temporal Point Process,IEEE Transactions on Knowledge and Data Engineering,4,review,ML,['ML'],METH,Not applicable,N,0,Purely temporal point processes; no spatial component,https://consensus.app/papers/details/dfbb8dcabb8259dab481a71a58314f3e/,False
S12,"Zhou W, et al",2023,Intensity-free Convolutional Temporal Point Process: Incorporating Local and Global Event Contexts,arXiv,13,preprint,ML,['ML'],METH,Not applicable,N,0,Purely temporal point processes; no spatial component,https://consensus.app/papers/details/8e55e6413e5f551a96bc666781a920a6/,False
S13,"El-Gabbas A, Dormann CF",2018,Improved species-occurrence predictions in data-poor regions: using large-scale data and bias correction with down-weighted Poisson regression and Maxent,Ecography,81,article,PPM,"['PPM', 'ML']",ECOL,Egypt,N,1,,https://consensus.app/papers/details/509c7857bcc152629e6a619f280dd2b7/,False
S13,"Barber RA, et al",2021,Target-group backgrounds prove effective at correcting sampling bias in Maxent models,Diversity and Distributions,144,article,PPM,"['PPM', 'ML']",ECOL,Not applicable,N,1,,https://consensus.app/papers/details/87e71e08121a5839a67f3741525136da/,False
S13,"Phillips SJ, Dudik M",2008,Modeling of species distributions with Maxent: new extensions and a comprehensive evaluation,Ecography,6896,article,ML,"['ML', 'PPM']",ECOL,Multiple,N,1,,https://consensus.app/papers/details/1d66546cf3fb5749b98aa333bb7f21b7/,False
S13,"Sorbe F, et al",2023,Evaluating sampling bias correction methods for invasive species distribution modeling in Maxent,Ecological Informatics,42,article,ML,['ML'],ECOL,Chile,N,0,Applied habitat-suitability prediction; no point process formulation or point pattern statistic,https://consensus.app/papers/details/cd085b5cd9205c66a32ad477597049be/,False
S13,"Renner IW, et al",2015,Point process models for presence-only analysis,Methods in Ecology and Evolution,405,review,PPM,"['PPM', 'ML']",ECOL,Not applicable,N,1,,https://consensus.app/papers/details/b1e29647640254328201d2cf3823e79a/,False
S13,"Anderson RP, Gonzalez I",2011,Species-specific tuning increases robustness to sampling bias in models of species distributions: An implementation with Maxent,Ecological Modelling,560,article,ML,"['ML', 'PPM']",ECOL,Venezuela,N,1,,https://consensus.app/papers/details/64170dd7d943564c87f9ce403e9bb893/,False
S13,"Elith J, et al",2011,A statistical explanation of MaxEnt for ecologists,Diversity and Distributions,5945,review,ML,"['ML', 'PPM']",ECOL,Australia,N,1,,https://consensus.app/papers/details/39bb7550f6595c5aa20a8aff8d980532/,False
S13,"Phillips SJ, et al",2009,Sample selection bias and presence-only distribution models: implications for background and pseudo-absence data,Ecological Applications,2898,article,PPM,"['PPM', 'ML']",ECOL,Multiple,N,1,,https://consensus.app/papers/details/3a6f06eb499e55aa85ef3841d0fe91eb/,False
S13,"Valavi R, Elith J, Lahoz-Monfort JJ, Guillera-Arroita G",2021,Predictive performance of presence-only species distribution models: a benchmark study with reproducible code,Ecological Monographs,679,article,PPM,"['PPM', 'ML']",ECOL,Multiple,N,1,,https://consensus.app/papers/details/386a99569da15bf6b46298be9376375b/,False
S13,"Fourcade Y, et al",2014,Mapping Species Distributions with MAXENT Using a Geographically Biased Sample of Presence Data: A Performance Assessment of Methods for Correcting Sampling Bias,PLoS ONE,1103,article,ML,"['ML', 'PPM']",ECOL,Multiple,N,1,,https://consensus.app/papers/details/e43b04f3bde0589c992283eaa88bd96c/,False
S13,"Stoa B, et al",2018,Sampling bias in presence-only data used for species distribution modelling: theory and methods for detecting sample bias and its effects on models,Sommerfeltia,24,article,PPM,"['PPM', 'ML']",ECOL,Norway,N,1,,https://consensus.app/papers/details/252aeab176835b29b0a354dcbefd9111/,False
S13,"Syfert MM, Smith MJ, Coomes DA",2013,The Effects of Sampling Bias and Model Complexity on the Predictive Performance of MaxEnt Species Distribution Models,PLoS ONE,608,article,ML,"['ML', 'PPM']",ECOL,New Zealand,N,1,,https://consensus.app/papers/details/2ae74e12b3ce5be7b06fe38b10d6a3a2/,False
S13,"Freeman M, et al",2022,Dealing with non-equilibrium bias and survey effort in presence-only invasive Species Distribution Models (iSDM),Ecological Informatics,21,article,ML,"['ML', 'PPM']",ECOL,United Kingdom,N,1,,https://consensus.app/papers/details/c9559dfd8ac55f2b845af8fd3a9fffac/,False
S13,"Yackulic CB, et al",2013,Presence-only modelling using MAXENT: when can we trust the inferences?,Methods in Ecology and Evolution,760,review,ML,"['ML', 'PPM']",ECOL,Not applicable,N,1,,https://consensus.app/papers/details/b7641aedbf0853a7bf908b72d6b9276c/,False
S13,"Phillips SJ, Anderson RP, Schapire RE",2006,Maximum entropy modeling of species geographic distributions,Ecological Modelling,17145,article,ML,"['ML', 'PPM']",ECOL,Multiple,N,1,,https://consensus.app/papers/details/62bb774fbc4454118f74f0bc42b9f738/,False
S13,"Merow C, et al",2016,Improving niche and range estimates with Maxent and point process models by integrating spatially explicit information,Global Ecology and Biogeography,77,article,PPM,"['PPM', 'ML']",ECOL,Not applicable,N,1,,https://consensus.app/papers/details/3e4fed48af335d3f8e6edc2f29a32868/,False
S13,"Ryckewaert M, et al",2024,Applying the maximum entropy principle to neural networks enhances multi-species distribution models,Methods in Ecology and Evolution,0,article,ML,"['ML', 'PPM']",ECOL,Multiple,N,1,,https://consensus.app/papers/details/3913263f663d5c8ebca7988791dd3f60/,False
S13,"Chauvier Y, et al",2021,Novel methods to correct for observer and sampling bias in presence-only species distribution models,Global Ecology and Biogeography,50,article,PPM,"['PPM', 'ML']",ECOL,Switzerland,N,1,,https://consensus.app/papers/details/eb78bec137325c9391b3498fcc53a871/,False
S13,"Mugumaarhahama Y, et al",2021,Inhomogeneous Poisson point process for species distribution modelling: relative performance of methods accounting for sampling bias and imperfect detection,Modeling Earth Systems and Environment,3,article,PPM,['PPM'],ECOL,Not applicable,N,1,,https://consensus.app/papers/details/c4e920dcd87859b5ae965d82352c2e0c/,False
S13,"Komori O, et al",2020,Sampling bias correction in species distribution models by quasi-linear Poisson point process,Ecological Informatics,28,article,PPM,['PPM'],ECOL,Japan,N,1,,https://consensus.app/papers/details/1701782aa6f558828b904cadc0fb3140/,False
S14,Sengupta A,2026,Disease hot spot mapping for healthcare access inequity in rural West Bengal (India),International Journal for Multidisciplinary Research,0,article,KDE,"['KDE', 'LISA']",HEALTH,India,N,1,,https://consensus.app/papers/details/683521c1352656dab6646cdb2d7b362c/,False
S14,"Babagana-Kyari M, et al",2025,"Mapping the Spatial Prevalence of Disease Using a Community-Centric Approach with Hexagonal Grid Tessellation: A Case of CKDu Incidences in Northern Yobe State, Nigeria",GET Journal of Biosecurity and One Health,0,article,KDE,"['KDE', 'LISA']",HEALTH,Nigeria,N,1,,https://consensus.app/papers/details/c2643ad6198c57f99ac7a5abe190d5b0/,False
S14,"Murad A, Khashoggi BF",2020,"Using GIS for Disease Mapping and Clustering in Jeddah, Saudi Arabia",ISPRS International Journal of Geo-Information,61,article,KDE,"['KDE', 'LISA']",HEALTH,Saudi Arabia,N,1,,https://consensus.app/papers/details/bc7388c084375d0a96cc60a2900c9d37/,False
S14,"Bihin J, et al",2022,Spatial accessibility to health facilities in Sub-Saharan Africa: comparing existing models with survey-based perceived accessibility,International Journal of Health Geographics,17,article,KDE,['KDE'],HEALTH,Multiple,N,1,,https://consensus.app/papers/details/06f9551f4bd057448b6c7572e7c018c2/,False
S14,"Maina J, et al",2019,A spatial database of health facilities managed by the public health sector in sub Saharan Africa,Scientific Data,167,article,OTHER,['OTHER'],HEALTH,Multiple,N,0,Data descriptor; no point pattern analysis performed,https://consensus.app/papers/details/70fffbd0c02e598981d9c269eff136d9/,False
S14,"Mfundisi KB, et al",2019,Application of spatial analysis tools to assess the dynamics in utilization of public health facilities in northern Botswana,Conference proceedings,0,article,KDE,['KDE'],HEALTH,Botswana,N,1,,https://consensus.app/papers/details/270d51d309665893ac479ea06c51161f/,False
S14,"Alemu S, et al",2022,How applicable is geospatial analysis in maternal and neonatal health in sub-Saharan Africa? A systematic review,Journal of Global Health,13,review,OTHER,['OTHER'],HEALTH,Multiple,N,0,Review of predominantly areal/DHS-cluster analyses; not point pattern methods,https://consensus.app/papers/details/c7b93a67d64c5e618b32ced6f580afda/,False
S14,"Yitageasu G, et al",2025,Malaria prevalence and its determinants across 19 sub-Saharan African countries: a spatial and geographically weighted regression analysis,Malaria Journal,12,article,SCAN,"['SCAN', 'LISA']",HEALTH,Multiple,N,1,,https://consensus.app/papers/details/97d473b863c558baa3e483b011031988/,False
S14,"Cuadros DF, et al",2018,Capturing the spatial variability of HIV epidemics in South Africa and Tanzania using routine healthcare facility data,International Journal of Health Geographics,24,article,KDE,"['KDE', 'LISA']",HEALTH,Multiple,N,1,,https://consensus.app/papers/details/4fcade3bad1955dc8196a3365e354927/,False
S14,"Gachohi J, et al",2022,Anthrax hotspot mapping in Kenya support establishing a sustainable two-phase elimination program targeting less than 6% of the country landmass,Scientific Reports,6,article,KDE,"['KDE', 'LISA', 'ML']",HEALTH,Kenya,N,1,,https://consensus.app/papers/details/07fee521a9cf522da1c90c335bfbdadf/,False
S14,Wairimu KH,2024,Mapping Malaria: Utilizing Geographic Information Systems (GIS) for Spatial Analysis of Transmission Hotspots in West and East Africa,Research Invention Journal of Biological and Applied Sciences,2,review,OTHER,['OTHER'],HEALTH,Multiple,N,0,Narrative review without method detail; no point pattern statistic reported,https://consensus.app/papers/details/9c6c9203b83e555ebf1b223247844a96/,False
S14,"Manda S, et al",2020,A Scoping Review of Spatial Analysis Approaches Using Health Survey Data in Sub-Saharan Africa,International Journal of Environmental Research and Public Health,28,review,OTHER,['OTHER'],HEALTH,Multiple,N,0,"Predominantly areal/lattice spatial analyses, not point pattern methods",https://consensus.app/papers/details/4aa3f86d2db9546d9f4a5edc8fb957ba/,False
S14,"Yourkavitch J, et al",2018,Using geographical analysis to identify child health inequality in sub-Saharan Africa,PLoS ONE,42,article,LISA,['LISA'],HEALTH,Multiple,N,0,"Subnational areal units (Moran's I/LISA), not point locations",https://consensus.app/papers/details/ed436a29396e5d2c90ce963f9fc4008e/,False
S14,"Yang Z, et al",2022,Spatiotemporal Analysis of Gastrointestinal Tumor (GI) with Kernel Density Estimation (KDE) Based on Heterogeneous Background,International Journal of Environmental Research and Public Health,7,article,KDE,"['KDE', 'STPP']",HEALTH,China,Y,1,,https://consensus.app/papers/details/f9a3024d8f7952ad9e961f5c17de71c3/,False
S14,"Florio P, et al",2023,Estimating geographic access to healthcare facilities in Sub-Saharan Africa by Degree of Urbanisation,Applied Geography,42,article,OTHER,['OTHER'],HEALTH,Multiple,N,0,Travel-time accessibility modelling; no point pattern statistic,https://consensus.app/papers/details/f8eca7abc28356b090aea514e43d4501/,False
S14,"Tewara MA, et al",2018,Small-area spatial statistical analysis of malaria clusters and hotspots in Cameroon; 2000-2015,BMC Infectious Diseases,44,article,LISA,"['LISA', 'KDE']",HEALTH,Cameroon,Y,1,,https://consensus.app/papers/details/35e091e5f18c5299ada6dd96e3b627db/,False
S14,"Juran S, et al",2018,Geospatial mapping of access to timely essential surgery in sub-Saharan Africa,BMJ Global Health,114,article,OTHER,['OTHER'],HEALTH,Multiple,N,0,Travel-time accessibility modelling; no point pattern statistic,https://consensus.app/papers/details/b67897dc5f665f6b9782829ecc3b3af5/,False
S14,"Afolayan A, et al",2022,GIS-Based Spatial Analysis of Accident Hotspots: A Nigerian Case Study,Infrastructures,30,article,KDE,"['KDE', 'LISA', 'NET']",TRAFFIC,Nigeria,Y,1,,https://consensus.app/papers/details/6c32eddac4185773b3c1b50732e1070c/,False
S14,"Demoze L, et al",2025,Determinants and geographic distribution of unimproved sanitation facilities in sub-Saharan Africa,BMC Public Health,8,article,SCAN,"['SCAN', 'LISA']",HEALTH,Multiple,N,1,,https://consensus.app/papers/details/5d655f8563075185b64d4526db92a999/,False
S14,"Johnson M, et al",2025,A scoping review of the methods used to estimate health facility catchment populations for child health indicators in sub-Saharan Africa,Population Health Metrics,4,review,OTHER,['OTHER'],HEALTH,Multiple,N,0,Catchment-population estimation review; no point pattern statistic,https://consensus.app/papers/details/fce54331652f5ce2a1cf53badbbf8cd6/,False
